Time,Open,High,Low,Close,Volume
2025-08-13T06:00:00+0000,0.0070665,0.0070665,0.007066,0.007066,2
2025-08-13T08:00:00+0000,0.007076,0.007076,0.007076,0.007076,2
2025-08-28T16:00:00+0000,0.0070935,0.0070935,0.007086,0.007086,10
2025-08-29T14:00:00+0000,0.007085,0.007085,0.007085,0.007085,1
2025-09-01T10:00:00+0000,0.007076,0.007076,0.007076,0.007076,4
2025-09-02T13:00:00+0000,0.007015,0.007015,0.007015,0.007015,1
2025-09-02T14:00:00+0000,0.007031,0.007031,0.007031,0.007031,1
2025-09-03T00:00:00+0000,0.007013,0.007013,0.007006,0.007006,2
2025-09-03T09:00:00+0000,0.007007,0.007007,0.007007,0.007007,1
2025-09-04T14:00:00+0000,0.007,0.007,0.007,0.007,1
2025-09-05T12:00:00+0000,0.0070295,0.0070295,0.007022,0.007022,2
2025-09-07T23:00:00+0000,0.0070055,0.0070055,0.0070055,0.0070055,1
2025-09-08T00:00:00+0000,0.0070085,0.0070085,0.0070085,0.0070085,1
2025-09-10T12:00:00+0000,0.007047,0.007047,0.0070465,0.0070465,2
2025-09-11T01:00:00+0000,0.0070505,0.0070505,0.0070505,0.0070505,1
2025-09-11T17:00:00+0000,0.0070595,0.00706,0.0070595,0.00706,20
2025-09-11T18:00:00+0000,0.007047,0.007047,0.007047,0.007047,10
2025-09-12T08:00:00+0000,0.00704,0.00704,0.00704,0.00704,3
2025-09-12T20:00:00+0000,0.0070275,0.0070275,0.007027,0.007027,5
2025-09-17T13:00:00+0000,0.0070925,0.0070925,0.0070925,0.0070925,5
2025-09-19T12:00:00+0000,0.007,0.007,0.007,0.007,6
2025-09-23T10:00:00+0000,0.0070225,0.0070225,0.0070225,0.0070225,1
2025-09-24T06:00:00+0000,0.0070065,0.0070065,0.0070065,0.0070065,2
2025-09-25T13:00:00+0000,0.0069525,0.0069525,0.0069525,0.0069525,6
2025-10-06T01:00:00+0000,0.0069185,0.0069185,0.0069185,0.0069185,1
2025-10-06T12:00:00+0000,0.0069095,0.0069125,0.0069095,0.0069125,3
2025-10-06T13:00:00+0000,0.0069085,0.0069085,0.0069085,0.0069085,2
2025-10-06T16:00:00+0000,0.006908,0.006908,0.006908,0.006908,1
2025-10-09T02:00:00+0000,0.00679,0.00679,0.006789,0.006789,24
2025-10-20T10:00:00+0000,0.006856,0.006856,0.0068525,0.0068525,2
2025-10-28T12:00:00+0000,0.0067915,0.0067915,0.006791,0.006791,12
2025-10-28T15:00:00+0000,0.0068,0.0068005,0.0068,0.0068005,12
2025-10-29T05:00:00+0000,0.006783,0.006783,0.006783,0.006783,1
2025-10-29T14:00:00+0000,0.0067945,0.0067945,0.0067945,0.0067945,12
2025-10-31T06:00:00+0000,0.0067115,0.0067115,0.0067115,0.0067115,1
2025-10-31T15:00:00+0000,0.0067175,0.0067175,0.0067175,0.0067175,1
2025-11-05T01:00:00+0000,0.006749,0.006749,0.006749,0.006749,12
2025-11-10T21:00:00+0000,0.006708,0.006708,0.006708,0.006708,1
2025-11-11T01:00:00+0000,0.006697,0.006697,0.006694,0.006694,6
2025-11-12T16:00:00+0000,0.006679,0.006679,0.006679,0.006679,1
2025-11-18T02:00:00+0000,0.0066545,0.0066545,0.0066545,0.0066545,2
2025-11-19T11:00:00+0000,0.0066095,0.0066095,0.0066095,0.0066095,4
2025-11-19T23:00:00+0000,0.0065715,0.0065715,0.0065715,0.0065715,2
2025-11-20T11:00:00+0000,0.00656,0.00656,0.00656,0.00656,1
2025-11-25T00:00:00+0000,0.006574,0.006574,0.006574,0.006574,1
2025-11-25T01:00:00+0000,0.0065855,0.0065855,0.0065835,0.0065835,2
2025-11-25T04:00:00+0000,0.006581,0.006581,0.006581,0.006581,1
2025-11-27T06:00:00+0000,0.0066065,0.0066065,0.0066065,0.0066065,4
2025-12-02T00:00:00+0000,0.006627,0.006627,0.006623,0.006623,5
2025-12-02T01:00:00+0000,0.00662,0.00662,0.00662,0.00662,1
2025-12-02T04:00:00+0000,0.0066245,0.0066245,0.0066245,0.0066245,6
2025-12-02T07:00:00+0000,0.0066175,0.0066175,0.0066165,0.0066165,4
2025-12-02T08:00:00+0000,0.006614,0.006614,0.006612,0.006612,2
2025-12-02T17:00:00+0000,0.006606,0.006606,0.006606,0.006606,1
2025-12-03T12:00:00+0000,0.0066335,0.0066335,0.0066335,0.0066335,1
2025-12-04T09:00:00+0000,0.006648,0.006648,0.006648,0.006648,12
2025-12-05T15:00:00+0000,0.00664,0.00664,0.00664,0.00664,3
2025-12-05T18:00:00+0000,0.006637,0.006637,0.006637,0.006637,10
2025-12-07T23:00:00+0000,0.00663,0.00663,0.00663,0.00663,6
2025-12-09T08:00:00+0000,0.006591,0.006591,0.006591,0.006591,2
2025-12-09T15:00:00+0000,0.0065765,0.0065765,0.0065765,0.0065765,2
2025-12-10T00:00:00+0000,0.0065675,0.0065675,0.0065675,0.0065675,1
2025-12-10T06:00:00+0000,0.006573,0.006573,0.006573,0.006573,2
2025-12-10T14:00:00+0000,0.006582,0.006582,0.006582,0.006582,1
2025-12-10T21:00:00+0000,0.0066015,0.0066015,0.0066015,0.0066015,2
2025-12-12T04:00:00+0000,0.006611,0.006611,0.006611,0.006611,1
2025-12-12T08:00:00+0000,0.006608,0.006608,0.006608,0.006608,2
2025-12-12T13:00:00+0000,0.0065985,0.006599,0.0065985,0.0065985,30
2025-12-15T00:00:00+0000,0.006601,0.006601,0.006601,0.006601,1
2025-12-15T06:00:00+0000,0.006636,0.006636,0.006636,0.006636,1
2025-12-17T06:00:00+0000,0.0066235,0.0066235,0.0066235,0.0066235,3
2025-12-18T07:00:00+0000,0.006596,0.006596,0.006596,0.006596,1
2025-12-22T01:00:00+0000,0.006531,0.006531,0.006529,0.006529,7
2025-12-22T04:00:00+0000,0.0065335,0.0065335,0.0065335,0.0065335,1
2025-12-22T13:00:00+0000,0.00654,0.006541,0.0065395,0.0065395,63
2025-12-22T23:00:00+0000,0.0065495,0.0065535,0.0065495,0.0065535,4
2025-12-23T01:00:00+0000,0.0065645,0.006572,0.0065645,0.006572,4
2025-12-23T13:00:00+0000,0.0065925,0.0065925,0.006581,0.0065855,5
2025-12-23T14:00:00+0000,0.0065725,0.006575,0.0065725,0.006575,2
2025-12-23T18:00:00+0000,0.0065835,0.0065835,0.006583,0.006583,2
2025-12-24T02:00:00+0000,0.0066065,0.0066065,0.0066065,0.0066065,1
2025-12-26T00:00:00+0000,0.0065805,0.0065805,0.006571,0.0065715,3
2025-12-26T01:00:00+0000,0.0065725,0.006573,0.0065725,0.006573,2
2025-12-26T06:00:00+0000,0.0065855,0.0065855,0.0065855,0.0065855,1
2025-12-26T10:00:00+0000,0.006574,0.006574,0.006574,0.006574,5
2025-12-26T13:00:00+0000,0.00658,0.00658,0.00658,0.00658,5
2025-12-26T14:00:00+0000,0.006575,0.006575,0.006575,0.006575,5
2025-12-26T15:00:00+0000,0.0065745,0.0065745,0.0065745,0.0065745,5
2025-12-26T18:00:00+0000,0.0065635,0.0065635,0.0065635,0.0065635,7
2025-12-29T02:00:00+0000,0.0065615,0.0065625,0.0065605,0.0065625,10
2025-12-29T04:00:00+0000,0.006563,0.006563,0.0065625,0.0065625,5
2025-12-29T08:00:00+0000,0.006571,0.006571,0.006571,0.006571,10
2025-12-29T11:00:00+0000,0.006568,0.006568,0.006568,0.006568,10
2025-12-29T14:00:00+0000,0.0065735,0.0065735,0.0065715,0.0065735,30
2025-12-29T15:00:00+0000,0.006572,0.006573,0.006572,0.006573,10
2025-12-30T00:00:00+0000,0.006576,0.006576,0.006576,0.006576,24
2025-12-30T01:00:00+0000,0.0065695,0.006572,0.0065695,0.006572,45
2025-12-30T10:00:00+0000,0.0065875,0.0065875,0.0065875,0.0065875,5
2025-12-30T14:00:00+0000,0.006569,0.006569,0.006568,0.006568,2
2025-12-31T06:00:00+0000,0.006555,0.006555,0.006555,0.006555,1
2026-01-02T00:00:00+0000,0.00655,0.00655,0.00655,0.00655,1
2026-01-02T01:00:00+0000,0.006553,0.006553,0.006553,0.006553,1
2026-01-05T00:00:00+0000,0.00653,0.00653,0.00653,0.00653,1
2026-01-05T04:00:00+0000,0.0065255,0.0065255,0.0065255,0.0065255,2
2026-01-05T06:00:00+0000,0.006528,0.006528,0.006528,0.006528,2
2026-01-05T10:00:00+0000,0.0065455,0.0065515,0.0065455,0.0065515,3
2026-01-05T13:00:00+0000,0.006547,0.006547,0.00654,0.00654,3
2026-01-05T14:00:00+0000,0.0065475,0.0065475,0.006547,0.006547,6
2026-01-05T15:00:00+0000,0.0065495,0.0065495,0.0065495,0.0065495,3
2026-01-05T18:00:00+0000,0.006564,0.006567,0.006564,0.006567,2
2026-01-06T07:00:00+0000,0.0065635,0.0065635,0.0065635,0.0065635,1
2026-01-06T17:00:00+0000,0.0065495,0.0065505,0.0065495,0.0065505,10
2026-01-07T02:00:00+0000,0.0065475,0.0065475,0.0065475,0.0065475,5
2026-01-08T13:00:00+0000,0.006539,0.006539,0.006539,0.006539,6
2026-01-08T17:00:00+0000,0.0065395,0.006544,0.0065395,0.0065435,86
2026-01-08T20:00:00+0000,0.0065385,0.0065385,0.0065385,0.0065385,5
2026-01-09T06:00:00+0000,0.00652,0.00652,0.0065185,0.00652,6
2026-01-09T07:00:00+0000,0.006518,0.006518,0.006512,0.006512,10
2026-01-09T14:00:00+0000,0.0065115,0.0065115,0.0065115,0.0065115,5
2026-01-09T15:00:00+0000,0.0064915,0.0064915,0.0064915,0.0064915,5
2026-01-09T16:00:00+0000,0.0064965,0.0064965,0.0064965,0.0064965,5
2026-01-12T00:00:00+0000,0.0065045,0.0065045,0.0065045,0.0065045,5
2026-01-12T02:00:00+0000,0.006499,0.006499,0.006499,0.006499,5
2026-01-12T07:00:00+0000,0.006499,0.0064995,0.006499,0.0064995,2
2026-01-12T15:00:00+0000,0.0065025,0.0065025,0.0065,0.0065,16
2026-01-12T18:00:00+0000,0.0064925,0.0064925,0.0064925,0.0064925,5
2026-01-13T00:00:00+0000,0.006495,0.006495,0.0064905,0.0064905,30
2026-01-13T01:00:00+0000,0.006483,0.006483,0.006482,0.006482,5
2026-01-13T02:00:00+0000,0.006476,0.006476,0.006476,0.006476,5
2026-01-13T04:00:00+0000,0.006466,0.006466,0.006462,0.006462,7
2026-01-13T06:00:00+0000,0.0064605,0.0064605,0.0064605,0.0064605,1
2026-01-13T08:00:00+0000,0.006458,0.006458,0.0064555,0.0064555,20
2026-01-13T10:00:00+0000,0.006459,0.00646,0.006459,0.0064595,97
2026-01-13T15:00:00+0000,0.0064535,0.0064535,0.0064535,0.0064535,5
2026-01-13T16:00:00+0000,0.00645,0.00645,0.00645,0.00645,8
2026-01-13T20:00:00+0000,0.0064485,0.0064485,0.0064485,0.0064485,5
2026-01-14T00:00:00+0000,0.006448,0.006448,0.0064465,0.0064465,10
2026-01-14T01:00:00+0000,0.00644,0.00644,0.00644,0.00644,5
2026-01-14T02:00:00+0000,0.0064405,0.0064425,0.0064405,0.0064425,15
2026-01-14T03:00:00+0000,0.0064465,0.0064485,0.0064465,0.0064475,15
2026-01-14T04:00:00+0000,0.006444,0.0064445,0.0064435,0.0064445,20
2026-01-14T05:00:00+0000,0.0064415,0.0064415,0.00644,0.00644,15
2026-01-14T06:00:00+0000,0.00644,0.0064425,0.00644,0.0064425,6
2026-01-14T08:00:00+0000,0.0064495,0.0064525,0.0064465,0.0064525,32
2026-01-14T09:00:00+0000,0.006455,0.0064595,0.006455,0.0064595,10
2026-01-14T10:00:00+0000,0.0064645,0.0064645,0.0064645,0.0064645,10
2026-01-14T12:00:00+0000,0.0064695,0.0064825,0.0064695,0.0064695,11
2026-01-14T13:00:00+0000,0.00647,0.00647,0.00647,0.00647,1
2026-01-14T14:00:00+0000,0.0064715,0.0064715,0.0064715,0.0064715,5
2026-01-14T15:00:00+0000,0.00648,0.006487,0.00648,0.006487,16
2026-01-14T19:00:00+0000,0.0064745,0.0064745,0.0064745,0.0064745,1
2026-01-15T00:00:00+0000,0.006473,0.006473,0.006473,0.006473,6
2026-01-15T01:00:00+0000,0.006473,0.006473,0.0064725,0.0064725,6
2026-01-15T03:00:00+0000,0.0064655,0.0064655,0.006465,0.006465,7
2026-01-15T11:00:00+0000,0.0064715,0.0064715,0.0064695,0.0064695,58
2026-01-15T13:00:00+0000,0.006466,0.006466,0.006457,0.006457,47
2026-01-15T14:00:00+0000,0.006461,0.006461,0.006461,0.006461,5
2026-01-15T16:00:00+0000,0.0064715,0.0064715,0.0064715,0.0064715,1
2026-01-15T23:00:00+0000,0.006464,0.006464,0.006464,0.006464,3
2026-01-16T01:00:00+0000,0.00647,0.00647,0.00647,0.00647,1
2026-01-16T02:00:00+0000,0.0064795,0.0064795,0.0064795,0.0064795,10
2026-01-16T12:00:00+0000,0.006485,0.006485,0.006485,0.006485,9
2026-01-16T13:00:00+0000,0.0064875,0.006494,0.0064875,0.006492,187
2026-01-16T14:00:00+0000,0.006489,0.00649,0.0064865,0.00649,131
2026-01-18T23:00:00+0000,0.0064995,0.0065095,0.0064995,0.006508,23
2026-01-19T00:00:00+0000,0.006509,0.006509,0.006503,0.0065065,28
2026-01-19T01:00:00+0000,0.0065085,0.0065085,0.0065085,0.0065085,2
2026-01-19T04:00:00+0000,0.006498,0.006498,0.006498,0.006498,6
2026-01-19T07:00:00+0000,0.0065,0.0065,0.0065,0.0065,3
2026-01-20T05:00:00+0000,0.0064885,0.0064885,0.006487,0.006487,16
2026-01-20T06:00:00+0000,0.006486,0.006486,0.0064735,0.0064735,3
2026-01-20T08:00:00+0000,0.006491,0.006491,0.006491,0.006491,3
2026-01-20T09:00:00+0000,0.0065065,0.0065065,0.0065065,0.0065065,2
2026-01-20T10:00:00+0000,0.0064955,0.0064955,0.006494,0.006495,7
2026-01-20T11:00:00+0000,0.0065035,0.0065035,0.0065035,0.0065035,2
2026-01-20T13:00:00+0000,0.0065095,0.0065095,0.0065095,0.0065095,10
2026-01-20T14:00:00+0000,0.0064905,0.0064905,0.0064895,0.0064895,11
2026-01-20T15:00:00+0000,0.0064935,0.0064935,0.0064935,0.0064935,2
2026-01-20T18:00:00+0000,0.006491,0.0064915,0.006491,0.0064915,5
2026-01-20T19:00:00+0000,0.0064835,0.0064835,0.0064835,0.0064835,5
2026-01-21T00:00:00+0000,0.0064815,0.0064815,0.0064815,0.0064815,6
2026-01-21T01:00:00+0000,0.0064895,0.006492,0.0064895,0.006492,20
2026-01-21T03:00:00+0000,0.0064835,0.0064835,0.0064835,0.0064835,31
2026-01-21T04:00:00+0000,0.006485,0.006485,0.006485,0.006485,12
2026-01-21T06:00:00+0000,0.00648,0.006483,0.00648,0.006483,18
2026-01-21T08:00:00+0000,0.0064895,0.0064935,0.0064895,0.0064905,45
2026-01-21T10:00:00+0000,0.0064845,0.0064845,0.0064845,0.0064845,2
2026-01-21T11:00:00+0000,0.0064875,0.006491,0.0064875,0.006491,26
2026-01-21T12:00:00+0000,0.0064925,0.006497,0.006492,0.006497,141
2026-01-21T13:00:00+0000,0.0064955,0.0064955,0.00649,0.0064935,47
2026-01-21T14:00:00+0000,0.0064885,0.0064895,0.0064835,0.0064855,46
2026-01-21T15:00:00+0000,0.0064835,0.0064855,0.0064755,0.006481,180
2026-01-21T16:00:00+0000,0.0064805,0.006481,0.006478,0.0064805,46
2026-01-21T17:00:00+0000,0.006484,0.006484,0.006481,0.0064815,80
2026-01-21T19:00:00+0000,0.006482,0.006482,0.006467,0.006467,73
2026-01-21T20:00:00+0000,0.006469,0.006472,0.006469,0.006472,33
2026-01-21T21:00:00+0000,0.006475,0.006475,0.006475,0.006475,1
2026-01-21T23:00:00+0000,0.006468,0.006468,0.0064675,0.0064675,6
2026-01-22T01:00:00+0000,0.006477,0.006477,0.006477,0.006477,1
2026-01-22T03:00:00+0000,0.0064685,0.0064705,0.0064645,0.0064665,11
2026-01-22T04:00:00+0000,0.006463,0.006463,0.0064625,0.0064625,2
2026-01-22T05:00:00+0000,0.006462,0.006462,0.0064585,0.0064585,6
2026-01-22T06:00:00+0000,0.006459,0.006459,0.006455,0.0064575,8
2026-01-22T07:00:00+0000,0.006453,0.006455,0.006453,0.006455,7
2026-01-22T08:00:00+0000,0.006457,0.006457,0.006457,0.006457,5
2026-01-22T11:00:00+0000,0.0064605,0.0064605,0.0064605,0.0064605,1
2026-01-22T12:00:00+0000,0.0064625,0.0064625,0.0064555,0.0064555,2
2026-01-22T14:00:00+0000,0.006464,0.0064645,0.006462,0.006462,48
2026-01-22T15:00:00+0000,0.006462,0.0064695,0.0064605,0.0064695,57
2026-01-22T16:00:00+0000,0.006475,0.0064775,0.006473,0.006473,5
2026-01-22T17:00:00+0000,0.0064745,0.0064775,0.006473,0.0064775,15
2026-01-22T18:00:00+0000,0.006477,0.006477,0.0064755,0.0064755,3
2026-01-22T19:00:00+0000,0.0064735,0.0064735,0.006473,0.006473,10
2026-01-22T23:00:00+0000,0.006467,0.006468,0.006465,0.006465,91
2026-01-23T00:00:00+0000,0.006464,0.0064655,0.0064635,0.006465,67
2026-01-23T01:00:00+0000,0.0064595,0.0064595,0.006459,0.0064595,32
2026-01-23T02:00:00+0000,0.00646,0.0064605,0.0064585,0.0064585,39
2026-01-23T03:00:00+0000,0.006456,0.0064625,0.006456,0.0064605,18
2026-01-23T06:00:00+0000,0.006454,0.006454,0.006446,0.006446,3
2026-01-23T07:00:00+0000,0.006447,0.006447,0.006441,0.006441,5
2026-01-23T09:00:00+0000,0.0064825,0.0064855,0.0064825,0.0064845,124
2026-01-23T10:00:00+0000,0.006481,0.006484,0.0064765,0.0064765,19
2026-01-23T11:00:00+0000,0.006478,0.006479,0.0064755,0.006476,4
2026-01-23T12:00:00+0000,0.006482,0.006482,0.006482,0.006482,1
2026-01-23T14:00:00+0000,0.0064765,0.006477,0.006476,0.006476,25
2026-01-23T15:00:00+0000,0.0064765,0.0064765,0.0064765,0.0064765,2
2026-01-23T16:00:00+0000,0.006486,0.0065065,0.006486,0.0065065,9
2026-01-23T17:00:00+0000,0.006526,0.0065595,0.006526,0.006551,5
2026-01-25T23:00:00+0000,0.0066355,0.0066355,0.0066355,0.0066355,1
2026-01-26T01:00:00+0000,0.006614,0.006637,0.006614,0.006636,68
2026-01-26T02:00:00+0000,0.006639,0.006657,0.006639,0.006657,16
2026-01-26T03:00:00+0000,0.0066445,0.0066445,0.0066445,0.0066445,6
2026-01-26T06:00:00+0000,0.006642,0.006642,0.006642,0.006642,1
2026-01-26T09:00:00+0000,0.006656,0.00667,0.006656,0.00667,2
2026-01-26T12:00:00+0000,0.00666,0.00666,0.00666,0.00666,1
2026-01-26T13:00:00+0000,0.006645,0.006645,0.006645,0.006645,1
2026-01-26T14:00:00+0000,0.0066505,0.006663,0.0066505,0.006663,18
2026-01-26T15:00:00+0000,0.006665,0.0066695,0.006662,0.006662,13
2026-01-26T16:00:00+0000,0.0066625,0.0066625,0.0066625,0.0066625,1
2026-01-26T17:00:00+0000,0.0066555,0.0066555,0.006653,0.006653,4
2026-01-26T18:00:00+0000,0.0066555,0.0066555,0.0066555,0.0066555,5
2026-01-26T19:00:00+0000,0.0066425,0.006644,0.00664,0.006644,69
2026-01-26T23:00:00+0000,0.00664,0.00664,0.0066385,0.0066385,64
2026-01-27T01:00:00+0000,0.0066395,0.0066395,0.006637,0.0066375,35
2026-01-27T02:00:00+0000,0.006636,0.006636,0.006636,0.006636,2
2026-01-27T05:00:00+0000,0.0066345,0.0066345,0.0066345,0.0066345,1
2026-01-27T06:00:00+0000,0.006634,0.006634,0.006634,0.006634,2
2026-01-27T08:00:00+0000,0.00662,0.00662,0.00662,0.00662,5
2026-01-27T09:00:00+0000,0.0066365,0.006671,0.0066365,0.0066675,12
2026-01-27T10:00:00+0000,0.006666,0.0066665,0.0066645,0.006665,27
2026-01-27T12:00:00+0000,0.0066795,0.006682,0.006675,0.006682,6
2026-01-27T13:00:00+0000,0.0066895,0.006694,0.0066815,0.0066815,53
2026-01-27T14:00:00+0000,0.006685,0.0066975,0.006683,0.006684,161
2026-01-27T15:00:00+0000,0.006686,0.0066965,0.006681,0.0066845,188
2026-01-27T16:00:00+0000,0.0066885,0.0066955,0.006687,0.006695,82
2026-01-27T17:00:00+0000,0.006702,0.006702,0.006702,0.006702,1
2026-01-27T18:00:00+0000,0.0067085,0.0067085,0.0067085,0.0067085,10
2026-01-27T20:00:00+0000,0.006713,0.0067285,0.006706,0.0067285,40
2026-01-27T21:00:00+0000,0.0067315,0.0067315,0.0067315,0.0067315,1
2026-01-27T23:00:00+0000,0.006729,0.006729,0.006717,0.00672,34
2026-01-28T00:00:00+0000,0.006718,0.006718,0.006718,0.006718,6
2026-01-28T01:00:00+0000,0.0067065,0.0067065,0.006705,0.006705,33
2026-01-28T02:00:00+0000,0.006698,0.006703,0.0066935,0.006703,13
2026-01-28T03:00:00+0000,0.00671,0.006711,0.006707,0.0067085,61
2026-01-28T04:00:00+0000,0.0067085,0.006712,0.0067075,0.006712,25
2026-01-28T05:00:00+0000,0.0067155,0.0067155,0.0067155,0.0067155,1
2026-01-28T10:00:00+0000,0.006715,0.0067205,0.006715,0.0067205,10
2026-01-28T11:00:00+0000,0.0067085,0.0067085,0.006708,0.006708,44
2026-01-28T14:00:00+0000,0.0067085,0.0067085,0.0067055,0.0067055,35
2026-01-28T15:00:00+0000,0.006697,0.006697,0.006664,0.0066795,137
2026-01-28T16:00:00+0000,0.0066625,0.0066655,0.0066625,0.0066655,7
2026-01-28T17:00:00+0000,0.006662,0.006662,0.006662,0.006662,1
2026-01-28T18:00:00+0000,0.0066575,0.0066575,0.006654,0.006654,55
2026-01-28T19:00:00+0000,0.006653,0.0066715,0.006653,0.0066715,36
2026-01-28T23:00:00+0000,0.006694,0.006694,0.0066875,0.0066875,40
2026-01-29T00:00:00+0000,0.006694,0.0067005,0.006694,0.0067005,34
2026-01-29T01:00:00+0000,0.0066835,0.006689,0.0066775,0.0066835,178
2026-01-29T02:00:00+0000,0.006676,0.006693,0.006676,0.0066925,143
2026-01-29T03:00:00+0000,0.0066945,0.006697,0.0066945,0.0066965,6
2026-01-29T04:00:00+0000,0.006694,0.0066975,0.0066925,0.0066965,62
2026-01-29T05:00:00+0000,0.0066955,0.006696,0.0066945,0.0066945,22
2026-01-29T06:00:00+0000,0.0066935,0.0066985,0.0066935,0.0066975,13
2026-01-29T08:00:00+0000,0.006686,0.006686,0.0066765,0.0066805,127
2026-01-29T09:00:00+0000,0.00668,0.0066865,0.0066775,0.006678,290
2026-01-29T10:00:00+0000,0.0066815,0.0066825,0.006674,0.006674,27
2026-01-29T11:00:00+0000,0.0066765,0.0066765,0.006671,0.0066715,126
2026-01-29T12:00:00+0000,0.0066785,0.0066825,0.0066755,0.00668,44
2026-01-29T13:00:00+0000,0.00668,0.006686,0.0066755,0.006678,71
2026-01-29T14:00:00+0000,0.0066805,0.0066935,0.0066765,0.0066915,155
2026-01-29T15:00:00+0000,0.006689,0.006689,0.006671,0.00668,151
2026-01-29T16:00:00+0000,0.006702,0.006702,0.0066935,0.0066935,67
2026-01-29T17:00:00+0000,0.0067005,0.0067015,0.006695,0.0066965,302
2026-01-29T18:00:00+0000,0.0066985,0.0066985,0.0066925,0.0066965,13
2026-01-29T23:00:00+0000,0.0066865,0.006687,0.006686,0.006687,36
2026-01-30T00:00:00+0000,0.0066875,0.0066875,0.006687,0.006687,33
2026-01-30T01:00:00+0000,0.0066635,0.0066705,0.0066615,0.0066685,66
2026-01-30T02:00:00+0000,0.006656,0.006658,0.0066515,0.0066535,52
2026-01-30T03:00:00+0000,0.006656,0.006656,0.006651,0.0066515,45
2026-01-30T04:00:00+0000,0.006651,0.006654,0.006651,0.0066535,71
2026-01-30T05:00:00+0000,0.0066535,0.0066585,0.006645,0.006645,64
2026-01-30T06:00:00+0000,0.006659,0.006659,0.006659,0.006659,5
2026-01-30T07:00:00+0000,0.006649,0.006656,0.006649,0.006656,9
2026-01-30T08:00:00+0000,0.006661,0.006661,0.006653,0.006653,86
2026-01-30T09:00:00+0000,0.0066475,0.0066475,0.006646,0.006646,2
2026-01-30T10:00:00+0000,0.0066425,0.0066425,0.00664,0.00664,147
2026-01-30T12:00:00+0000,0.006653,0.006653,0.0066455,0.0066455,39
2026-01-30T13:00:00+0000,0.0066385,0.0066385,0.006637,0.006637,4
2026-01-30T15:00:00+0000,0.0066275,0.0066275,0.0066275,0.0066275,2
2026-01-30T16:00:00+0000,0.006638,0.006638,0.006633,0.006633,14
2026-01-30T17:00:00+0000,0.006629,0.006629,0.0066285,0.006629,42
2026-01-30T18:00:00+0000,0.006629,0.0066295,0.006622,0.006622,113
2026-01-30T19:00:00+0000,0.0066285,0.0066285,0.006625,0.006625,36
2026-02-01T23:00:00+0000,0.0066025,0.0066025,0.0065965,0.006597,57
2026-02-02T00:00:00+0000,0.0065985,0.0066095,0.0065955,0.0065955,54
2026-02-02T01:00:00+0000,0.00659,0.006599,0.00659,0.0065985,19
2026-02-02T02:00:00+0000,0.006604,0.006611,0.006603,0.006606,74
2026-02-02T03:00:00+0000,0.006601,0.0066075,0.006601,0.006606,8
2026-02-02T04:00:00+0000,0.0066105,0.0066105,0.0066065,0.0066065,2
2026-02-02T05:00:00+0000,0.006615,0.006615,0.006608,0.006608,2
2026-02-02T06:00:00+0000,0.006614,0.0066205,0.006614,0.00662,18
2026-02-02T07:00:00+0000,0.006611,0.0066145,0.0066095,0.0066115,26
2026-02-02T08:00:00+0000,0.0066155,0.0066165,0.006603,0.006605,395
2026-02-02T09:00:00+0000,0.0066075,0.0066155,0.0066055,0.0066155,476
2026-02-02T10:00:00+0000,0.0066135,0.0066175,0.0066095,0.006611,132
2026-02-02T12:00:00+0000,0.0066065,0.0066065,0.0066065,0.0066065,20
2026-02-02T13:00:00+0000,0.0066045,0.0066045,0.0066045,0.0066045,6
2026-02-02T14:00:00+0000,0.006593,0.006593,0.0065875,0.0065885,12
2026-02-02T15:00:00+0000,0.006582,0.0065835,0.0065765,0.0065775,20
2026-02-02T17:00:00+0000,0.0065845,0.0065845,0.006583,0.006583,4
2026-02-03T00:00:00+0000,0.006584,0.006584,0.006584,0.006584,3
2026-02-03T02:00:00+0000,0.006586,0.006589,0.006582,0.006582,113
2026-02-03T03:00:00+0000,0.006582,0.006583,0.006582,0.006583,12
2026-02-03T05:00:00+0000,0.0065875,0.0065875,0.0065875,0.0065875,5
2026-02-03T06:00:00+0000,0.006588,0.006588,0.006588,0.006588,2
2026-02-03T08:00:00+0000,0.0065865,0.006587,0.0065835,0.006584,34
2026-02-03T09:00:00+0000,0.0065815,0.0065815,0.0065675,0.0065675,12
2026-02-03T10:00:00+0000,0.0065695,0.00657,0.006565,0.006565,206
2026-02-03T11:00:00+0000,0.006563,0.006566,0.0065625,0.006566,23
2026-02-03T12:00:00+0000,0.006565,0.006565,0.0065645,0.0065645,30
2026-02-03T13:00:00+0000,0.0065665,0.006569,0.0065665,0.006568,97
2026-02-03T14:00:00+0000,0.0065635,0.006571,0.0065595,0.0065695,168
2026-02-03T15:00:00+0000,0.006567,0.0065745,0.0065645,0.0065725,43
2026-02-03T16:00:00+0000,0.0065725,0.006577,0.0065715,0.006575,30
2026-02-03T17:00:00+0000,0.0065735,0.006582,0.0065735,0.0065755,82
2026-02-03T19:00:00+0000,0.0065715,0.006572,0.0065715,0.006572,33
2026-02-04T05:00:00+0000,0.0065465,0.0065465,0.0065465,0.0065465,4
2026-02-04T07:00:00+0000,0.006544,0.006544,0.006544,0.006544,5
2026-02-04T08:00:00+0000,0.006546,0.006546,0.006542,0.006542,97
2026-02-04T11:00:00+0000,0.006529,0.006529,0.006529,0.006529,2
2026-02-04T12:00:00+0000,0.006535,0.006535,0.006535,0.006535,2
2026-02-04T13:00:00+0000,0.0065405,0.0065405,0.0065365,0.0065405,35
2026-02-04T14:00:00+0000,0.006543,0.006543,0.006543,0.006543,4
2026-02-04T15:00:00+0000,0.0065455,0.006546,0.0065325,0.006533,8
2026-02-04T16:00:00+0000,0.0065355,0.0065365,0.006534,0.006534,36
2026-02-04T17:00:00+0000,0.0065365,0.0065365,0.0065365,0.0065365,5
2026-02-04T18:00:00+0000,0.0065335,0.0065335,0.0065335,0.0065335,1
2026-02-04T23:00:00+0000,0.00652,0.00652,0.0065195,0.0065195,31
2026-02-05T02:00:00+0000,0.006525,0.0065255,0.006525,0.0065255,5
2026-02-05T03:00:00+0000,0.006528,0.0065295,0.006528,0.0065295,4
2026-02-05T04:00:00+0000,0.0065255,0.006526,0.0065235,0.0065235,34
2026-02-05T08:00:00+0000,0.006516,0.006516,0.006516,0.006516,2
2026-02-05T09:00:00+0000,0.0065055,0.006506,0.0065055,0.006506,42
2026-02-05T10:00:00+0000,0.006505,0.006505,0.006505,0.006505,20
2026-02-05T12:00:00+0000,0.006516,0.006516,0.0065145,0.0065145,14
2026-02-05T15:00:00+0000,0.00653,0.00653,0.00653,0.00653,1
2026-02-05T20:00:00+0000,0.006513,0.006513,0.006513,0.006513,100
2026-02-05T23:00:00+0000,0.0065155,0.0065155,0.0065155,0.0065155,2
2026-02-06T00:00:00+0000,0.006527,0.006527,0.006524,0.006524,12
2026-02-06T01:00:00+0000,0.006531,0.006531,0.006531,0.006531,1
2026-02-06T02:00:00+0000,0.0065205,0.0065225,0.0065205,0.0065225,4
2026-02-06T04:00:00+0000,0.006529,0.006529,0.006529,0.006529,3
2026-02-06T05:00:00+0000,0.006526,0.006526,0.0065235,0.0065235,6
2026-02-09T06:00:00+0000,0.0065375,0.0065405,0.0065375,0.0065405,12
2026-02-09T11:00:00+0000,0.006529,0.006529,0.006529,0.006529,2
2026-02-09T14:00:00+0000,0.0065685,0.0065705,0.0065685,0.0065705,4
2026-02-10T02:00:00+0000,0.0065655,0.006579,0.0065645,0.006579,11
2026-02-10T05:00:00+0000,0.006585,0.006585,0.006585,0.006585,5
2026-02-10T06:00:00+0000,0.0065825,0.006583,0.006582,0.006582,7
2026-02-10T07:00:00+0000,0.006578,0.006578,0.006578,0.006578,1
2026-02-10T10:00:00+0000,0.006586,0.006586,0.006586,0.006586,1
2026-02-11T02:00:00+0000,0.006641,0.0066465,0.006641,0.0066465,12
2026-02-11T04:00:00+0000,0.0066665,0.0066665,0.0066665,0.0066665,1
2026-02-11T13:00:00+0000,0.006658,0.006658,0.006658,0.006658,1
2026-02-11T14:00:00+0000,0.00665,0.006661,0.00665,0.006661,2
2026-02-11T15:00:00+0000,0.006668,0.006668,0.006668,0.006668,1
2026-02-11T16:00:00+0000,0.0066635,0.0066745,0.006663,0.0066745,27
2026-02-11T17:00:00+0000,0.006693,0.006693,0.006693,0.006693,2
2026-02-11T19:00:00+0000,0.0066905,0.0066905,0.0066905,0.0066905,1
2026-02-12T02:00:00+0000,0.0066965,0.0066965,0.0066965,0.0066965,4
2026-02-12T03:00:00+0000,0.0067065,0.006711,0.0067065,0.006711,4
2026-02-12T04:00:00+0000,0.0066915,0.0066915,0.0066915,0.0066915,1
2026-02-12T06:00:00+0000,0.0066795,0.0066795,0.0066795,0.0066795,1
2026-02-12T18:00:00+0000,0.006685,0.006687,0.006685,0.006687,6
2026-02-12T19:00:00+0000,0.006686,0.006686,0.006686,0.006686,1
2026-02-13T05:00:00+0000,0.006673,0.006673,0.006673,0.006673,5
2026-02-13T06:00:00+0000,0.0066675,0.0066675,0.0066675,0.0066675,2
2026-02-13T07:00:00+0000,0.006659,0.0066635,0.006659,0.0066635,3
2026-02-13T08:00:00+0000,0.006659,0.0066625,0.006657,0.006657,7
2026-02-13T09:00:00+0000,0.00666,0.00666,0.00666,0.00666,1
2026-02-13T10:00:00+0000,0.0066605,0.0066605,0.0066605,0.0066605,6
2026-02-13T12:00:00+0000,0.0066705,0.006671,0.0066705,0.006671,3
2026-02-13T14:00:00+0000,0.006687,0.0066895,0.006687,0.0066895,6
2026-02-15T23:00:00+0000,0.006691,0.006691,0.006691,0.006691,1
2026-02-16T02:00:00+0000,0.006681,0.006681,0.006681,0.006681,1
2026-02-16T07:00:00+0000,0.0066655,0.0066655,0.0066655,0.0066655,1
2026-02-16T08:00:00+0000,0.0066715,0.0066715,0.0066715,0.0066715,1
2026-02-18T14:00:00+0000,0.006635,0.006635,0.006635,0.006635,1
2026-02-18T17:00:00+0000,0.006619,0.006619,0.006619,0.006619,1
2026-02-19T04:00:00+0000,0.006584,0.006584,0.006584,0.006584,1
2026-02-19T09:00:00+0000,0.0066015,0.0066015,0.0066015,0.0066015,1
2026-02-19T10:00:00+0000,0.0066015,0.0066015,0.0066015,0.0066015,20
2026-02-19T13:00:00+0000,0.0066005,0.0066005,0.0066005,0.0066005,30
2026-02-19T14:00:00+0000,0.006585,0.006585,0.006585,0.006585,1
2026-02-19T17:00:00+0000,0.006595,0.006595,0.006595,0.006595,2
2026-02-20T02:00:00+0000,0.0065905,0.0065905,0.0065875,0.0065875,2
2026-02-20T11:00:00+0000,0.0065845,0.0065845,0.0065845,0.0065845,2
2026-02-20T12:00:00+0000,0.006582,0.006582,0.006582,0.006582,14
2026-02-20T13:00:00+0000,0.0065785,0.0065785,0.0065785,0.0065785,1
2026-02-20T15:00:00+0000,0.006581,0.0065935,0.0065725,0.0065935,81
2026-02-20T16:00:00+0000,0.006597,0.0065985,0.0065965,0.0065965,3
2026-02-20T20:00:00+0000,0.00659,0.00659,0.00659,0.00659,5
2026-02-23T00:00:00+0000,0.0066255,0.0066255,0.006625,0.006625,12
2026-02-23T15:00:00+0000,0.0066165,0.006618,0.0066165,0.006618,2
2026-02-23T18:00:00+0000,0.0066095,0.0066095,0.0066095,0.0066095,2
2026-02-24T04:00:00+0000,0.0065855,0.0065855,0.006585,0.006585,12
2026-02-24T07:00:00+0000,0.006553,0.006553,0.0065505,0.0065505,6
2026-02-24T08:00:00+0000,0.0065465,0.0065525,0.006544,0.0065525,68
2026-02-24T23:00:00+0000,0.0065605,0.0065605,0.0065605,0.0065605,1
2026-02-25T03:00:00+0000,0.0065715,0.0065715,0.0065585,0.0065585,5
2026-02-25T05:00:00+0000,0.0065655,0.006568,0.0065655,0.006568,12
2026-02-25T08:00:00+0000,0.006546,0.0065465,0.006543,0.006545,52
2026-02-25T09:00:00+0000,0.0065395,0.0065395,0.006527,0.0065325,58
2026-02-25T10:00:00+0000,0.006522,0.006522,0.0065215,0.006522,82
2026-02-25T11:00:00+0000,0.0065215,0.006522,0.0065215,0.0065215,20
2026-02-25T12:00:00+0000,0.0065225,0.0065235,0.0065225,0.006523,6
2026-02-25T17:00:00+0000,0.006543,0.006543,0.0065425,0.006543,6
2026-02-25T18:00:00+0000,0.006539,0.006539,0.0065385,0.0065385,32
2026-02-25T23:00:00+0000,0.0065455,0.0065455,0.006543,0.006543,4
2026-02-26T00:00:00+0000,0.0065475,0.0065475,0.0065475,0.0065475,1
2026-02-26T01:00:00+0000,0.0065525,0.006556,0.006552,0.0065555,14
2026-02-26T02:00:00+0000,0.00656,0.00656,0.0065595,0.00656,6
2026-02-26T03:00:00+0000,0.006557,0.0065585,0.006557,0.0065585,6
2026-02-26T04:00:00+0000,0.006548,0.006548,0.006548,0.006548,3
2026-02-26T09:00:00+0000,0.0065495,0.0065495,0.0065495,0.0065495,1
2026-02-26T10:00:00+0000,0.0065505,0.0065505,0.0065505,0.0065505,2
2026-02-26T11:00:00+0000,0.006548,0.006548,0.006548,0.006548,2
2026-02-26T13:00:00+0000,0.006549,0.0065515,0.0065475,0.006548,134
2026-02-26T14:00:00+0000,0.006544,0.0065565,0.006543,0.0065545,118
2026-02-26T15:00:00+0000,0.006553,0.0065565,0.006545,0.006551,51
2026-02-26T16:00:00+0000,0.0065475,0.0065475,0.0065395,0.0065435,56
2026-02-26T17:00:00+0000,0.0065465,0.0065465,0.0065335,0.0065345,161
2026-02-26T18:00:00+0000,0.0065345,0.0065345,0.0065345,0.0065345,2
2026-02-26T19:00:00+0000,0.0065455,0.0065465,0.0065455,0.0065465,13
2026-02-27T02:00:00+0000,0.006558,0.006558,0.006558,0.006558,1
2026-02-27T03:00:00+0000,0.00656,0.006562,0.00656,0.0065605,4
2026-02-27T04:00:00+0000,0.006561,0.0065685,0.006561,0.0065685,2
2026-02-27T06:00:00+0000,0.0065575,0.0065575,0.0065575,0.0065575,2
2026-02-27T11:00:00+0000,0.0065555,0.006556,0.0065525,0.0065545,61
2026-02-27T12:00:00+0000,0.0065555,0.0065555,0.006554,0.006554,15
2026-02-27T13:00:00+0000,0.0065525,0.0065525,0.0065455,0.0065455,30
2026-02-27T14:00:00+0000,0.0065465,0.006547,0.0065455,0.006546,67
2026-02-27T15:00:00+0000,0.0065435,0.0065435,0.0065435,0.0065435,1
2026-03-01T23:00:00+0000,0.006525,0.006525,0.006525,0.006525,8
2026-03-02T00:00:00+0000,0.006532,0.0065325,0.006531,0.0065315,30
2026-03-02T01:00:00+0000,0.006531,0.0065405,0.00653,0.0065405,42
2026-03-02T02:00:00+0000,0.0065425,0.0065425,0.006537,0.006537,4
2026-03-02T08:00:00+0000,0.006503,0.00651,0.0065005,0.00651,15
2026-03-02T09:00:00+0000,0.006512,0.006512,0.006512,0.006512,1
2026-03-02T10:00:00+0000,0.006511,0.006512,0.006511,0.006512,11
2026-03-02T11:00:00+0000,0.006514,0.006514,0.006514,0.006514,1
2026-03-02T12:00:00+0000,0.006508,0.0065085,0.0065075,0.006508,70
2026-03-02T13:00:00+0000,0.006489,0.006489,0.006489,0.006489,2
2026-03-02T14:00:00+0000,0.006488,0.006491,0.006488,0.006491,6
2026-03-02T16:00:00+0000,0.0064815,0.0064815,0.0064815,0.0064815,1
2026-03-03T00:00:00+0000,0.0064945,0.0064945,0.0064945,0.0064945,1
2026-03-03T01:00:00+0000,0.006488,0.0064945,0.006488,0.0064945,82
2026-03-03T02:00:00+0000,0.006496,0.0064975,0.006496,0.0064975,3
2026-03-03T03:00:00+0000,0.0064965,0.0064965,0.0064965,0.0064965,1
2026-03-03T04:00:00+0000,0.0064935,0.0064935,0.0064915,0.006492,7
2026-03-03T05:00:00+0000,0.0064915,0.006496,0.0064915,0.006492,25
2026-03-03T06:00:00+0000,0.0064915,0.0064945,0.006491,0.0064945,20
2026-03-03T09:00:00+0000,0.0064885,0.0064895,0.006477,0.0064775,28
2026-03-03T10:00:00+0000,0.0064775,0.0064785,0.006476,0.0064785,5
2026-03-03T11:00:00+0000,0.006476,0.0064835,0.0064715,0.006483,235
2026-03-03T12:00:00+0000,0.0064805,0.0064865,0.00648,0.00648,91
2026-03-03T13:00:00+0000,0.0064865,0.0064865,0.0064765,0.0064765,35
2026-03-03T14:00:00+0000,0.006479,0.00648,0.006472,0.0064745,142
2026-03-03T15:00:00+0000,0.006483,0.006483,0.006473,0.0064765,46
2026-03-03T16:00:00+0000,0.0064765,0.0064845,0.0064765,0.0064805,24
2026-03-03T17:00:00+0000,0.0064825,0.0064825,0.006476,0.006478,29
2026-03-03T20:00:00+0000,0.006489,0.006489,0.006489,0.006489,1
2026-03-03T23:00:00+0000,0.006479,0.0064795,0.0064765,0.006477,104
2026-03-04T00:00:00+0000,0.0064755,0.006488,0.0064745,0.0064845,104
2026-03-04T01:00:00+0000,0.006484,0.0064865,0.0064815,0.0064865,92
2026-03-04T02:00:00+0000,0.006486,0.0064875,0.0064855,0.006487,28
2026-03-04T03:00:00+0000,0.006484,0.006488,0.0064835,0.006488,11
2026-03-04T04:00:00+0000,0.0064985,0.0064985,0.006494,0.0064945,15
2026-03-04T05:00:00+0000,0.0064925,0.0064925,0.0064925,0.0064925,1
2026-03-04T06:00:00+0000,0.006485,0.006495,0.006485,0.006495,221
2026-03-04T08:00:00+0000,0.006493,0.006493,0.006493,0.006493,6
2026-03-04T09:00:00+0000,0.006497,0.006509,0.006496,0.0065085,163
2026-03-04T10:00:00+0000,0.0065095,0.0065095,0.006506,0.006506,7
2026-03-04T11:00:00+0000,0.0065025,0.0065085,0.0065025,0.0065085,7
2026-03-04T13:00:00+0000,0.006506,0.006506,0.0065015,0.0065015,2
2026-03-04T14:00:00+0000,0.0065005,0.0065005,0.0065005,0.0065005,3
2026-03-04T16:00:00+0000,0.0065115,0.0065115,0.0065115,0.0065115,1
2026-03-05T00:00:00+0000,0.006521,0.006521,0.0065195,0.0065195,4
2026-03-05T01:00:00+0000,0.0065235,0.00653,0.0065235,0.006527,5
2026-03-05T02:00:00+0000,0.0065135,0.0065155,0.0065135,0.0065155,2
2026-03-05T03:00:00+0000,0.0065115,0.0065135,0.0065095,0.0065095,69
2026-03-05T04:00:00+0000,0.006506,0.006506,0.006506,0.006506,1
2026-03-05T05:00:00+0000,0.006506,0.006506,0.0065045,0.0065045,2
2026-03-05T06:00:00+0000,0.0065025,0.006505,0.0065015,0.0065045,4
2026-03-05T08:00:00+0000,0.0065005,0.0065005,0.006497,0.006499,7
2026-03-05T09:00:00+0000,0.006514,0.0065145,0.00651,0.0065145,8
2026-03-05T10:00:00+0000,0.0065015,0.0065015,0.0065015,0.0065015,1
2026-03-05T13:00:00+0000,0.0064815,0.006482,0.0064815,0.006482,15
2026-03-05T14:00:00+0000,0.0064855,0.0064855,0.0064855,0.0064855,1
2026-03-06T01:00:00+0000,0.006493,0.0064935,0.006493,0.0064935,2
2026-03-06T03:00:00+0000,0.0064905,0.0064905,0.0064905,0.0064905,12
2026-03-06T04:00:00+0000,0.006488,0.006488,0.006484,0.006484,12
2026-03-06T05:00:00+0000,0.0064825,0.0064825,0.006477,0.0064785,9
2026-03-06T06:00:00+0000,0.0064735,0.006476,0.0064735,0.006476,3
2026-03-06T08:00:00+0000,0.0064885,0.0064885,0.006487,0.0064885,19
2026-03-06T09:00:00+0000,0.0064815,0.006483,0.006476,0.0064775,13
2026-03-06T12:00:00+0000,0.006472,0.006472,0.0064675,0.0064675,2
2026-03-06T13:00:00+0000,0.0064885,0.0064885,0.006475,0.006475,11
2026-03-06T14:00:00+0000,0.0064815,0.0064815,0.0064815,0.0064815,2
2026-03-06T15:00:00+0000,0.006481,0.006481,0.006481,0.006481,1
2026-03-08T23:00:00+0000,0.0064535,0.0064535,0.006451,0.0064515,12
2026-03-09T00:00:00+0000,0.006454,0.006457,0.006447,0.006447,79
2026-03-09T01:00:00+0000,0.0064405,0.0064405,0.0064405,0.0064405,1
2026-03-09T02:00:00+0000,0.0064415,0.0064415,0.0064415,0.0064415,1
2026-03-09T04:00:00+0000,0.0064395,0.006441,0.006438,0.006441,4
2026-03-09T05:00:00+0000,0.006455,0.006455,0.006455,0.006455,1
2026-03-09T06:00:00+0000,0.006451,0.006451,0.006451,0.006451,1
2026-03-09T09:00:00+0000,0.0064495,0.0064495,0.0064495,0.0064495,1
2026-03-09T10:00:00+0000,0.006452,0.0064525,0.006452,0.0064525,4
2026-03-09T12:00:00+0000,0.0064555,0.0064555,0.006448,0.006448,14
2026-03-09T13:00:00+0000,0.006458,0.00646,0.006454,0.006454,117
2026-03-09T14:00:00+0000,0.006457,0.006459,0.0064495,0.006455,64
2026-03-09T15:00:00+0000,0.006455,0.0064665,0.006455,0.0064665,53
2026-03-09T16:00:00+0000,0.006468,0.0064715,0.0064615,0.006468,35
2026-03-09T18:00:00+0000,0.006457,0.006459,0.006457,0.006457,3
2026-03-09T19:00:00+0000,0.006475,0.0064845,0.0064725,0.0064845,26
2026-03-09T20:00:00+0000,0.006475,0.006478,0.0064735,0.006478,14
2026-03-10T00:00:00+0000,0.0064785,0.0064785,0.0064775,0.0064775,4
2026-03-10T01:00:00+0000,0.0064845,0.0064845,0.0064845,0.0064845,1
2026-03-10T02:00:00+0000,0.006484,0.006484,0.006484,0.006484,1
2026-03-10T03:00:00+0000,0.0064755,0.0064755,0.0064725,0.0064735,34
2026-03-10T04:00:00+0000,0.006475,0.006475,0.006475,0.006475,2
2026-03-10T05:00:00+0000,0.006482,0.006484,0.006481,0.0064825,6
2026-03-10T06:00:00+0000,0.0064855,0.0064855,0.0064855,0.0064855,1
2026-03-10T07:00:00+0000,0.0064895,0.0064935,0.0064895,0.0064935,5
2026-03-10T08:00:00+0000,0.006489,0.00649,0.00648,0.00648,151
2026-03-10T09:00:00+0000,0.0064795,0.006484,0.0064795,0.0064825,80
2026-03-10T10:00:00+0000,0.0064775,0.006479,0.0064725,0.0064725,94
2026-03-10T11:00:00+0000,0.006476,0.0064805,0.006474,0.0064765,69
2026-03-10T12:00:00+0000,0.0064725,0.0064725,0.0064685,0.006469,29
2026-03-10T13:00:00+0000,0.0064775,0.00648,0.006472,0.006473,88
2026-03-10T14:00:00+0000,0.0064735,0.006482,0.00647,0.006481,119
2026-03-10T15:00:00+0000,0.0064815,0.006485,0.0064765,0.0064835,23
2026-03-10T16:00:00+0000,0.0064835,0.006486,0.0064815,0.006486,5
2026-03-10T17:00:00+0000,0.0064835,0.0064925,0.0064835,0.0064845,33
2026-03-10T18:00:00+0000,0.006484,0.006484,0.0064815,0.0064815,13
2026-03-10T19:00:00+0000,0.006466,0.006466,0.006466,0.006466,1
2026-03-11T00:00:00+0000,0.0064685,0.0064685,0.0064615,0.0064615,5
2026-03-11T01:00:00+0000,0.0064555,0.006456,0.006455,0.0064555,12
2026-03-11T03:00:00+0000,0.006458,0.006458,0.006458,0.006458,1
2026-03-11T08:00:00+0000,0.0064575,0.006458,0.00645,0.00645,88
2026-03-11T09:00:00+0000,0.0064485,0.0064485,0.0064485,0.0064485,1
2026-03-11T10:00:00+0000,0.006452,0.006454,0.006452,0.0064535,15
2026-03-11T11:00:00+0000,0.006454,0.006454,0.006449,0.006449,8
2026-03-11T12:00:00+0000,0.006446,0.0064525,0.006442,0.0064435,39
2026-03-11T13:00:00+0000,0.0064445,0.006446,0.0064415,0.0064415,19
2026-03-11T14:00:00+0000,0.0064485,0.006455,0.0064385,0.006439,123
2026-03-11T15:00:00+0000,0.006439,0.0064395,0.0064335,0.0064335,47
2026-03-11T16:00:00+0000,0.006437,0.006437,0.006435,0.0064355,7
2026-03-11T18:00:00+0000,0.0064305,0.0064305,0.0064305,0.0064305,10
2026-03-11T23:00:00+0000,0.006422,0.006422,0.006422,0.006422,2
2026-03-12T00:00:00+0000,0.00642,0.006424,0.0064175,0.006424,43
2026-03-12T01:00:00+0000,0.006431,0.006431,0.006431,0.006431,3
2026-03-12T02:00:00+0000,0.0064285,0.0064285,0.0064245,0.0064245,15
2026-03-12T11:00:00+0000,0.00644,0.006444,0.00644,0.006444,2
2026-03-12T15:00:00+0000,0.0064205,0.0064235,0.0064195,0.0064215,91
2026-03-12T16:00:00+0000,0.0064195,0.006422,0.0064165,0.0064185,134
2026-03-12T17:00:00+0000,0.0064195,0.006424,0.0064155,0.006416,53
2026-03-12T18:00:00+0000,0.006415,0.006415,0.006415,0.006415,1
2026-03-12T23:00:00+0000,0.006417,0.006419,0.006417,0.006419,3
2026-03-13T00:00:00+0000,0.006425,0.006426,0.006424,0.006424,5
2026-03-13T01:00:00+0000,0.0064285,0.0064285,0.0064235,0.0064235,8
2026-03-13T04:00:00+0000,0.0064105,0.0064105,0.0064065,0.0064065,2
2026-03-13T08:00:00+0000,0.0064085,0.0064125,0.0064085,0.0064125,2
2026-03-13T09:00:00+0000,0.0064175,0.0064435,0.0064105,0.0064105,84
2026-03-13T11:00:00+0000,0.0064165,0.0064165,0.006413,0.006413,3
2026-03-13T12:00:00+0000,0.006419,0.006419,0.006419,0.006419,2
2026-03-13T13:00:00+0000,0.006414,0.006427,0.006414,0.006427,7
2026-03-13T14:00:00+0000,0.0064255,0.0064255,0.0064255,0.0064255,1
2026-03-13T16:00:00+0000,0.0064065,0.0064065,0.0064065,0.0064065,1
2026-03-13T18:00:00+0000,0.0064015,0.0064015,0.0064015,0.0064015,1
2026-03-13T20:00:00+0000,0.0064,0.0064,0.0064,0.0064,2
2026-03-16T01:00:00+0000,0.006414,0.006414,0.0064135,0.0064135,2
2026-03-16T03:00:00+0000,0.0064025,0.006403,0.0064025,0.006403,2
2026-03-16T07:00:00+0000,0.0064185,0.0064205,0.0064185,0.0064205,11
2026-03-16T12:00:00+0000,0.0064265,0.0064265,0.0064245,0.0064245,9
2026-03-16T13:00:00+0000,0.0064225,0.0064315,0.0064225,0.0064315,88
2026-03-16T14:00:00+0000,0.006434,0.006434,0.0064215,0.0064215,12
2026-03-16T15:00:00+0000,0.006422,0.006422,0.006416,0.006416,5
2026-03-16T16:00:00+0000,0.0064145,0.0064145,0.0064145,0.0064145,4
2026-03-16T18:00:00+0000,0.0064285,0.0064285,0.0064285,0.0064285,6
2026-03-16T19:00:00+0000,0.0064275,0.0064275,0.006426,0.006426,5
2026-03-17T03:00:00+0000,0.0064125,0.0064125,0.0064125,0.0064125,4
2026-03-17T04:00:00+0000,0.006411,0.006417,0.006411,0.006417,9
2026-03-17T06:00:00+0000,0.006407,0.006409,0.006407,0.006409,18
2026-03-17T07:00:00+0000,0.0064175,0.0064195,0.006417,0.006417,16
2026-03-17T08:00:00+0000,0.006422,0.006424,0.006422,0.006424,4
2026-03-17T09:00:00+0000,0.006421,0.0064235,0.0064195,0.0064195,128
2026-03-17T10:00:00+0000,0.0064215,0.0064225,0.00642,0.0064205,87
2026-03-17T11:00:00+0000,0.0064265,0.0064265,0.0064265,0.0064265,3
2026-03-17T12:00:00+0000,0.006425,0.006429,0.006425,0.006428,13
2026-03-17T13:00:00+0000,0.006431,0.006436,0.0064295,0.0064295,100
2026-03-17T14:00:00+0000,0.0064345,0.0064345,0.006429,0.006429,12
2026-03-17T15:00:00+0000,0.006431,0.006431,0.0064225,0.0064225,29
2026-03-17T16:00:00+0000,0.006424,0.006428,0.0064225,0.006428,22
2026-03-17T17:00:00+0000,0.006429,0.0064305,0.0064265,0.006429,32
2026-03-17T18:00:00+0000,0.006428,0.006432,0.0064265,0.0064265,15
2026-03-17T19:00:00+0000,0.0064275,0.006428,0.0064255,0.0064255,20
2026-03-17T20:00:00+0000,0.006425,0.0064265,0.0064245,0.0064265,17
2026-03-18T00:00:00+0000,0.006423,0.006423,0.006423,0.006423,4
2026-03-18T02:00:00+0000,0.00643,0.00643,0.00643,0.00643,1
2026-03-18T06:00:00+0000,0.00644,0.0064415,0.00644,0.0064415,3
2026-03-18T07:00:00+0000,0.0064295,0.006432,0.0064295,0.006432,5
2026-03-18T11:00:00+0000,0.006423,0.006427,0.006423,0.006427,3
2026-03-18T12:00:00+0000,0.00642,0.00642,0.0064145,0.0064145,8
2026-03-18T13:00:00+0000,0.0064055,0.0064055,0.0064055,0.0064055,2
2026-03-18T15:00:00+0000,0.0064105,0.0064105,0.006407,0.006407,85
2026-03-18T16:00:00+0000,0.006406,0.006407,0.006405,0.006407,172
2026-03-18T17:00:00+0000,0.0064065,0.006408,0.0064045,0.0064075,32
2026-03-18T20:00:00+0000,0.006393,0.006393,0.00639,0.00639,2
2026-03-19T00:00:00+0000,0.0063935,0.0063935,0.0063935,0.0063935,1
2026-03-19T07:00:00+0000,0.0064095,0.0064185,0.0064095,0.0064185,2
2026-03-19T08:00:00+0000,0.00642,0.00642,0.0064175,0.0064175,8
2026-03-19T09:00:00+0000,0.006422,0.006426,0.0064205,0.0064205,7
2026-03-19T10:00:00+0000,0.0064215,0.0064235,0.0064215,0.0064235,9
2026-03-19T11:00:00+0000,0.006424,0.006427,0.006424,0.0064265,18
2026-03-19T12:00:00+0000,0.0064285,0.006436,0.006421,0.006436,25
2026-03-19T13:00:00+0000,0.006437,0.0064605,0.006437,0.0064605,35
2026-03-19T15:00:00+0000,0.006462,0.006462,0.006462,0.006462,1
2026-03-19T16:00:00+0000,0.006467,0.006467,0.0064655,0.0064655,315
2026-03-19T18:00:00+0000,0.00648,0.00648,0.00648,0.00648,2
2026-03-20T00:00:00+0000,0.0064745,0.0064765,0.0064745,0.0064765,9
2026-03-20T02:00:00+0000,0.00646,0.00646,0.00646,0.00646,2
2026-03-20T08:00:00+0000,0.0064565,0.006459,0.0064565,0.006459,3
2026-03-20T09:00:00+0000,0.0064405,0.0064405,0.0064355,0.0064355,10
2026-03-20T10:00:00+0000,0.0064345,0.0064405,0.0064345,0.0064405,13
2026-03-20T11:00:00+0000,0.006449,0.006449,0.0064475,0.0064475,4
2026-03-20T12:00:00+0000,0.0064475,0.006448,0.0064445,0.006448,23
2026-03-20T14:00:00+0000,0.0064265,0.00643,0.0064245,0.006429,17
2026-03-20T15:00:00+0000,0.0064285,0.0064345,0.0064275,0.006431,16
2026-03-20T16:00:00+0000,0.0064265,0.0064265,0.0064265,0.0064265,1
2026-03-20T17:00:00+0000,0.00642,0.00642,0.00642,0.00642,2
2026-03-20T20:00:00+0000,0.00642,0.00642,0.00642,0.00642,1
2026-03-23T01:00:00+0000,0.00641,0.00641,0.00641,0.00641,1
2026-03-23T08:00:00+0000,0.006429,0.006429,0.0064125,0.0064125,81
2026-03-23T09:00:00+0000,0.0064175,0.0064175,0.006412,0.006412,69
2026-03-23T10:00:00+0000,0.0064115,0.0064125,0.0064115,0.0064125,60
2026-03-23T11:00:00+0000,0.00644,0.00646,0.006439,0.006442,21
2026-03-23T12:00:00+0000,0.006444,0.0064475,0.006439,0.0064475,37
2026-03-23T13:00:00+0000,0.0064475,0.0064545,0.006443,0.006453,39
2026-03-23T14:00:00+0000,0.00646,0.006461,0.00646,0.006461,11
2026-03-23T15:00:00+0000,0.006457,0.0064615,0.006446,0.006446,12
2026-03-23T16:00:00+0000,0.00644,0.00644,0.00644,0.00644,1
2026-03-23T18:00:00+0000,0.00646,0.00646,0.00646,0.00646,1
2026-03-24T00:00:00+0000,0.0064475,0.0064485,0.006442,0.006448,77
2026-03-24T01:00:00+0000,0.00645,0.0064515,0.0064465,0.0064465,35
2026-03-24T02:00:00+0000,0.0064495,0.0064495,0.006445,0.006445,24
2026-03-24T03:00:00+0000,0.006447,0.006447,0.0064455,0.0064455,9
2026-03-24T04:00:00+0000,0.00644,0.0064425,0.00644,0.006442,142
2026-03-24T05:00:00+0000,0.0064425,0.006448,0.0064385,0.006445,60
2026-03-24T07:00:00+0000,0.00645,0.00645,0.00645,0.00645,1
2026-03-24T08:00:00+0000,0.0064525,0.0064525,0.0064525,0.0064525,3
2026-03-24T10:00:00+0000,0.006439,0.006439,0.006439,0.006439,2
2026-03-24T11:00:00+0000,0.006441,0.006441,0.006441,0.006441,2
2026-03-24T13:00:00+0000,0.0064325,0.0064325,0.0064325,0.0064325,1
2026-03-24T17:00:00+0000,0.006426,0.006426,0.006426,0.006426,1
2026-03-25T00:00:00+0000,0.0064425,0.0064425,0.0064355,0.006441,29
2026-03-25T01:00:00+0000,0.0064405,0.0064405,0.0064385,0.0064385,30
2026-03-25T02:00:00+0000,0.0064345,0.0064345,0.006434,0.006434,3
2026-03-25T03:00:00+0000,0.006435,0.006435,0.0064345,0.0064345,2
2026-03-25T04:00:00+0000,0.006431,0.006431,0.006431,0.006431,1
2026-03-25T07:00:00+0000,0.0064225,0.0064225,0.0064215,0.0064215,3
2026-03-25T08:00:00+0000,0.0064385,0.0064385,0.0064385,0.0064385,1
2026-03-25T09:00:00+0000,0.006431,0.006431,0.006431,0.006431,1
2026-03-25T11:00:00+0000,0.0064305,0.0064305,0.0064305,0.0064305,3
2026-03-25T12:00:00+0000,0.0064315,0.0064315,0.0064315,0.0064315,2
2026-03-25T14:00:00+0000,0.006427,0.006427,0.006426,0.0064265,7
2026-03-25T15:00:00+0000,0.006422,0.006422,0.006422,0.006422,1
2026-03-25T22:00:00+0000,0.006408,0.006408,0.006408,0.006408,1
2026-03-26T00:00:00+0000,0.0064125,0.0064125,0.006408,0.006408,2
2026-03-26T02:00:00+0000,0.0064075,0.0064075,0.0064065,0.0064065,2
2026-03-26T03:00:00+0000,0.0064055,0.0064055,0.0064055,0.0064055,2
2026-03-26T08:00:00+0000,0.006408,0.006409,0.006406,0.0064085,21
2026-03-26T09:00:00+0000,0.0064085,0.006409,0.0064075,0.0064085,44
2026-03-26T11:00:00+0000,0.006404,0.006404,0.006404,0.006404,1
2026-03-26T12:00:00+0000,0.0064005,0.0064005,0.0064,0.0064,21
2026-03-26T16:00:00+0000,0.0063995,0.006402,0.0063995,0.006402,6
2026-03-26T18:00:00+0000,0.0063955,0.0063975,0.006395,0.006397,6
2026-03-26T19:00:00+0000,0.006395,0.0063965,0.006394,0.006394,6
2026-03-26T20:00:00+0000,0.0064115,0.0064125,0.006401,0.006403,9
2026-03-27T03:00:00+0000,0.0064035,0.0064045,0.0064035,0.0064045,3
2026-03-27T04:00:00+0000,0.0064015,0.0064015,0.0064015,0.0064015,1
2026-03-27T06:00:00+0000,0.006399,0.006399,0.006399,0.006399,1
2026-03-27T07:00:00+0000,0.006389,0.006389,0.006388,0.006388,2
2026-03-27T09:00:00+0000,0.006397,0.006397,0.006395,0.006395,7
2026-03-27T10:00:00+0000,0.006392,0.006392,0.0063905,0.006392,42
2026-03-27T11:00:00+0000,0.006391,0.006391,0.006391,0.006391,8
2026-03-27T12:00:00+0000,0.006396,0.006396,0.006396,0.006396,1
2026-03-27T13:00:00+0000,0.00639,0.00639,0.00639,0.00639,1
2026-03-27T15:00:00+0000,0.00639,0.006398,0.0063895,0.0063945,22
2026-03-29T23:00:00+0000,0.0063735,0.0063735,0.006373,0.006373,2
2026-03-30T00:00:00+0000,0.006377,0.006381,0.006377,0.006381,27
2026-03-30T01:00:00+0000,0.0063855,0.0063855,0.0063855,0.0063855,1
2026-03-30T02:00:00+0000,0.006386,0.006386,0.006386,0.006386,3
2026-03-30T03:00:00+0000,0.0063925,0.006393,0.0063925,0.006393,2
2026-03-30T04:00:00+0000,0.0063945,0.0063945,0.0063945,0.0063945,1
2026-03-30T05:00:00+0000,0.006394,0.006394,0.006394,0.006394,2
2026-03-30T06:00:00+0000,0.006397,0.006397,0.006395,0.006395,5
2026-03-30T07:00:00+0000,0.006399,0.0064,0.006399,0.0064,13
2026-03-30T08:00:00+0000,0.006394,0.0064015,0.0063935,0.0064015,5
2026-03-30T09:00:00+0000,0.006396,0.006401,0.006396,0.006401,3
2026-03-30T11:00:00+0000,0.006404,0.0064075,0.006404,0.0064075,3
2026-03-30T12:00:00+0000,0.0064055,0.00641,0.0064055,0.0064095,28
2026-03-30T13:00:00+0000,0.00641,0.00641,0.00641,0.00641,1
2026-03-30T14:00:00+0000,0.0063975,0.0063975,0.0063975,0.0063975,2
2026-03-30T15:00:00+0000,0.0063975,0.0063975,0.0063975,0.0063975,2
2026-03-30T16:00:00+0000,0.0064055,0.006406,0.0064055,0.006406,10
2026-03-31T01:00:00+0000,0.0063945,0.006395,0.0063945,0.006395,4
2026-03-31T02:00:00+0000,0.006396,0.0063985,0.006396,0.0063985,2
2026-03-31T05:00:00+0000,0.006399,0.006399,0.006399,0.006399,1
2026-03-31T06:00:00+0000,0.0063945,0.006397,0.006394,0.0063955,23
2026-03-31T07:00:00+0000,0.0063955,0.0063955,0.0063955,0.0063955,1
2026-03-31T08:00:00+0000,0.0063945,0.0063955,0.0063935,0.006395,16
2026-03-31T09:00:00+0000,0.006401,0.006401,0.006401,0.006401,2
2026-03-31T11:00:00+0000,0.0063995,0.0063995,0.0063995,0.0063995,1
2026-03-31T13:00:00+0000,0.00641,0.00641,0.00641,0.00641,1
2026-03-31T16:00:00+0000,0.006425,0.0064255,0.0064245,0.0064245,12
2026-03-31T19:00:00+0000,0.0064215,0.0064215,0.0064215,0.0064215,1
2026-03-31T23:00:00+0000,0.0064355,0.0064355,0.006435,0.006435,4
2026-04-01T00:00:00+0000,0.006436,0.0064385,0.0064345,0.006437,17
2026-04-01T02:00:00+0000,0.00643,0.00643,0.00643,0.00643,1
2026-04-01T04:00:00+0000,0.006427,0.006427,0.006427,0.006427,2
2026-04-01T06:00:00+0000,0.0064355,0.006447,0.0064355,0.0064455,7
2026-04-01T10:00:00+0000,0.0064325,0.0064325,0.0064325,0.0064325,1
2026-04-01T18:00:00+0000,0.006428,0.006428,0.006428,0.006428,1
2026-04-02T00:00:00+0000,0.0064275,0.0064275,0.0064275,0.0064275,2
2026-04-02T01:00:00+0000,0.0064225,0.006432,0.006418,0.006418,5
2026-04-02T03:00:00+0000,0.006403,0.0064035,0.0064025,0.0064025,3
2026-04-02T04:00:00+0000,0.0064015,0.006403,0.0064015,0.006402,3
2026-04-02T09:00:00+0000,0.006395,0.006395,0.006395,0.006395,2
2026-04-02T14:00:00+0000,0.0063985,0.0064075,0.0063985,0.0064075,4
2026-04-06T07:00:00+0000,0.0064045,0.0064045,0.0064045,0.0064045,1
2026-04-06T08:00:00+0000,0.0064045,0.0064045,0.0064045,0.0064045,2
2026-04-06T14:00:00+0000,0.0063975,0.0063975,0.006391,0.006391,4
2026-04-06T15:00:00+0000,0.006387,0.006387,0.006387,0.006387,1
2026-04-07T01:00:00+0000,0.006387,0.006387,0.006387,0.006387,1
2026-04-07T07:00:00+0000,0.0063855,0.0063855,0.0063845,0.0063845,102
2026-04-07T08:00:00+0000,0.006391,0.0063945,0.006391,0.0063945,3
2026-04-07T09:00:00+0000,0.0063995,0.0063995,0.0063995,0.0063995,2
2026-04-07T10:00:00+0000,0.0063905,0.0063905,0.0063905,0.0063905,1
2026-04-07T13:00:00+0000,0.0063835,0.0063835,0.0063835,0.0063835,1
2026-04-07T14:00:00+0000,0.006382,0.0063825,0.006381,0.0063825,3
2026-04-07T15:00:00+0000,0.00638,0.00638,0.00638,0.00638,2
2026-04-07T23:00:00+0000,0.006428,0.0064285,0.0064275,0.006428,6
2026-04-08T00:00:00+0000,0.006435,0.006435,0.0064265,0.00643,31
2026-04-08T01:00:00+0000,0.006432,0.006437,0.0064315,0.006437,10
2026-04-08T02:00:00+0000,0.00644,0.00644,0.00644,0.00644,1
2026-04-08T06:00:00+0000,0.006451,0.006451,0.0064445,0.0064445,74
2026-04-08T10:00:00+0000,0.006438,0.006438,0.006438,0.006438,1
2026-04-08T12:00:00+0000,0.00645,0.006456,0.00645,0.006456,6
2026-04-08T17:00:00+0000,0.0064365,0.0064365,0.0064365,0.0064365,1
2026-04-09T00:00:00+0000,0.0064275,0.0064275,0.0064275,0.0064275,2
2026-04-09T05:00:00+0000,0.0064215,0.0064215,0.0064215,0.0064215,1
2026-04-09T07:00:00+0000,0.006419,0.006419,0.0064155,0.0064155,42
2026-04-09T08:00:00+0000,0.006414,0.006414,0.006411,0.006411,2
2026-04-09T09:00:00+0000,0.0064175,0.0064175,0.0064175,0.0064175,1
2026-04-09T19:00:00+0000,0.006414,0.006414,0.006414,0.006414,10
2026-04-13T09:00:00+0000,0.0063865,0.0063865,0.0063865,0.0063865,1
2026-04-14T00:00:00+0000,0.006403,0.0064045,0.006403,0.0064045,5
2026-04-14T09:00:00+0000,0.006414,0.006416,0.006414,0.006416,11
2026-04-14T12:00:00+0000,0.0064255,0.0064255,0.0064255,0.0064255,1
2026-04-15T00:00:00+0000,0.006417,0.006417,0.006417,0.006417,1
2026-04-15T01:00:00+0000,0.006414,0.006414,0.006414,0.006414,1
2026-04-15T05:00:00+0000,0.006415,0.006415,0.006415,0.006415,1
2026-04-15T07:00:00+0000,0.006415,0.006416,0.006415,0.006415,112
2026-04-15T09:00:00+0000,0.006423,0.006423,0.006423,0.006423,1
2026-04-15T13:00:00+0000,0.006411,0.006413,0.006409,0.006409,3
2026-04-15T15:00:00+0000,0.006413,0.0064145,0.006413,0.0064145,2
2026-04-15T17:00:00+0000,0.006409,0.006409,0.006409,0.006409,1
2026-04-16T00:00:00+0000,0.0064185,0.0064185,0.0064185,0.0064185,1
2026-04-16T02:00:00+0000,0.006422,0.006424,0.006422,0.006424,9
2026-04-16T06:00:00+0000,0.006416,0.0064165,0.006416,0.0064165,2
2026-04-16T14:00:00+0000,0.006403,0.006403,0.006403,0.006403,1
2026-04-16T23:00:00+0000,0.006402,0.006402,0.006402,0.006402,2
2026-04-17T03:00:00+0000,0.006396,0.006396,0.006395,0.006396,3
2026-04-17T04:00:00+0000,0.0063945,0.0063945,0.0063945,0.0063945,5
2026-04-17T05:00:00+0000,0.0063925,0.0063925,0.0063925,0.0063925,1
2026-04-17T06:00:00+0000,0.0063925,0.0063945,0.0063925,0.0063945,10
2026-04-17T09:00:00+0000,0.0064085,0.0064085,0.0064085,0.0064085,1
2026-04-17T12:00:00+0000,0.006412,0.006412,0.006412,0.006412,1
2026-04-17T13:00:00+0000,0.006443,0.006443,0.006443,0.006443,5
2026-04-17T14:00:00+0000,0.006455,0.0064605,0.006455,0.00646,6
2026-04-17T15:00:00+0000,0.006449,0.006449,0.006449,0.006449,1
2026-04-20T01:00:00+0000,0.0064145,0.0064145,0.0064145,0.0064145,4
2026-04-20T02:00:00+0000,0.006416,0.006416,0.006416,0.006416,2
2026-04-20T03:00:00+0000,0.0064135,0.006416,0.0064135,0.006416,3
2026-04-20T06:00:00+0000,0.0064155,0.0064155,0.0064155,0.0064155,2
2026-04-20T10:00:00+0000,0.006414,0.006414,0.006414,0.006414,1
2026-04-20T12:00:00+0000,0.006414,0.006414,0.006414,0.006414,1
2026-04-20T14:00:00+0000,0.006421,0.006422,0.0064195,0.006422,28
2026-04-20T15:00:00+0000,0.0064215,0.0064215,0.00642,0.00642,4
2026-04-20T16:00:00+0000,0.0064225,0.0064225,0.0064225,0.0064225,2
2026-04-21T03:00:00+0000,0.0064095,0.00641,0.0064095,0.00641,8
2026-04-21T04:00:00+0000,0.00641,0.00641,0.00641,0.00641,2
2026-04-21T05:00:00+0000,0.006413,0.006413,0.006413,0.006413,5
2026-04-21T06:00:00+0000,0.0064175,0.0064175,0.0064175,0.0064175,2
2026-04-21T08:00:00+0000,0.006402,0.006402,0.006402,0.006402,1
2026-04-21T09:00:00+0000,0.0064015,0.0064035,0.0064005,0.006403,47
2026-04-21T10:00:00+0000,0.006401,0.006401,0.006401,0.006401,1
2026-04-21T11:00:00+0000,0.0064015,0.0064045,0.0064,0.006404,39
2026-04-21T12:00:00+0000,0.006403,0.0064045,0.0064025,0.006403,18
2026-04-21T13:00:00+0000,0.0064045,0.0064085,0.0064045,0.0064075,103
2026-04-21T14:00:00+0000,0.006405,0.006405,0.0064,0.0064,3
2026-04-21T15:00:00+0000,0.0063985,0.0063985,0.0063925,0.0063935,34
2026-04-21T16:00:00+0000,0.0063895,0.0063915,0.006389,0.00639,5
2026-04-21T17:00:00+0000,0.0063915,0.006398,0.0063905,0.006398,4
2026-04-21T22:00:00+0000,0.006395,0.006395,0.006395,0.006395,1
2026-04-21T23:00:00+0000,0.0063925,0.006393,0.006392,0.006393,14
2026-04-22T00:00:00+0000,0.0063995,0.0063995,0.0063995,0.0063995,1
2026-04-22T13:00:00+0000,0.0063995,0.0064025,0.0063995,0.0064025,4
2026-04-22T19:00:00+0000,0.00639,0.00639,0.00639,0.00639,1
2026-04-23T00:00:00+0000,0.0063965,0.0063965,0.0063965,0.0063965,1
2026-04-23T02:00:00+0000,0.0063895,0.0063895,0.0063895,0.0063895,6
2026-04-23T03:00:00+0000,0.006387,0.006387,0.006387,0.006387,1
2026-04-23T04:00:00+0000,0.0063865,0.0063865,0.0063865,0.0063865,1
2026-04-23T06:00:00+0000,0.006385,0.006385,0.006385,0.006385,6
2026-04-23T09:00:00+0000,0.00638,0.00638,0.00638,0.00638,10
2026-04-23T15:00:00+0000,0.0063915,0.0063915,0.0063915,0.0063915,1
2026-04-24T00:00:00+0000,0.0063775,0.0063775,0.0063775,0.0063775,1
2026-04-24T01:00:00+0000,0.006377,0.006377,0.006377,0.006377,1
2026-04-24T06:00:00+0000,0.0063775,0.0063825,0.0063775,0.0063825,3
2026-04-24T07:00:00+0000,0.0063805,0.0063805,0.0063805,0.0063805,2
2026-04-24T08:00:00+0000,0.006377,0.006377,0.006377,0.006377,3
2026-04-24T09:00:00+0000,0.006379,0.006379,0.006379,0.006379,4
2026-04-24T10:00:00+0000,0.006378,0.0063805,0.006378,0.0063805,33
2026-04-24T11:00:00+0000,0.0063845,0.0063855,0.0063845,0.0063855,10
2026-04-24T12:00:00+0000,0.0063925,0.0063925,0.0063895,0.006391,31
2026-04-24T13:00:00+0000,0.0063855,0.0063855,0.006384,0.006384,33
2026-04-24T14:00:00+0000,0.0063895,0.0063905,0.006388,0.00639,6
2026-04-24T15:00:00+0000,0.006387,0.006387,0.006387,0.006387,1
2026-04-24T20:00:00+0000,0.006391,0.0063915,0.006391,0.0063915,122
2026-04-27T04:00:00+0000,0.0064,0.0064,0.0064,0.0064,1
2026-04-27T05:00:00+0000,0.00639,0.00639,0.00639,0.00639,1
2026-04-27T08:00:00+0000,0.006399,0.006399,0.006399,0.006399,1
2026-04-27T12:00:00+0000,0.0064015,0.0064025,0.0064015,0.0064015,25
2026-04-27T13:00:00+0000,0.0063975,0.0063995,0.006396,0.006396,46
2026-04-27T15:00:00+0000,0.0063965,0.006398,0.006395,0.006396,34
2026-04-27T16:00:00+0000,0.0063955,0.0063955,0.0063915,0.006392,31
2026-04-27T17:00:00+0000,0.006391,0.006391,0.0063905,0.0063905,6
2026-04-27T18:00:00+0000,0.0063915,0.0063915,0.006389,0.006389,25
2026-04-27T19:00:00+0000,0.0063915,0.0063915,0.0063915,0.0063915,122
2026-04-28T05:00:00+0000,0.006401,0.006401,0.006401,0.006401,1
2026-04-28T06:00:00+0000,0.0063945,0.0063945,0.0063945,0.0063945,1
2026-04-28T07:00:00+0000,0.006386,0.006386,0.0063845,0.0063845,4
2026-04-28T08:00:00+0000,0.00638,0.006386,0.0063795,0.006386,199
2026-04-28T09:00:00+0000,0.006386,0.00639,0.006383,0.006385,160
2026-04-28T10:00:00+0000,0.0063835,0.0063835,0.006381,0.006381,19
2026-04-28T11:00:00+0000,0.00638,0.0063815,0.0063745,0.0063765,106
2026-04-28T12:00:00+0000,0.0063765,0.006388,0.0063755,0.0063865,376
2026-04-28T13:00:00+0000,0.006388,0.0063885,0.0063815,0.0063865,247
2026-04-28T14:00:00+0000,0.0063845,0.006386,0.006376,0.006378,248
2026-04-28T15:00:00+0000,0.0063785,0.006386,0.006377,0.006386,197
2026-04-28T16:00:00+0000,0.006384,0.006385,0.006381,0.0063845,69
2026-04-28T17:00:00+0000,0.0063835,0.0063855,0.006381,0.006384,34
2026-04-28T18:00:00+0000,0.0063855,0.0063855,0.0063815,0.0063815,15
2026-04-28T19:00:00+0000,0.006383,0.006384,0.0063795,0.0063815,15
2026-04-28T20:00:00+0000,0.0063815,0.006383,0.0063805,0.0063825,21
2026-04-29T01:00:00+0000,0.006383,0.006383,0.006383,0.006383,1
2026-04-29T09:00:00+0000,0.006376,0.0063765,0.0063735,0.006374,138
2026-04-29T10:00:00+0000,0.006375,0.0063765,0.0063745,0.0063745,27
2026-04-29T11:00:00+0000,0.0063775,0.0063775,0.006373,0.006373,35
2026-04-29T12:00:00+0000,0.006374,0.006374,0.006368,0.006368,44
2026-04-29T13:00:00+0000,0.0063685,0.006369,0.006359,0.0063605,133
2026-04-29T14:00:00+0000,0.006358,0.0063635,0.006358,0.0063635,50
2026-04-29T15:00:00+0000,0.0063625,0.0063625,0.0063555,0.0063565,45
2026-04-29T16:00:00+0000,0.0063575,0.0063605,0.006354,0.006355,104
2026-04-29T17:00:00+0000,0.006355,0.006355,0.0063535,0.0063535,4
2026-04-29T18:00:00+0000,0.0063505,0.0063505,0.0063505,0.0063505,9
2026-04-29T19:00:00+0000,0.00635,0.00635,0.00635,0.00635,1
2026-04-30T00:00:00+0000,0.0063555,0.0063585,0.0063555,0.0063585,11
2026-04-30T02:00:00+0000,0.0063525,0.0063525,0.006351,0.006351,12
2026-04-30T04:00:00+0000,0.0063445,0.0063445,0.0063445,0.0063445,1
2026-04-30T05:00:00+0000,0.006344,0.006344,0.006344,0.006344,1
2026-04-30T06:00:00+0000,0.0063355,0.0063355,0.0063345,0.0063345,7
2026-04-30T07:00:00+0000,0.0063425,0.0063425,0.0063425,0.0063425,2
2026-04-30T08:00:00+0000,0.006363,0.00638,0.006363,0.00638,18
2026-04-30T10:00:00+0000,0.006392,0.006484,0.006392,0.0064825,132
2026-04-30T11:00:00+0000,0.006478,0.0065255,0.0064675,0.006516,65
2026-04-30T12:00:00+0000,0.006507,0.006507,0.0064825,0.0064855,11
2026-04-30T13:00:00+0000,0.006492,0.0065095,0.006489,0.00649,42
2026-04-30T14:00:00+0000,0.0064935,0.006499,0.0064935,0.006498,17
2026-04-30T16:00:00+0000,0.0065015,0.0065025,0.0065015,0.0065025,2
2026-04-30T18:00:00+0000,0.006511,0.006511,0.006511,0.006511,2
2026-04-30T19:00:00+0000,0.0065055,0.0065055,0.0065055,0.0065055,3
2026-04-30T23:00:00+0000,0.0064985,0.0064985,0.0064985,0.0064985,1
2026-05-01T01:00:00+0000,0.0064805,0.0064815,0.0064755,0.0064755,31
2026-05-01T02:00:00+0000,0.0064755,0.0064775,0.00647,0.00647,38
2026-05-01T03:00:00+0000,0.006478,0.006479,0.006478,0.006479,3
2026-05-01T04:00:00+0000,0.0064755,0.0064755,0.006473,0.006473,4
2026-05-01T05:00:00+0000,0.006474,0.006474,0.006473,0.006473,6
2026-05-01T06:00:00+0000,0.006476,0.0065305,0.006474,0.0065305,7
2026-05-01T08:00:00+0000,0.0065075,0.0065075,0.0065075,0.0065075,1
2026-05-01T09:00:00+0000,0.006503,0.006503,0.006495,0.006495,2
2026-05-01T10:00:00+0000,0.0065035,0.0065035,0.0065035,0.0065035,1
2026-05-01T11:00:00+0000,0.0064995,0.0064995,0.0064995,0.0064995,1
2026-05-01T12:00:00+0000,0.0065005,0.0065005,0.006499,0.006499,2
2026-05-01T16:00:00+0000,0.006489,0.006489,0.0064885,0.0064885,4
2026-05-01T18:00:00+0000,0.006482,0.006482,0.006482,0.006482,2
2026-05-01T20:00:00+0000,0.00648,0.00648,0.00648,0.00648,1
2026-05-03T22:00:00+0000,0.006494,0.006494,0.006494,0.006494,1
2026-05-04T01:00:00+0000,0.0064815,0.0064885,0.006481,0.0064825,6
2026-05-04T03:00:00+0000,0.0064745,0.0065275,0.0064745,0.0065275,122
2026-05-04T06:00:00+0000,0.0064875,0.0064875,0.0064875,0.0064875,2
2026-05-04T07:00:00+0000,0.0064855,0.0064875,0.0064855,0.0064865,4
2026-05-04T10:00:00+0000,0.00648,0.00648,0.0064785,0.0064785,104
2026-05-04T11:00:00+0000,0.00648,0.00648,0.006476,0.006476,12
2026-05-04T13:00:00+0000,0.006476,0.006476,0.006476,0.006476,1
2026-05-04T14:00:00+0000,0.0064815,0.0064815,0.0064815,0.0064815,6
2026-05-04T15:00:00+0000,0.0064755,0.0064755,0.0064755,0.0064755,1
2026-05-04T19:00:00+0000,0.006489,0.006489,0.006489,0.006489,2
2026-05-05T00:00:00+0000,0.006477,0.006477,0.0064765,0.0064765,2
2026-05-05T06:00:00+0000,0.006474,0.006474,0.006474,0.006474,1
2026-05-05T09:00:00+0000,0.0064665,0.00647,0.006459,0.0064615,12
2026-05-05T10:00:00+0000,0.006459,0.00646,0.006459,0.00646,4
2026-05-05T11:00:00+0000,0.0064545,0.0064555,0.0064545,0.0064555,7
2026-05-05T13:00:00+0000,0.006451,0.006451,0.006451,0.006451,2
2026-05-05T14:00:00+0000,0.0064535,0.0064555,0.0064535,0.0064555,6
2026-05-05T15:00:00+0000,0.006456,0.006458,0.006455,0.006457,17
2026-05-05T16:00:00+0000,0.0064565,0.0064565,0.0064525,0.0064525,21
2026-05-05T19:00:00+0000,0.006448,0.006448,0.006448,0.006448,1
2026-05-05T23:00:00+0000,0.006454,0.006454,0.006454,0.006454,1
2026-05-06T04:00:00+0000,0.0064505,0.0065595,0.00645,0.0065295,37
2026-05-06T05:00:00+0000,0.006525,0.006527,0.006512,0.006513,17
2026-05-06T07:00:00+0000,0.0065035,0.0065155,0.0065035,0.0065155,2
2026-05-06T08:00:00+0000,0.006527,0.006531,0.006527,0.006529,109
2026-05-06T09:00:00+0000,0.006521,0.006528,0.006521,0.006528,22
2026-05-06T10:00:00+0000,0.006529,0.006541,0.0065235,0.006541,27
2026-05-06T11:00:00+0000,0.0065345,0.006536,0.0065215,0.006523,207
2026-05-06T12:00:00+0000,0.0065195,0.0065205,0.006513,0.0065145,46
2026-05-06T13:00:00+0000,0.0065155,0.0065225,0.006512,0.006519,75
2026-05-06T14:00:00+0000,0.0065175,0.006519,0.0065175,0.006518,5
2026-05-06T15:00:00+0000,0.006511,0.006511,0.006509,0.006509,3
2026-05-06T16:00:00+0000,0.006507,0.0065095,0.0065055,0.006508,49
2026-05-06T17:00:00+0000,0.006507,0.006507,0.006507,0.006507,2
2026-05-06T18:00:00+0000,0.0065075,0.0065075,0.0065075,0.0065075,1
2026-05-07T00:00:00+0000,0.006506,0.0065115,0.006506,0.0065105,3
2026-05-07T01:00:00+0000,0.006509,0.006517,0.006509,0.006517,10
2026-05-07T05:00:00+0000,0.006508,0.006508,0.006507,0.006507,8
2026-05-07T06:00:00+0000,0.006511,0.006516,0.006508,0.0065115,18
2026-05-07T07:00:00+0000,0.0065165,0.0065195,0.0065165,0.0065195,7
2026-05-07T08:00:00+0000,0.006511,0.006511,0.006511,0.006511,1
2026-05-07T09:00:00+0000,0.0065065,0.0065065,0.006506,0.006506,2
2026-05-07T12:00:00+0000,0.006512,0.006512,0.006512,0.006512,1
2026-05-07T13:00:00+0000,0.006508,0.006508,0.006508,0.006508,1
2026-05-07T14:00:00+0000,0.0065065,0.006515,0.0065065,0.006515,12
2026-05-07T15:00:00+0000,0.0065125,0.0065125,0.0065045,0.0065045,11
2026-05-07T16:00:00+0000,0.006498,0.006498,0.006498,0.006498,1
2026-05-07T17:00:00+0000,0.006492,0.006492,0.006492,0.006492,2
2026-05-07T22:00:00+0000,0.006484,0.006485,0.006484,0.006485,11
2026-05-08T01:00:00+0000,0.0064855,0.0064855,0.0064855,0.0064855,1
2026-05-08T04:00:00+0000,0.006485,0.006485,0.006485,0.006485,2
2026-05-08T06:00:00+0000,0.0064865,0.0064865,0.0064865,0.0064865,1
2026-05-08T07:00:00+0000,0.006486,0.006486,0.006486,0.006486,2
2026-05-08T09:00:00+0000,0.0064935,0.0064935,0.0064935,0.0064935,1
2026-05-08T12:00:00+0000,0.0064925,0.0065,0.0064925,0.0064985,7
2026-05-08T13:00:00+0000,0.006504,0.006504,0.006504,0.006504,1
2026-05-10T23:00:00+0000,0.006485,0.0064855,0.006485,0.0064855,4
2026-05-11T00:00:00+0000,0.006486,0.006486,0.0064845,0.0064845,3
2026-05-11T05:00:00+0000,0.006474,0.006474,0.006474,0.006474,1
2026-05-11T10:00:00+0000,0.0064755,0.0064765,0.0064755,0.0064765,19
2026-05-11T14:00:00+0000,0.0064795,0.0064795,0.0064795,0.0064795,1
2026-05-11T15:00:00+0000,0.0064795,0.0064795,0.0064795,0.0064795,7
2026-05-11T17:00:00+0000,0.0064725,0.006475,0.0064725,0.006475,2
2026-05-11T23:00:00+0000,0.006471,0.006471,0.0064695,0.0064695,3
2026-05-12T00:00:00+0000,0.00647,0.00647,0.006463,0.006463,8
2026-05-12T01:00:00+0000,0.0064585,0.0064585,0.0064585,0.0064585,1
2026-05-12T02:00:00+0000,0.006458,0.006458,0.006458,0.006458,1
2026-05-12T03:00:00+0000,0.006454,0.006454,0.006454,0.006454,1
2026-05-12T05:00:00+0000,0.006452,0.0064795,0.0064495,0.0064795,5
2026-05-12T06:00:00+0000,0.0064625,0.0064625,0.0064625,0.0064625,1
2026-05-12T09:00:00+0000,0.0064545,0.0064545,0.0064545,0.0064545,1
2026-05-12T15:00:00+0000,0.0064505,0.0064505,0.0064505,0.0064505,1
2026-05-12T17:00:00+0000,0.006453,0.006453,0.00645,0.00645,6
2026-05-12T18:00:00+0000,0.006452,0.006452,0.006452,0.006452,3
2026-05-13T02:00:00+0000,0.006453,0.006453,0.006453,0.006453,2
2026-05-13T06:00:00+0000,0.006451,0.006451,0.006451,0.006451,2
2026-05-13T07:00:00+0000,0.006448,0.006448,0.006448,0.006448,1
2026-05-13T08:00:00+0000,0.006447,0.006447,0.006447,0.006447,183
2026-05-13T09:00:00+0000,0.006447,0.006447,0.006447,0.006447,26
2026-05-13T11:00:00+0000,0.006448,0.006448,0.006448,0.006448,1
2026-05-13T12:00:00+0000,0.0064435,0.0064435,0.0064435,0.0064435,1
2026-05-13T15:00:00+0000,0.0064455,0.0064475,0.0064455,0.0064475,2
2026-05-13T16:00:00+0000,0.006447,0.006447,0.006447,0.006447,1
2026-05-14T02:00:00+0000,0.0064415,0.0064415,0.0064415,0.0064415,3
2026-05-14T03:00:00+0000,0.006439,0.006439,0.006439,0.006439,1
2026-05-14T05:00:00+0000,0.006442,0.006442,0.006442,0.006442,1
2026-05-14T10:00:00+0000,0.006441,0.006441,0.006441,0.006441,1
2026-05-14T12:00:00+0000,0.006439,0.006439,0.006439,0.006439,14
2026-05-14T13:00:00+0000,0.0064535,0.0064535,0.0064535,0.0064535,2
2026-05-14T19:00:00+0000,0.0064295,0.0064295,0.0064295,0.0064295,2
2026-05-14T23:00:00+0000,0.0064225,0.0064225,0.0064225,0.0064225,6
2026-05-15T00:00:00+0000,0.0064205,0.0064205,0.0064205,0.0064205,1
2026-05-15T01:00:00+0000,0.006417,0.006417,0.006417,0.006417,1
2026-05-15T09:00:00+0000,0.0064155,0.006417,0.0064155,0.006417,3
2026-05-15T13:00:00+0000,0.00641,0.00641,0.00641,0.00641,5
2026-05-15T14:00:00+0000,0.006409,0.006409,0.006409,0.006409,6
2026-05-15T18:00:00+0000,0.0064065,0.0064065,0.0064065,0.0064065,2
2026-05-17T22:00:00+0000,0.0064045,0.0064045,0.0064045,0.0064045,2
2026-05-18T00:00:00+0000,0.006399,0.006399,0.006399,0.006399,6
2026-05-18T02:00:00+0000,0.006399,0.0064,0.006399,0.0064,4
2026-05-18T04:00:00+0000,0.0064025,0.0064025,0.0064025,0.0064025,1
2026-05-18T07:00:00+0000,0.0063985,0.0064005,0.0063985,0.0064005,3
2026-05-18T08:00:00+0000,0.006401,0.006401,0.0064005,0.0064005,3
2026-05-18T12:00:00+0000,0.0064055,0.0064055,0.006405,0.006405,5
2026-05-18T15:00:00+0000,0.0063985,0.006399,0.0063985,0.006399,8
2026-05-18T18:00:00+0000,0.006395,0.006395,0.006395,0.006395,1
2026-05-19T00:00:00+0000,0.0063995,0.0063995,0.0063995,0.0063995,1
2026-05-19T02:00:00+0000,0.006397,0.006397,0.006397,0.006397,1
2026-05-19T03:00:00+0000,0.0063965,0.0063965,0.0063965,0.0063965,2
2026-05-19T04:00:00+0000,0.006398,0.006398,0.006398,0.006398,4
2026-05-19T12:00:00+0000,0.0063995,0.0063995,0.0063995,0.0063995,4
2026-05-19T14:00:00+0000,0.006386,0.0063895,0.006386,0.0063895,9
2026-05-19T15:00:00+0000,0.006391,0.0063925,0.00638,0.006387,730
2026-05-19T18:00:00+0000,0.0064015,0.006402,0.0064015,0.006402,730
2026-05-20T00:00:00+0000,0.0063925,0.006395,0.0063925,0.006395,14
2026-05-20T02:00:00+0000,0.006397,0.006399,0.006397,0.006399,6
2026-05-20T03:00:00+0000,0.0063985,0.0063985,0.0063985,0.0063985,2
2026-05-20T06:00:00+0000,0.0063955,0.0063955,0.0063955,0.0063955,1
2026-05-20T07:00:00+0000,0.0063955,0.0063955,0.006393,0.006393,2
2026-05-20T08:00:00+0000,0.006392,0.006395,0.006392,0.006394,99
2026-05-20T09:00:00+0000,0.0063955,0.0063965,0.0063935,0.006394,73
2026-05-20T10:00:00+0000,0.0063925,0.0063945,0.0063925,0.0063945,17
2026-05-20T11:00:00+0000,0.0063945,0.006396,0.006394,0.006394,26
2026-05-20T12:00:00+0000,0.0063945,0.0063955,0.0063925,0.0063935,57
2026-05-20T13:00:00+0000,0.006395,0.006395,0.006391,0.0063915,28
2026-05-20T14:00:00+0000,0.0063915,0.006402,0.0063915,0.006401,49
2026-05-20T15:00:00+0000,0.006401,0.00641,0.006399,0.0064015,67
2026-05-20T16:00:00+0000,0.0064025,0.0064025,0.006398,0.0063995,38
2026-05-21T00:00:00+0000,0.0063955,0.0063955,0.0063955,0.0063955,2
2026-05-21T13:00:00+0000,0.006385,0.006385,0.006383,0.006383,4
2026-05-21T15:00:00+0000,0.006386,0.006386,0.006385,0.006385,4
2026-05-21T17:00:00+0000,0.006396,0.006396,0.006396,0.006396,2
2026-05-22T04:00:00+0000,0.006393,0.006393,0.006392,0.006392,2
2026-05-22T05:00:00+0000,0.0063915,0.0063915,0.0063915,0.0063915,1
2026-05-22T10:00:00+0000,0.0063885,0.00639,0.0063885,0.00639,2
2026-05-24T23:00:00+0000,0.006398,0.006398,0.006398,0.006398,5
2026-05-25T03:00:00+0000,0.0063995,0.0063995,0.0063995,0.0063995,1
2026-05-26T00:00:00+0000,0.006393,0.006393,0.006393,0.006393,1
2026-05-26T01:00:00+0000,0.006395,0.006395,0.006395,0.006395,1
2026-05-26T05:00:00+0000,0.006393,0.006393,0.006393,0.006393,1
2026-05-26T06:00:00+0000,0.006392,0.006392,0.006392,0.006392,1
2026-05-26T07:00:00+0000,0.0063865,0.0063865,0.0063865,0.0063865,2
2026-05-26T08:00:00+0000,0.006384,0.0063845,0.006384,0.0063845,3
2026-05-26T14:00:00+0000,0.0063825,0.0063825,0.0063825,0.0063825,6
2026-05-26T15:00:00+0000,0.0063805,0.0063805,0.0063805,0.0063805,2
2026-05-26T17:00:00+0000,0.006381,0.006381,0.006381,0.006381,6
2026-05-26T22:00:00+0000,0.006381,0.006381,0.006381,0.006381,1
2026-05-27T02:00:00+0000,0.0063815,0.0063815,0.0063815,0.0063815,1
2026-05-27T07:00:00+0000,0.006378,0.006378,0.006378,0.006378,5
2026-05-27T12:00:00+0000,0.006377,0.006377,0.006377,0.006377,10
2026-05-27T13:00:00+0000,0.006375,0.006377,0.006375,0.006377,8
2026-05-28T00:00:00+0000,0.006368,0.006368,0.006368,0.006368,12
2026-05-28T03:00:00+0000,0.006367,0.006367,0.0063655,0.0063665,43
2026-05-28T07:00:00+0000,0.006371,0.006371,0.006371,0.006371,1
2026-05-28T08:00:00+0000,0.006373,0.006373,0.006373,0.006373,1
2026-05-28T12:00:00+0000,0.0063765,0.0063765,0.0063765,0.0063765,2
2026-05-28T14:00:00+0000,0.00638,0.00638,0.00638,0.00638,1
2026-05-29T00:00:00+0000,0.0063775,0.0063775,0.0063775,0.0063775,1
2026-05-29T04:00:00+0000,0.006375,0.006375,0.006375,0.006375,1
2026-05-29T13:00:00+0000,0.0063775,0.0063775,0.0063775,0.0063775,1
2026-05-29T15:00:00+0000,0.00638,0.00638,0.00638,0.00638,15
2026-05-29T17:00:00+0000,0.0063805,0.0063805,0.0063805,0.0063805,1
2026-05-29T18:00:00+0000,0.006378,0.006379,0.006378,0.006379,8
2026-06-01T01:00:00+0000,0.0063685,0.0063685,0.0063685,0.0063685,1
2026-06-01T04:00:00+0000,0.00637,0.006371,0.0063695,0.00637,18
2026-06-01T09:00:00+0000,0.00637,0.00637,0.00637,0.00637,1
2026-06-01T13:00:00+0000,0.006363,0.006363,0.0063605,0.0063615,12
2026-06-01T14:00:00+0000,0.00636,0.0063605,0.00636,0.0063605,2
2026-06-02T00:00:00+0000,0.006362,0.006362,0.006362,0.006362,1
2026-06-02T03:00:00+0000,0.006361,0.006361,0.006361,0.006361,1
2026-06-02T05:00:00+0000,0.0063605,0.0063605,0.0063605,0.0063605,1
2026-06-02T10:00:00+0000,0.00636,0.00636,0.00636,0.00636,4
2026-06-02T14:00:00+0000,0.0063545,0.0063545,0.0063535,0.0063545,24
2026-06-02T18:00:00+0000,0.00635,0.00635,0.00635,0.00635,1
2026-06-02T20:00:00+0000,0.0063515,0.0063515,0.0063515,0.0063515,3
2026-06-03T12:00:00+0000,0.00635,0.00635,0.00635,0.00635,1
2026-06-03T13:00:00+0000,0.006349,0.0063495,0.006349,0.0063495,11
2026-06-03T15:00:00+0000,0.006347,0.006347,0.006347,0.006347,1
2026-06-03T16:00:00+0000,0.0063465,0.0063465,0.0063455,0.0063455,2
2026-06-04T01:00:00+0000,0.0063505,0.0063505,0.0063505,0.0063505,1
2026-06-04T03:00:00+0000,0.006346,0.006346,0.006346,0.006346,1
2026-06-04T11:00:00+0000,0.006355,0.006356,0.006355,0.006356,2
2026-06-04T13:00:00+0000,0.00635,0.00635,0.00635,0.00635,1
2026-06-04T14:00:00+0000,0.0063475,0.0063475,0.006346,0.0063465,16
2026-06-04T16:00:00+0000,0.006346,0.006346,0.006346,0.006346,1
2026-06-05T12:00:00+0000,0.006342,0.006342,0.006339,0.006339,11
2026-06-05T15:00:00+0000,0.0063355,0.006336,0.0063355,0.006336,3
2026-06-05T18:00:00+0000,0.0063375,0.0063375,0.0063375,0.0063375,2
2026-06-05T19:00:00+0000,0.0063385,0.0063385,0.0063385,0.0063385,1
2026-06-08T05:00:00+0000,0.006334,0.0063345,0.006334,0.0063345,2
2026-06-08T06:00:00+0000,0.0063365,0.0063365,0.0063355,0.0063355,2
2026-06-08T09:00:00+0000,0.006345,0.0063455,0.006345,0.0063455,3
2026-06-08T11:00:00+0000,0.006347,0.006347,0.006347,0.006347,2
2026-06-08T18:00:00+0000,0.0063405,0.006341,0.0063405,0.006341,9
2026-06-09T00:00:00+0000,0.006338,0.0063405,0.0063355,0.0063355,7
2026-06-09T01:00:00+0000,0.006337,0.0063385,0.0063365,0.0063385,3
2026-06-09T03:00:00+0000,0.006337,0.006337,0.006337,0.006337,4
2026-06-09T10:00:00+0000,0.006338,0.006338,0.0063365,0.006337,15
2026-06-09T11:00:00+0000,0.0063385,0.0063385,0.0063375,0.0063385,5
2026-06-09T12:00:00+0000,0.0063385,0.0063385,0.006338,0.006338,31
2026-06-09T13:00:00+0000,0.0063375,0.0063375,0.006336,0.0063365,3
2026-06-09T14:00:00+0000,0.0063365,0.0063365,0.006335,0.006335,2
2026-06-09T15:00:00+0000,0.0063345,0.006335,0.0063345,0.006335,2
2026-06-09T17:00:00+0000,0.00633,0.00633,0.00633,0.00633,10
2026-06-09T19:00:00+0000,0.006329,0.006329,0.006329,0.006329,1
2026-06-09T23:00:00+0000,0.006329,0.0063295,0.006329,0.0063295,2
2026-06-10T00:00:00+0000,0.00633,0.0063305,0.00633,0.00633,4
2026-06-10T01:00:00+0000,0.0063295,0.0063295,0.0063295,0.0063295,1
2026-06-10T04:00:00+0000,0.0063295,0.0063295,0.0063295,0.0063295,1
2026-06-10T08:00:00+0000,0.006328,0.006328,0.006328,0.006328,1
2026-06-10T13:00:00+0000,0.0063285,0.0063285,0.0063275,0.0063275,2
2026-06-10T15:00:00+0000,0.0063265,0.0063265,0.0063255,0.0063255,5
2026-06-10T16:00:00+0000,0.006325,0.006325,0.006325,0.006325,1
2026-06-10T20:00:00+0000,0.006322,0.006322,0.006322,0.006322,1
2026-06-10T22:00:00+0000,0.006322,0.006322,0.006322,0.006322,107
2026-06-10T23:00:00+0000,0.0063205,0.006323,0.0063205,0.006323,35
2026-06-11T00:00:00+0000,0.0063235,0.006324,0.0063235,0.0063235,13
2026-06-11T02:00:00+0000,0.0063225,0.0063225,0.0063225,0.0063225,1
2026-06-11T03:00:00+0000,0.0063225,0.0063225,0.0063225,0.0063225,1
2026-06-11T05:00:00+0000,0.006322,0.006322,0.006322,0.006322,4
2026-06-11T07:00:00+0000,0.0063225,0.0063225,0.006322,0.006322,2
2026-06-11T09:00:00+0000,0.006321,0.006321,0.006321,0.006321,6
2026-06-11T10:00:00+0000,0.0063225,0.0063225,0.006321,0.006321,21
2026-06-11T13:00:00+0000,0.0063215,0.0063215,0.0063215,0.0063215,1
2026-06-11T14:00:00+0000,0.006322,0.006322,0.006322,0.006322,1
2026-06-11T15:00:00+0000,0.006324,0.006324,0.006324,0.006324,1
2026-06-11T16:00:00+0000,0.006322,0.006322,0.0063215,0.006322,12
2026-06-11T17:00:00+0000,0.0063225,0.006339,0.0063225,0.006339,2
2026-06-11T18:00:00+0000,0.00634,0.00634,0.00634,0.00634,1
2026-06-11T19:00:00+0000,0.00636,0.00636,0.00636,0.00636,1
2026-06-11T20:00:00+0000,0.006349,0.006349,0.006349,0.006349,1
2026-06-11T23:00:00+0000,0.006339,0.006339,0.0063355,0.0063355,50
2026-06-12T00:00:00+0000,0.0063325,0.006335,0.0063325,0.0063335,32
2026-06-12T01:00:00+0000,0.006331,0.006331,0.006331,0.006331,2
2026-06-12T02:00:00+0000,0.006331,0.006331,0.00633,0.00633,3
2026-06-12T05:00:00+0000,0.0063305,0.0063305,0.0063305,0.0063305,1
2026-06-12T06:00:00+0000,0.006329,0.006329,0.006329,0.006329,30
2026-06-12T07:00:00+0000,0.0063265,0.0063265,0.0063265,0.0063265,2
2026-06-12T08:00:00+0000,0.0063385,0.0063385,0.0063355,0.006337,151
2026-06-12T09:00:00+0000,0.0063375,0.0063395,0.0063375,0.0063395,31
2026-06-12T11:00:00+0000,0.006334,0.006334,0.006334,0.006334,22
2026-06-12T12:00:00+0000,0.0063305,0.0063305,0.00633,0.00633,37
2026-06-12T13:00:00+0000,0.0063335,0.0063335,0.0063335,0.0063335,1
2026-06-12T14:00:00+0000,0.006333,0.006333,0.006333,0.006333,1
2026-06-12T15:00:00+0000,0.0063345,0.0063345,0.006332,0.006332,8
2026-06-12T16:00:00+0000,0.006331,0.006331,0.006331,0.006331,1
2026-06-12T19:00:00+0000,0.006332,0.006332,0.006332,0.006332,1
2026-06-14T22:00:00+0000,0.006346,0.006351,0.006345,0.006346,301
2026-06-14T23:00:00+0000,0.006341,0.006341,0.006341,0.006341,1
2026-06-15T00:00:00+0000,0.0063425,0.0063425,0.0063415,0.0063415,3
2026-06-15T01:00:00+0000,0.0063365,0.0063365,0.0063325,0.0063325,32
2026-06-15T02:00:00+0000,0.006332,0.0063325,0.006332,0.0063325,31
2026-06-15T03:00:00+0000,0.006336,0.0063385,0.006336,0.0063375,10
2026-06-15T05:00:00+0000,0.00634,0.00634,0.00634,0.00634,1
2026-06-15T06:00:00+0000,0.006334,0.006334,0.006334,0.006334,1
2026-06-15T08:00:00+0000,0.006337,0.006337,0.006335,0.006335,32
2026-06-15T09:00:00+0000,0.0063355,0.0063355,0.0063345,0.0063345,2
2026-06-15T10:00:00+0000,0.006337,0.006337,0.006337,0.006337,1
2026-06-15T11:00:00+0000,0.0063345,0.0063345,0.006333,0.006333,2
2026-06-15T14:00:00+0000,0.0063375,0.0063375,0.0063355,0.0063355,2
2026-06-15T15:00:00+0000,0.0063355,0.0063355,0.0063335,0.0063335,3
2026-06-15T16:00:00+0000,0.0063335,0.0063335,0.0063335,0.0063335,1
2026-06-15T18:00:00+0000,0.006329,0.006329,0.006329,0.006329,2
2026-06-15T20:00:00+0000,0.0063275,0.0063275,0.0063275,0.0063275,1
2026-06-15T22:00:00+0000,0.0063275,0.0063275,0.0063275,0.0063275,1
2026-06-16T03:00:00+0000,0.006331,0.006334,0.006331,0.006334,2
2026-06-16T05:00:00+0000,0.0063295,0.0063295,0.0063295,0.0063295,1
2026-06-16T06:00:00+0000,0.00633,0.006334,0.00633,0.006334,4
2026-06-16T08:00:00+0000,0.006328,0.006328,0.006328,0.006328,18
2026-06-16T09:00:00+0000,0.006328,0.006328,0.0063275,0.0063275,3
2026-06-16T11:00:00+0000,0.0063285,0.0063285,0.006327,0.006327,34
2026-06-16T12:00:00+0000,0.0063255,0.006328,0.0063255,0.006328,3
2026-06-16T14:00:00+0000,0.0063235,0.006325,0.006323,0.006325,3
2026-06-16T15:00:00+0000,0.0063225,0.0063235,0.0063225,0.0063235,2
2026-06-16T17:00:00+0000,0.0063235,0.0063235,0.0063235,0.0063235,1
2026-06-17T01:00:00+0000,0.006325,0.006325,0.006325,0.006325,4
2026-06-17T04:00:00+0000,0.0063285,0.006329,0.006328,0.006329,10
2026-06-17T05:00:00+0000,0.006329,0.006329,0.006329,0.006329,1
2026-06-17T07:00:00+0000,0.006328,0.0063285,0.006328,0.0063285,2
2026-06-17T09:00:00+0000,0.006331,0.006331,0.00633,0.00633,8
2026-06-17T10:00:00+0000,0.00633,0.0063305,0.006329,0.006329,6
2026-06-17T11:00:00+0000,0.006327,0.006327,0.0063265,0.0063265,4
2026-06-17T12:00:00+0000,0.006325,0.0063295,0.006325,0.0063295,10
2026-06-17T13:00:00+0000,0.0063275,0.0063275,0.0063275,0.0063275,5
2026-06-17T14:00:00+0000,0.006329,0.006329,0.0063265,0.006328,27
2026-06-17T17:00:00+0000,0.0063295,0.0063295,0.0063295,0.0063295,2
2026-06-17T18:00:00+0000,0.006325,0.006325,0.0063195,0.006322,9
2026-06-17T19:00:00+0000,0.0063175,0.006318,0.0063115,0.006313,10
2026-06-17T20:00:00+0000,0.006313,0.0063145,0.006313,0.0063145,4
2026-06-17T23:00:00+0000,0.0063175,0.0063175,0.0063175,0.0063175,90
2026-06-18T00:00:00+0000,0.006314,0.006314,0.006314,0.006314,1
2026-06-18T02:00:00+0000,0.0063155,0.006319,0.0063155,0.0063185,18
2026-06-18T03:00:00+0000,0.0063175,0.0063175,0.0063175,0.0063175,4
2026-06-18T07:00:00+0000,0.0063165,0.0063165,0.0063165,0.0063165,1
2026-06-18T08:00:00+0000,0.0063165,0.0063165,0.0063165,0.0063165,1
2026-06-18T09:00:00+0000,0.00631,0.006315,0.00631,0.006311,33
2026-06-18T10:00:00+0000,0.0063085,0.00631,0.0063045,0.0063045,38
2026-06-18T11:00:00+0000,0.006307,0.006307,0.006307,0.006307,2
2026-06-18T13:00:00+0000,0.006309,0.006309,0.0063085,0.0063085,4
2026-06-18T15:00:00+0000,0.0063,0.0063,0.006288,0.006288,25
2026-06-18T16:00:00+0000,0.006291,0.006291,0.0062905,0.0062905,2
2026-06-18T17:00:00+0000,0.006288,0.006288,0.006288,0.006288,16
2026-06-18T18:00:00+0000,0.0062835,0.0062835,0.0062755,0.0062755,9
2026-06-18T20:00:00+0000,0.006285,0.006285,0.006285,0.006285,1
2026-06-19T00:00:00+0000,0.006292,0.006292,0.006292,0.006292,6
2026-06-19T03:00:00+0000,0.0062935,0.006294,0.0062935,0.006294,6
2026-06-19T05:00:00+0000,0.006287,0.0062885,0.006287,0.0062885,3
2026-06-19T07:00:00+0000,0.0062915,0.0062915,0.0062915,0.0062915,1
2026-06-19T08:00:00+0000,0.0062905,0.0062905,0.0062905,0.0062905,1
2026-06-19T09:00:00+0000,0.0062905,0.006292,0.0062895,0.0062915,33
2026-06-19T10:00:00+0000,0.0062915,0.0062915,0.00629,0.00629,3
2026-06-19T13:00:00+0000,0.0062935,0.0062935,0.0062905,0.0062905,8
2026-06-19T14:00:00+0000,0.0062905,0.0062905,0.0062905,0.0062905,2
2026-06-19T15:00:00+0000,0.0062915,0.0062915,0.006291,0.006291,2
2026-06-21T23:00:00+0000,0.006285,0.006285,0.006285,0.006285,1
2026-06-22T00:00:00+0000,0.006284,0.0062845,0.006283,0.006283,60
2026-06-22T01:00:00+0000,0.0062845,0.0062845,0.006283,0.006283,31
2026-06-22T02:00:00+0000,0.00628,0.00628,0.00628,0.00628,1
2026-06-22T03:00:00+0000,0.0062805,0.0062805,0.0062805,0.0062805,1
2026-06-22T04:00:00+0000,0.006275,0.006275,0.006275,0.006275,1
2026-06-22T06:00:00+0000,0.0062765,0.0062765,0.0062765,0.0062765,1
2026-06-22T07:00:00+0000,0.0062715,0.0062715,0.0062715,0.0062715,2
2026-06-22T08:00:00+0000,0.0062725,0.0062725,0.0062725,0.0062725,1
2026-06-22T10:00:00+0000,0.0062735,0.0062755,0.006273,0.0062735,47
2026-06-22T11:00:00+0000,0.0062695,0.0062695,0.006269,0.006269,14
2026-06-22T12:00:00+0000,0.0062705,0.006272,0.0062705,0.006272,2
2026-06-22T13:00:00+0000,0.00627,0.00627,0.0062655,0.0062655,5
2026-06-22T14:00:00+0000,0.0062655,0.0062965,0.0062655,0.0062905,16
2026-06-22T15:00:00+0000,0.0062855,0.0062855,0.006281,0.006281,2
2026-06-22T16:00:00+0000,0.006277,0.0062785,0.006277,0.0062785,2
2026-06-22T17:00:00+0000,0.0062815,0.0062815,0.006281,0.006281,3
2026-06-23T00:00:00+0000,0.0062785,0.0062785,0.0062785,0.0062785,1
2026-06-23T04:00:00+0000,0.006279,0.006279,0.006279,0.006279,1
2026-06-23T05:00:00+0000,0.0062765,0.0062765,0.0062735,0.006275,3
2026-06-23T06:00:00+0000,0.006275,0.006275,0.006273,0.006273,38
2026-06-23T07:00:00+0000,0.006285,0.006285,0.0062825,0.0062825,3
2026-06-23T08:00:00+0000,0.0062885,0.0062885,0.006283,0.006283,5
2026-06-23T10:00:00+0000,0.0062865,0.0062865,0.0062855,0.0062855,4
2026-06-23T11:00:00+0000,0.0062845,0.0062845,0.006277,0.006277,31
2026-06-23T12:00:00+0000,0.006278,0.0062815,0.006278,0.0062815,2
2026-06-23T13:00:00+0000,0.006281,0.006282,0.006281,0.006282,10
2026-06-23T14:00:00+0000,0.00628,0.00628,0.0062785,0.0062785,2
2026-06-23T15:00:00+0000,0.0062795,0.0062805,0.0062795,0.0062805,6
2026-06-23T18:00:00+0000,0.0062785,0.0062785,0.0062785,0.0062785,2
2026-06-23T20:00:00+0000,0.0062775,0.0062775,0.0062775,0.0062775,1
2026-06-23T23:00:00+0000,0.006279,0.006279,0.006279,0.006279,61
2026-06-24T00:00:00+0000,0.006277,0.006277,0.0062765,0.006277,3
2026-06-24T01:00:00+0000,0.006277,0.006277,0.006277,0.006277,24
2026-06-24T02:00:00+0000,0.0062795,0.0062795,0.0062795,0.0062795,1
2026-06-24T04:00:00+0000,0.006279,0.0062795,0.006279,0.006279,3
2026-06-24T06:00:00+0000,0.0062745,0.0062745,0.0062745,0.0062745,2
2026-06-24T08:00:00+0000,0.0062715,0.0062715,0.0062715,0.0062715,2
2026-06-24T11:00:00+0000,0.006273,0.0062745,0.006273,0.0062745,2
2026-06-24T12:00:00+0000,0.0062735,0.0062735,0.006272,0.006272,2
2026-06-24T14:00:00+0000,0.006272,0.006272,0.006272,0.006272,3
2026-06-24T16:00:00+0000,0.0062705,0.0062705,0.0062705,0.0062705,2
2026-06-24T19:00:00+0000,0.0062695,0.0062695,0.0062695,0.0062695,2
2026-06-24T20:00:00+0000,0.006268,0.006268,0.006268,0.006268,15
2026-06-24T22:00:00+0000,0.006268,0.006268,0.006268,0.006268,1
2026-06-25T00:00:00+0000,0.0062705,0.0062705,0.0062705,0.0062705,5
2026-06-25T01:00:00+0000,0.006274,0.006274,0.006274,0.006274,2
2026-06-25T02:00:00+0000,0.006271,0.006273,0.006271,0.006273,2
2026-06-25T03:00:00+0000,0.0062715,0.0062715,0.0062705,0.0062705,5
2026-06-25T04:00:00+0000,0.006271,0.0062715,0.0062695,0.0062695,21
2026-06-25T05:00:00+0000,0.00627,0.0062705,0.0062695,0.0062695,6
2026-06-25T06:00:00+0000,0.0062675,0.0062685,0.006266,0.0062665,19
2026-06-25T07:00:00+0000,0.006265,0.006265,0.006265,0.006265,2
2026-06-25T09:00:00+0000,0.0062675,0.0062675,0.0062675,0.0062675,2
2026-06-25T11:00:00+0000,0.006267,0.006267,0.006267,0.006267,1
2026-06-25T12:00:00+0000,0.006264,0.0062685,0.006264,0.006266,120
2026-06-25T13:00:00+0000,0.0062675,0.0062675,0.0062675,0.0062675,1
2026-06-25T14:00:00+0000,0.006272,0.006274,0.006271,0.0062715,8
2026-06-25T15:00:00+0000,0.006273,0.006273,0.006273,0.006273,2
2026-06-25T17:00:00+0000,0.006268,0.006268,0.0062675,0.0062675,50
2026-06-26T00:00:00+0000,0.0062665,0.0062665,0.0062665,0.0062665,1
2026-06-26T01:00:00+0000,0.0062645,0.0062645,0.0062645,0.0062645,2
2026-06-26T06:00:00+0000,0.006274,0.006274,0.0062735,0.0062735,2
2026-06-26T07:00:00+0000,0.006271,0.006273,0.006271,0.006273,5
2026-06-26T08:00:00+0000,0.0062735,0.0062755,0.006273,0.0062755,9
2026-06-26T09:00:00+0000,0.006275,0.006276,0.006273,0.006275,26
2026-06-26T10:00:00+0000,0.006273,0.0062735,0.006273,0.0062735,3
2026-06-26T11:00:00+0000,0.006273,0.006273,0.0062725,0.006273,21
2026-06-26T13:00:00+0000,0.006272,0.006273,0.0062695,0.006272,8
2026-06-26T14:00:00+0000,0.006273,0.006273,0.006273,0.006273,1
2026-06-26T15:00:00+0000,0.006272,0.006272,0.00627,0.00627,14
2026-06-26T17:00:00+0000,0.0062675,0.0062675,0.0062675,0.0062675,1
2026-06-26T19:00:00+0000,0.0062695,0.0062695,0.006268,0.006268,7
2026-06-26T20:00:00+0000,0.006269,0.006269,0.006269,0.006269,1
2026-06-28T22:00:00+0000,0.006264,0.006264,0.006259,0.006259,111
2026-06-29T00:00:00+0000,0.006267,0.006268,0.0062665,0.006268,3
2026-06-29T01:00:00+0000,0.0062685,0.0062685,0.006268,0.006268,4
2026-06-29T02:00:00+0000,0.006269,0.006269,0.006269,0.006269,10
2026-06-29T03:00:00+0000,0.006266,0.006266,0.006266,0.006266,5
2026-06-29T06:00:00+0000,0.006264,0.0062665,0.006264,0.0062665,2
2026-06-29T08:00:00+0000,0.006264,0.006264,0.0062635,0.0062635,2
2026-06-29T09:00:00+0000,0.0062625,0.0062625,0.0062625,0.0062625,1
2026-06-29T13:00:00+0000,0.0062605,0.0062615,0.0062595,0.0062595,25
2026-06-29T14:00:00+0000,0.006262,0.006262,0.006262,0.006262,2
2026-06-29T15:00:00+0000,0.0062605,0.0062605,0.0062605,0.0062605,2
2026-06-29T18:00:00+0000,0.00626,0.00626,0.006259,0.006259,26
2026-06-30T00:00:00+0000,0.006251,0.0062525,0.00625,0.0062525,5
2026-06-30T01:00:00+0000,0.0062475,0.00625,0.0062475,0.00625,2
2026-06-30T02:00:00+0000,0.0062515,0.0062525,0.006251,0.006251,3
2026-06-30T03:00:00+0000,0.0062485,0.006252,0.0062485,0.006252,2
2026-06-30T04:00:00+0000,0.00625,0.00625,0.00625,0.00625,1
2026-06-30T05:00:00+0000,0.0062515,0.0062515,0.0062515,0.0062515,1
2026-06-30T06:00:00+0000,0.006244,0.006248,0.0062425,0.006248,6
2026-06-30T07:00:00+0000,0.00625,0.00625,0.00625,0.00625,1
2026-06-30T08:00:00+0000,0.0062475,0.0062475,0.0062475,0.0062475,1
2026-06-30T11:00:00+0000,0.006243,0.006243,0.006242,0.006242,4
2026-06-30T12:00:00+0000,0.00624,0.0062465,0.0062385,0.006243,9
2026-06-30T14:00:00+0000,0.0062385,0.006243,0.0062385,0.0062415,8
2026-06-30T15:00:00+0000,0.006234,0.006234,0.006234,0.006234,3
2026-06-30T18:00:00+0000,0.0062355,0.0062355,0.0062355,0.0062355,1
2026-06-30T19:00:00+0000,0.006234,0.006234,0.006234,0.006234,1
2026-06-30T20:00:00+0000,0.0062355,0.0062355,0.0062355,0.0062355,1
2026-06-30T23:00:00+0000,0.006235,0.006235,0.0062325,0.0062325,3
2026-07-01T00:00:00+0000,0.006232,0.0062325,0.0062275,0.0062295,17
2026-07-01T02:00:00+0000,0.0062265,0.0062265,0.0062265,0.0062265,2
2026-07-01T04:00:00+0000,0.006235,0.006235,0.006235,0.006235,3
2026-07-01T05:00:00+0000,0.006228,0.006228,0.006228,0.006228,1
2026-07-01T06:00:00+0000,0.0062295,0.0062295,0.0062295,0.0062295,1
2026-07-01T08:00:00+0000,0.0062315,0.0062315,0.0062315,0.0062315,1
2026-07-01T09:00:00+0000,0.0062315,0.0062315,0.00623,0.00623,10
2026-07-01T12:00:00+0000,0.0062305,0.0062305,0.0062305,0.0062305,1
2026-07-01T13:00:00+0000,0.006231,0.0062455,0.0062305,0.0062455,36
2026-07-01T14:00:00+0000,0.006241,0.006243,0.00624,0.00624,7
2026-07-01T15:00:00+0000,0.006242,0.006242,0.006239,0.0062395,7
2026-07-01T18:00:00+0000,0.006235,0.006235,0.006235,0.006235,1
2026-07-02T00:00:00+0000,0.006233,0.006233,0.006233,0.006233,1
2026-07-02T01:00:00+0000,0.006233,0.006233,0.006233,0.006233,2
2026-07-02T03:00:00+0000,0.006238,0.006238,0.006238,0.006238,1
2026-07-02T04:00:00+0000,0.00624,0.00624,0.00624,0.00624,3
2026-07-02T06:00:00+0000,0.0062505,0.006281,0.0062505,0.0062635,22
2026-07-02T07:00:00+0000,0.0062605,0.006274,0.0062605,0.006274,44
2026-07-02T08:00:00+0000,0.0062865,0.0062945,0.0062825,0.006291,48
2026-07-02T09:00:00+0000,0.0062835,0.0062845,0.0062825,0.0062845,4
2026-07-02T10:00:00+0000,0.0062795,0.0062795,0.006275,0.006275,12
2026-07-02T11:00:00+0000,0.0062795,0.0062805,0.0062755,0.0062755,4
2026-07-02T12:00:00+0000,0.006271,0.006306,0.006271,0.006294,46
2026-07-02T13:00:00+0000,0.006291,0.0062945,0.0062875,0.006294,16
2026-07-02T14:00:00+0000,0.0062975,0.0062995,0.006289,0.0062915,17
2026-07-02T15:00:00+0000,0.0062975,0.006302,0.0062975,0.006302,4
2026-07-02T17:00:00+0000,0.0062925,0.0062925,0.006289,0.006289,6
2026-07-02T18:00:00+0000,0.0062915,0.0062915,0.0062915,0.0062915,4
2026-07-02T19:00:00+0000,0.0062875,0.0062875,0.0062875,0.0062875,1
2026-07-02T20:00:00+0000,0.0062895,0.0062895,0.0062895,0.0062895,5
2026-07-02T23:00:00+0000,0.006282,0.006282,0.006277,0.006277,38
2026-07-03T00:00:00+0000,0.006276,0.0062795,0.0062735,0.0062795,8
2026-07-03T01:00:00+0000,0.006289,0.006289,0.0062855,0.006286,5
2026-07-03T04:00:00+0000,0.006285,0.0062865,0.006285,0.0062865,3
2026-07-03T06:00:00+0000,0.00629,0.0063055,0.00629,0.0063,100
2026-07-03T07:00:00+0000,0.0062985,0.0063,0.006296,0.006296,35
2026-07-03T08:00:00+0000,0.006297,0.006297,0.006293,0.006293,23
2026-07-03T12:00:00+0000,0.006288,0.006288,0.006288,0.006288,25
2026-07-03T13:00:00+0000,0.006283,0.006283,0.006283,0.006283,1
2026-07-03T15:00:00+0000,0.0062795,0.00628,0.0062795,0.00628,2
2026-07-03T16:00:00+0000,0.00628,0.00628,0.0062785,0.0062785,3
2026-07-05T22:00:00+0000,0.0062745,0.0062745,0.0062745,0.0062745,1
2026-07-05T23:00:00+0000,0.006275,0.006275,0.0062735,0.0062735,120
2026-07-06T02:00:00+0000,0.0062605,0.006261,0.0062595,0.006261,50
2026-07-06T04:00:00+0000,0.006261,0.006261,0.00626,0.00626,2
2026-07-06T05:00:00+0000,0.0062565,0.0062565,0.006251,0.006251,53
2026-07-06T06:00:00+0000,0.006248,0.006248,0.0062455,0.0062455,5
2026-07-06T08:00:00+0000,0.006243,0.006243,0.006242,0.006242,2
2026-07-06T09:00:00+0000,0.0062435,0.0062435,0.0062435,0.0062435,5
2026-07-06T11:00:00+0000,0.0062425,0.0062425,0.0062425,0.0062425,5
2026-07-06T13:00:00+0000,0.0062385,0.00624,0.0062385,0.006239,7
2026-07-06T14:00:00+0000,0.0062395,0.0062395,0.0062395,0.0062395,4
2026-07-06T15:00:00+0000,0.006241,0.006242,0.006241,0.006242,3
2026-07-06T17:00:00+0000,0.0062455,0.0062485,0.006245,0.0062485,11
2026-07-06T18:00:00+0000,0.0062495,0.006252,0.0062495,0.006252,3
2026-07-06T19:00:00+0000,0.0062505,0.006251,0.0062505,0.006251,4
2026-07-06T20:00:00+0000,0.006252,0.006252,0.00625,0.00625,5
2026-07-06T22:00:00+0000,0.00625,0.00625,0.00625,0.00625,2
2026-07-07T01:00:00+0000,0.0062555,0.0062625,0.0062555,0.0062625,8
2026-07-07T02:00:00+0000,0.0062555,0.006258,0.0062555,0.006257,3
2026-07-07T04:00:00+0000,0.006266,0.006266,0.006266,0.006266,1
2026-07-07T06:00:00+0000,0.0062525,0.0062535,0.0062525,0.006253,4
2026-07-07T07:00:00+0000,0.006253,0.0062585,0.006253,0.006256,55
2026-07-07T08:00:00+0000,0.006256,0.006256,0.006256,0.006256,1
2026-07-07T11:00:00+0000,0.006257,0.006257,0.006257,0.006257,1
2026-07-07T13:00:00+0000,0.0062585,0.00626,0.0062585,0.00626,2
2026-07-07T14:00:00+0000,0.006256,0.006258,0.006256,0.006258,3
2026-07-07T15:00:00+0000,0.0062555,0.0062555,0.006255,0.006255,50
2026-07-07T19:00:00+0000,0.006251,0.0062515,0.006251,0.006251,3
2026-07-07T20:00:00+0000,0.0062505,0.0062505,0.0062505,0.0062505,5
2026-07-08T00:00:00+0000,0.0062385,0.0062395,0.0062385,0.0062395,3
2026-07-08T01:00:00+0000,0.006241,0.006241,0.006238,0.006238,4
2026-07-08T02:00:00+0000,0.006238,0.006238,0.0062375,0.0062375,3
2026-07-08T04:00:00+0000,0.006239,0.006239,0.006238,0.006238,7
2026-07-08T06:00:00+0000,0.0062425,0.0062495,0.0062425,0.0062495,10
2026-07-08T07:00:00+0000,0.006246,0.0062465,0.006245,0.0062455,8
2026-07-08T08:00:00+0000,0.006242,0.006242,0.0062355,0.0062365,12
2026-07-08T09:00:00+0000,0.0062345,0.0062345,0.006233,0.006233,2
2026-07-08T10:00:00+0000,0.0062365,0.0062385,0.006236,0.006236,12
2026-07-08T11:00:00+0000,0.006234,0.006236,0.006234,0.006236,2
2026-07-08T12:00:00+0000,0.006235,0.006235,0.006235,0.006235,1
2026-07-08T13:00:00+0000,0.006235,0.006235,0.006233,0.006233,4
2026-07-08T14:00:00+0000,0.0062325,0.0062335,0.00623,0.00623,5
2026-07-08T15:00:00+0000,0.0062275,0.0062275,0.0062275,0.0062275,1
2026-07-08T16:00:00+0000,0.006229,0.0062305,0.006229,0.0062305,4
2026-07-08T17:00:00+0000,0.006236,0.006236,0.006236,0.006236,1
2026-07-08T20:00:00+0000,0.006235,0.006235,0.006231,0.006231,4
2026-07-08T23:00:00+0000,0.006231,0.006231,0.006231,0.006231,1
2026-07-09T00:00:00+0000,0.006236,0.0062365,0.006236,0.0062365,4
2026-07-09T01:00:00+0000,0.006235,0.006235,0.006232,0.006232,3
2026-07-09T02:00:00+0000,0.006234,0.0062345,0.0062335,0.006234,15
2026-07-09T03:00:00+0000,0.006233,0.0062355,0.006233,0.0062345,10
2026-07-09T04:00:00+0000,0.0062335,0.006235,0.0062335,0.0062345,6
2026-07-09T05:00:00+0000,0.006235,0.0062375,0.006235,0.0062375,5
2026-07-09T06:00:00+0000,0.0062405,0.0062405,0.0062405,0.0062405,1
2026-07-09T07:00:00+0000,0.006238,0.006238,0.006238,0.006238,13
2026-07-09T08:00:00+0000,0.0062355,0.006238,0.0062355,0.006238,12
2026-07-09T09:00:00+0000,0.006236,0.006236,0.0062355,0.0062355,6
2026-07-09T10:00:00+0000,0.006236,0.006236,0.006233,0.006233,5
2026-07-09T11:00:00+0000,0.0062325,0.006234,0.0062325,0.006234,2
2026-07-09T13:00:00+0000,0.0062395,0.0062395,0.0062395,0.0062395,1
2026-07-09T14:00:00+0000,0.0062395,0.0062395,0.006236,0.006236,8
2026-07-09T19:00:00+0000,0.006236,0.006236,0.006236,0.006236,1
2026-07-09T20:00:00+0000,0.0062365,0.0062365,0.0062365,0.0062365,1
2026-07-10T00:00:00+0000,0.0062365,0.006246,0.0062365,0.006246,2
2026-07-10T01:00:00+0000,0.006255,0.006263,0.006255,0.0062615,13
2026-07-10T02:00:00+0000,0.00626,0.0062765,0.00626,0.0062745,41
2026-07-10T03:00:00+0000,0.0062735,0.0062735,0.0062735,0.0062735,30
2026-07-10T04:00:00+0000,0.0062645,0.0062645,0.0062645,0.0062645,2
2026-07-10T05:00:00+0000,0.0062645,0.0062645,0.0062645,0.0062645,1
2026-07-10T06:00:00+0000,0.0062715,0.006273,0.0062665,0.0062665,28
2026-07-10T07:00:00+0000,0.0062635,0.0062635,0.006259,0.0062625,35
2026-07-10T08:00:00+0000,0.006263,0.006263,0.006263,0.006263,2
2026-07-10T09:00:00+0000,0.006258,0.00626,0.006258,0.006258,120
2026-07-10T10:00:00+0000,0.0062585,0.0062585,0.0062585,0.0062585,2
2026-07-10T12:00:00+0000,0.006261,0.006261,0.006258,0.006258,3
2026-07-10T13:00:00+0000,0.006258,0.0062585,0.006258,0.0062585,34
2026-07-10T14:00:00+0000,0.0062595,0.0062595,0.0062555,0.006258,3
2026-07-10T15:00:00+0000,0.0062565,0.006273,0.0062565,0.006273,15
2026-07-10T16:00:00+0000,0.0062775,0.0062775,0.006271,0.006271,44
2026-07-10T17:00:00+0000,0.006268,0.0062685,0.0062665,0.0062665,10
2026-07-12T22:00:00+0000,0.006254,0.006254,0.0062505,0.0062515,61
2026-07-12T23:00:00+0000,0.0062535,0.0062535,0.0062535,0.0062535,2
2026-07-13T00:00:00+0000,0.006249,0.006249,0.006249,0.006249,36
2026-07-13T03:00:00+0000,0.006248,0.006248,0.006248,0.006248,3
2026-07-13T04:00:00+0000,0.006251,0.006251,0.006251,0.006251,2
2026-07-13T05:00:00+0000,0.006248,0.006248,0.0062415,0.0062415,2
2026-07-13T06:00:00+0000,0.006243,0.006243,0.006243,0.006243,1
2026-07-13T07:00:00+0000,0.006246,0.006246,0.006244,0.006244,2
2026-07-13T09:00:00+0000,0.0062505,0.0062505,0.0062505,0.0062505,1
2026-07-13T10:00:00+0000,0.006247,0.006247,0.006247,0.006247,1
2026-07-13T13:00:00+0000,0.006246,0.006246,0.006246,0.006246,1
2026-07-13T14:00:00+0000,0.0062415,0.0062415,0.0062395,0.0062405,8
2026-07-13T15:00:00+0000,0.0062385,0.00624,0.0062385,0.00624,6
2026-07-13T16:00:00+0000,0.0062365,0.0062365,0.0062355,0.006236,5
2026-07-13T17:00:00+0000,0.0062355,0.0062355,0.0062355,0.0062355,3
2026-07-13T19:00:00+0000,0.0062385,0.0062385,0.0062355,0.006236,6
2026-07-13T23:00:00+0000,0.0062345,0.0062355,0.0062345,0.0062355,4
2026-07-14T00:00:00+0000,0.006235,0.0062375,0.006235,0.0062375,3
2026-07-14T01:00:00+0000,0.0062385,0.0062385,0.0062385,0.0062385,1
2026-07-14T02:00:00+0000,0.0062385,0.0062385,0.0062385,0.0062385,2
2026-07-14T03:00:00+0000,0.00624,0.0062425,0.00624,0.0062425,8
2026-07-14T04:00:00+0000,0.006241,0.006241,0.0062385,0.0062385,3
2026-07-14T05:00:00+0000,0.0062405,0.006241,0.0062395,0.0062395,4
2026-07-14T06:00:00+0000,0.0062405,0.0062405,0.0062385,0.0062385,2
2026-07-14T08:00:00+0000,0.0062465,0.0062465,0.0062465,0.0062465,1
2026-07-14T11:00:00+0000,0.0062425,0.0062425,0.0062425,0.0062425,1
2026-07-14T12:00:00+0000,0.006244,0.00626,0.006244,0.006255,55
2026-07-14T13:00:00+0000,0.006252,0.006252,0.006252,0.006252,1
2026-07-14T14:00:00+0000,0.0062515,0.0062535,0.0062515,0.0062515,31
2026-07-14T15:00:00+0000,0.00625,0.0062545,0.0062445,0.0062445,72
2026-07-14T16:00:00+0000,0.006245,0.006245,0.0062435,0.0062435,60
2026-07-14T17:00:00+0000,0.006246,0.006246,0.006246,0.006246,1
2026-07-14T18:00:00+0000,0.00624,0.00624,0.00624,0.00624,10
2026-07-14T19:00:00+0000,0.006243,0.0062435,0.006243,0.0062435,2
2026-07-15T01:00:00+0000,0.0062445,0.0062445,0.0062445,0.0062445,3
2026-07-15T03:00:00+0000,0.0062455,0.0062455,0.0062425,0.0062425,11
2026-07-15T05:00:00+0000,0.006241,0.0062415,0.006241,0.0062415,2
2026-07-15T06:00:00+0000,0.006243,0.006243,0.006243,0.006243,1
2026-07-15T07:00:00+0000,0.0062395,0.0062395,0.0062395,0.0062395,1
2026-07-15T08:00:00+0000,0.0062375,0.0062375,0.0062375,0.0062375,1
2026-07-15T09:00:00+0000,0.0062375,0.0062375,0.0062375,0.0062375,30
2026-07-15T11:00:00+0000,0.006235,0.006235,0.006235,0.006235,1
2026-07-15T12:00:00+0000,0.006237,0.0062395,0.006237,0.0062395,3
2026-07-15T13:00:00+0000,0.0062415,0.0062415,0.0062385,0.0062385,32
2026-07-15T14:00:00+0000,0.0062405,0.0062435,0.0062395,0.0062435,4
2026-07-15T15:00:00+0000,0.0062425,0.0062425,0.0062425,0.0062425,1
2026-07-15T18:00:00+0000,0.00625,0.0062515,0.00625,0.0062515,3
2026-07-15T19:00:00+0000,0.0062475,0.0062475,0.0062405,0.0062405,2
2026-07-16T00:00:00+0000,0.0062425,0.0062425,0.0062405,0.0062405,2
2026-07-16T01:00:00+0000,0.006243,0.006243,0.006243,0.006243,31
2026-07-16T05:00:00+0000,0.006242,0.006242,0.006242,0.006242,1
2026-07-16T06:00:00+0000,0.006241,0.0062425,0.006241,0.0062425,7
2026-07-16T07:00:00+0000,0.006246,0.006246,0.006246,0.006246,1
2026-07-16T08:00:00+0000,0.006241,0.006241,0.006241,0.006241,1
2026-07-16T11:00:00+0000,0.006239,0.006239,0.006239,0.006239,1
2026-07-16T12:00:00+0000,0.006238,0.006238,0.006238,0.006238,1
2026-07-16T13:00:00+0000,0.006235,0.0062375,0.0062325,0.0062325,104
2026-07-16T14:00:00+0000,0.006233,0.0062335,0.00623,0.0062305,64
2026-07-16T15:00:00+0000,0.006229,0.00623,0.006229,0.006229,4
2026-07-16T16:00:00+0000,0.0062285,0.0062285,0.0062285,0.0062285,2
2026-07-16T20:00:00+0000,0.0062315,0.0062315,0.0062315,0.0062315,1
2026-07-17T00:00:00+0000,0.0062305,0.0062305,0.0062305,0.0062305,1
2026-07-17T02:00:00+0000,0.0062295,0.0062295,0.0062295,0.0062295,5
2026-07-17T03:00:00+0000,0.006232,0.006232,0.006232,0.006232,2
2026-07-17T04:00:00+0000,0.0062305,0.0062305,0.0062295,0.0062295,14
2026-07-17T05:00:00+0000,0.0062305,0.006232,0.0062305,0.0062315,5
2026-07-17T06:00:00+0000,0.0062305,0.0062385,0.0062305,0.0062375,5
2026-07-17T07:00:00+0000,0.0062375,0.0062375,0.0062375,0.0062375,2
2026-07-17T08:00:00+0000,0.0062355,0.0062355,0.0062305,0.0062305,3
2026-07-17T10:00:00+0000,0.00623,0.0062305,0.00623,0.0062305,2
2026-07-17T11:00:00+0000,0.0062325,0.006234,0.0062325,0.006234,2
2026-07-17T12:00:00+0000,0.00623,0.00623,0.00623,0.00623,1
2026-07-17T13:00:00+0000,0.00623,0.0062325,0.00623,0.0062315,6
2026-07-17T15:00:00+0000,0.006232,0.006232,0.006232,0.006232,2
2026-07-17T16:00:00+0000,0.0062285,0.006229,0.0062285,0.006229,3
2026-07-17T17:00:00+0000,0.0062305,0.0062305,0.0062305,0.0062305,1
2026-07-17T18:00:00+0000,0.006229,0.0062295,0.006229,0.0062295,3
2026-07-17T19:00:00+0000,0.00623,0.00623,0.00623,0.00623,1
2026-07-19T22:00:00+0000,0.0062245,0.006227,0.00622,0.006227,30
2026-07-19T23:00:00+0000,0.006227,0.006227,0.006227,0.006227,30
2026-07-20T00:00:00+0000,0.00623,0.0062305,0.00623,0.0062305,4
2026-07-20T02:00:00+0000,0.006234,0.006234,0.006234,0.006234,1
2026-07-20T04:00:00+0000,0.006233,0.006233,0.006233,0.006233,2
2026-07-20T06:00:00+0000,0.0062315,0.0062315,0.0062315,0.0062315,4
2026-07-20T08:00:00+0000,0.006234,0.006234,0.0062325,0.0062325,4
2026-07-20T11:00:00+0000,0.0062315,0.0062385,0.0062315,0.006234,5
2026-07-20T12:00:00+0000,0.00623,0.00623,0.00623,0.00623,1
2026-07-20T13:00:00+0000,0.00623,0.0062305,0.00623,0.0062305,4
2026-07-20T14:00:00+0000,0.006228,0.006228,0.0062245,0.006227,18
2026-07-20T15:00:00+0000,0.006225,0.006225,0.006225,0.006225,1
2026-07-20T16:00:00+0000,0.006225,0.006225,0.006225,0.006225,1
2026-07-20T23:00:00+0000,0.0062275,0.0062275,0.0062275,0.0062275,1
2026-07-21T01:00:00+0000,0.0062275,0.0062275,0.006227,0.006227,2
2026-07-21T06:00:00+0000,0.0062285,0.0062285,0.0062285,0.0062285,1
2026-07-21T07:00:00+0000,0.006224,0.006224,0.006224,0.006224,1
2026-07-21T08:00:00+0000,0.0062205,0.0062205,0.0062205,0.0062205,6
2026-07-21T09:00:00+0000,0.00622,0.006222,0.00622,0.00622,12
2026-07-21T10:00:00+0000,0.006221,0.006221,0.0062205,0.0062205,3
2026-07-21T11:00:00+0000,0.0062175,0.006219,0.0062175,0.006219,2
2026-07-21T12:00:00+0000,0.006218,0.006219,0.0062155,0.006219,30
2026-07-21T13:00:00+0000,0.0062175,0.006218,0.006214,0.006214,72
2026-07-21T14:00:00+0000,0.0062115,0.006213,0.006209,0.006209,45
2026-07-21T15:00:00+0000,0.0062085,0.006211,0.0062085,0.006211,12
2026-07-21T16:00:00+0000,0.0062085,0.006209,0.0062085,0.006209,3
2026-07-21T17:00:00+0000,0.006209,0.006209,0.006208,0.006208,15
2026-07-21T18:00:00+0000,0.0062075,0.0062075,0.0062005,0.0062005,18
2026-07-21T19:00:00+0000,0.0062015,0.0062015,0.0062015,0.0062015,1
2026-07-21T20:00:00+0000,0.0062,0.006201,0.0062,0.006201,4
2026-07-21T22:00:00+0000,0.0062005,0.0062005,0.0062005,0.0062005,1
2026-07-22T01:00:00+0000,0.006202,0.006202,0.006202,0.006202,5
2026-07-22T03:00:00+0000,0.0062035,0.0062035,0.0062025,0.0062025,16
2026-07-22T06:00:00+0000,0.006203,0.006204,0.006203,0.006204,12
2026-07-22T07:00:00+0000,0.0062045,0.0062175,0.0062045,0.006212,44
2026-07-22T08:00:00+0000,0.00621,0.00621,0.0062045,0.006208,19
2026-07-22T09:00:00+0000,0.0062105,0.0062105,0.0062085,0.0062085,10
2026-07-22T10:00:00+0000,0.006207,0.006207,0.006207,0.006207,1
2026-07-22T13:00:00+0000,0.0062065,0.0062065,0.0062065,0.0062065,1
2026-07-22T14:00:00+0000,0.006206,0.0062065,0.006206,0.0062065,3
2026-07-22T16:00:00+0000,0.006205,0.006205,0.006205,0.006205,1
2026-07-22T17:00:00+0000,0.0062035,0.0062035,0.0062035,0.0062035,1
2026-07-22T18:00:00+0000,0.006204,0.006204,0.006204,0.006204,1
2026-07-22T19:00:00+0000,0.0062035,0.0062035,0.0062035,0.0062035,1
2026-07-23T02:00:00+0000,0.006205,0.006205,0.006205,0.006205,1
2026-07-23T03:00:00+0000,0.0062055,0.0062055,0.0062055,0.0062055,1
2026-07-23T06:00:00+0000,0.006204,0.006204,0.006204,0.006204,1
2026-07-23T07:00:00+0000,0.0062005,0.0062005,0.006193,0.0061945,7
2026-07-23T08:00:00+0000,0.006193,0.006193,0.006192,0.006192,7
2026-07-23T11:00:00+0000,0.0061925,0.0061925,0.006185,0.0061885,6
2026-07-23T12:00:00+0000,0.006189,0.006189,0.006181,0.0061825,10
2026-07-23T13:00:00+0000,0.0061825,0.0061825,0.0061725,0.006173,38
2026-07-23T14:00:00+0000,0.006174,0.006174,0.006171,0.006173,12
2026-07-23T15:00:00+0000,0.0061765,0.0061765,0.0061745,0.0061745,2
2026-07-23T16:00:00+0000,0.006177,0.0061775,0.006177,0.0061775,2
2026-07-23T17:00:00+0000,0.0061775,0.0061775,0.0061765,0.0061765,3
2026-07-23T18:00:00+0000,0.0061775,0.006178,0.0061775,0.006178,2
2026-07-23T19:00:00+0000,0.0061765,0.0061765,0.006176,0.006176,2
2026-07-23T20:00:00+0000,0.006175,0.006175,0.006175,0.006175,5
2026-07-24T00:00:00+0000,0.0061735,0.0061735,0.0061735,0.0061735,1
2026-07-24T01:00:00+0000,0.006179,0.006179,0.006179,0.006179,3
2026-07-24T02:00:00+0000,0.006178,0.0061785,0.006178,0.0061785,13
2026-07-24T06:00:00+0000,0.0061785,0.0061785,0.0061785,0.0061785,1
2026-07-24T07:00:00+0000,0.0061825,0.0061825,0.0061815,0.0061815,2
2026-07-24T09:00:00+0000,0.006179,0.006179,0.006179,0.006179,1
2026-07-24T13:00:00+0000,0.006174,0.006174,0.006174,0.006174,5
2026-07-24T14:00:00+0000,0.0061775,0.0061805,0.0061775,0.0061805,2
2026-07-24T15:00:00+0000,0.0061815,0.006183,0.0061805,0.0061805,4
2026-07-24T16:00:00+0000,0.0061785,0.0061785,0.006178,0.006178,4
2026-07-24T17:00:00+0000,0.006177,0.006177,0.0061755,0.0061755,13
2026-07-24T20:00:00+0000,0.0061755,0.0061755,0.0061755,0.0061755,1
2026-07-26T22:00:00+0000,0.0061865,0.0061865,0.0061865,0.0061865,2
2026-07-26T23:00:00+0000,0.006181,0.006181,0.006181,0.006181,2
2026-07-27T00:00:00+0000,0.006184,0.0061855,0.006184,0.006185,17
2026-07-27T01:00:00+0000,0.006184,0.006188,0.006184,0.006188,6
2026-07-27T02:00:00+0000,0.0061855,0.0061855,0.0061855,0.0061855,1
2026-07-27T05:00:00+0000,0.0061845,0.0061845,0.0061845,0.0061845,1
2026-07-27T07:00:00+0000,0.0061885,0.006192,0.0061885,0.006192,15
2026-07-27T09:00:00+0000,0.006187,0.006187,0.0061845,0.0061845,7
2026-07-27T10:00:00+0000,0.006184,0.006184,0.006184,0.006184,1
2026-07-27T11:00:00+0000,0.006182,0.0061835,0.006182,0.0061835,4
2026-07-27T12:00:00+0000,0.0061825,0.0061825,0.0061805,0.0061805,15
2026-07-27T13:00:00+0000,0.00618,0.006181,0.00618,0.006181,50
2026-07-27T14:00:00+0000,0.00618,0.00618,0.0061785,0.0061785,5
2026-07-27T16:00:00+0000,0.0061835,0.0061835,0.006182,0.006182,3
2026-07-27T18:00:00+0000,0.0061805,0.0061805,0.0061765,0.0061765,26
2026-07-27T22:00:00+0000,0.006179,0.006179,0.006179,0.006179,1
2026-07-28T00:00:00+0000,0.006176,0.006176,0.006176,0.006176,2
2026-07-28T01:00:00+0000,0.006177,0.006177,0.006177,0.006177,2
2026-07-28T02:00:00+0000,0.0061785,0.0061785,0.0061785,0.0061785,1
2026-07-28T06:00:00+0000,0.0061795,0.0061795,0.006179,0.006179,3
2026-07-28T07:00:00+0000,0.006178,0.006178,0.006178,0.006178,1
2026-07-28T08:00:00+0000,0.0061765,0.0061765,0.0061755,0.0061755,4
2026-07-28T10:00:00+0000,0.0061725,0.0061725,0.0061715,0.0061715,2
2026-07-28T11:00:00+0000,0.006172,0.006172,0.006171,0.006171,2
2026-07-28T12:00:00+0000,0.006173,0.006173,0.006173,0.006173,1
2026-07-28T13:00:00+0000,0.006174,0.0061745,0.0061735,0.0061745,9
2026-07-28T14:00:00+0000,0.0061745,0.0061755,0.006174,0.006174,7
2026-07-28T15:00:00+0000,0.006176,0.0061825,0.006176,0.0061805,20
2026-07-28T16:00:00+0000,0.0061805,0.0061805,0.0061805,0.0061805,6
2026-07-28T19:00:00+0000,0.006175,0.006175,0.006175,0.006175,1
2026-07-28T20:00:00+0000,0.0061735,0.006174,0.0061735,0.006174,39
2026-07-28T22:00:00+0000,0.006174,0.006174,0.006172,0.006172,3
2026-07-29T00:00:00+0000,0.0061755,0.0061755,0.0061755,0.0061755,5
2026-07-29T01:00:00+0000,0.0061795,0.0061795,0.006178,0.006178,5
2026-07-29T02:00:00+0000,0.006178,0.0061795,0.006178,0.006179,3
2026-07-29T04:00:00+0000,0.0061835,0.006193,0.0061835,0.0061905,23
2026-07-29T05:00:00+0000,0.0061885,0.006191,0.006188,0.00619,15
2026-07-29T06:00:00+0000,0.006186,0.006186,0.006185,0.006185,40
2026-07-29T07:00:00+0000,0.006185,0.006185,0.0061815,0.0061815,13
2026-07-29T08:00:00+0000,0.00618,0.0061825,0.00618,0.0061825,11
2026-07-29T09:00:00+0000,0.006185,0.0061855,0.006185,0.0061855,11
2026-07-29T10:00:00+0000,0.0061815,0.0061815,0.0061805,0.006181,7
2026-07-29T12:00:00+0000,0.0061755,0.0061755,0.006175,0.0061755,7
2026-07-29T14:00:00+0000,0.0061755,0.0061755,0.0061735,0.0061735,3
2026-07-29T15:00:00+0000,0.0061735,0.0061745,0.006173,0.0061745,12
2026-07-29T16:00:00+0000,0.006173,0.006173,0.0061725,0.006173,4
2026-07-29T17:00:00+0000,0.0061745,0.006175,0.0061745,0.006175,3
2026-07-29T18:00:00+0000,0.0061855,0.0061915,0.0061815,0.0061905,29
2026-07-29T19:00:00+0000,0.006191,0.0061935,0.0061865,0.006187,33
2026-07-29T20:00:00+0000,0.006183,0.006183,0.006183,0.006183,4
2026-07-29T22:00:00+0000,0.006183,0.006187,0.006183,0.0061865,9
2026-07-29T23:00:00+0000,0.006191,0.006191,0.00619,0.00619,6
2026-07-30T00:00:00+0000,0.0061925,0.006193,0.006184,0.006185,6
2026-07-30T01:00:00+0000,0.006183,0.006183,0.006183,0.006183,12
2026-07-30T06:00:00+0000,0.00618,0.00618,0.0061785,0.00618,5
2026-07-30T07:00:00+0000,0.0061795,0.0061795,0.006176,0.006176,3
2026-07-30T08:00:00+0000,0.006175,0.0061785,0.006175,0.0061785,7
2026-07-30T09:00:00+0000,0.006187,0.0061905,0.006187,0.0061905,3
2026-07-30T10:00:00+0000,0.0061925,0.0062285,0.0061925,0.006208,226
2026-07-30T11:00:00+0000,0.0062125,0.0062125,0.006202,0.006206,104
2026-07-30T12:00:00+0000,0.006205,0.0062105,0.0062045,0.0062045,22
2026-07-30T13:00:00+0000,0.006205,0.0063285,0.006205,0.0063285,1129
2026-07-30T14:00:00+0000,0.006325,0.0064,0.0063215,0.0063455,1793
2026-07-30T15:00:00+0000,0.0063385,0.0063605,0.006334,0.0063405,387
2026-07-30T16:00:00+0000,0.0063385,0.0063405,0.006331,0.0063345,24
2026-07-30T17:00:00+0000,0.006334,0.006376,0.006324,0.006355,86
2026-07-30T18:00:00+0000,0.006358,0.0063625,0.006354,0.0063575,27
2026-07-30T19:00:00+0000,0.006349,0.006349,0.006341,0.006342,10
2026-07-30T20:00:00+0000,0.0063395,0.0063395,0.0063365,0.0063375,104
2026-07-30T22:00:00+0000,0.0063305,0.0063385,0.006326,0.0063335,26
2026-07-30T23:00:00+0000,0.0063335,0.0063335,0.0063105,0.0063105,19
2026-07-31T00:00:00+0000,0.0063085,0.006311,0.0062905,0.006292,243
2026-07-31T01:00:00+0000,0.006293,0.006299,0.006288,0.006288,32
2026-07-31T02:00:00+0000,0.006292,0.006297,0.006292,0.006297,23
2026-07-31T03:00:00+0000,0.0062955,0.0062955,0.0062825,0.006292,287
2026-07-31T04:00:00+0000,0.0062915,0.0062915,0.006286,0.0062865,17
2026-07-31T05:00:00+0000,0.006291,0.006294,0.00629,0.006294,11
2026-07-31T06:00:00+0000,0.0063,0.006315,0.0063,0.0063075,41
2026-07-31T07:00:00+0000,0.006299,0.006307,0.006299,0.006307,30
2026-07-31T08:00:00+0000,0.0063065,0.006375,0.0063005,0.006362,224
2026-07-31T09:00:00+0000,0.0063595,0.006373,0.006318,0.006318,193
2026-07-31T10:00:00+0000,0.0063185,0.006319,0.0063115,0.006316,12
2026-07-31T11:00:00+0000,0.0063165,0.0063165,0.00631,0.00631,51
2026-07-31T12:00:00+0000,0.0063085,0.0063095,0.0063,0.0063045,67
2026-07-31T13:00:00+0000,0.0063015,0.006351,0.0062955,0.006338,381
2026-07-31T14:00:00+0000,0.006338,0.0063555,0.006338,0.006347,150
2026-07-31T15:00:00+0000,0.006348,0.006361,0.006341,0.006349,168
2026-07-31T16:00:00+0000,0.0063485,0.0063485,0.006346,0.006348,5
2026-07-31T17:00:00+0000,0.0063395,0.00639,0.006339,0.006375,463
2026-07-31T18:00:00+0000,0.0063825,0.0063825,0.0063515,0.006361,38
2026-07-31T19:00:00+0000,0.006361,0.006361,0.006347,0.0063515,34
2026-07-31T20:00:00+0000,0.006349,0.006427,0.006349,0.0064215,243
2026-08-02T22:00:00+0000,0.0064215,0.006436,0.0064095,0.0064295,45
2026-08-02T23:00:00+0000,0.006428,0.006428,0.0064025,0.006412,98
2026-08-03T00:00:00+0000,0.006413,0.00651,0.006401,0.006472,319
2026-08-03T01:00:00+0000,0.0064805,0.006501,0.0064615,0.0064635,128
2026-08-03T02:00:00+0000,0.00646,0.0064675,0.006455,0.0064625,70
2026-08-03T03:00:00+0000,0.0064535,0.006464,0.0064535,0.006455,44
2026-08-03T04:00:00+0000,0.0064575,0.0064615,0.0064555,0.0064615,33
2026-08-03T05:00:00+0000,0.0064585,0.006462,0.0064575,0.006461,23
2026-08-03T06:00:00+0000,0.006462,0.0064625,0.0064455,0.0064475,30
2026-08-03T07:00:00+0000,0.0064495,0.0064585,0.0064465,0.006447,27
2026-08-03T08:00:00+0000,0.0064475,0.006452,0.0064385,0.0064385,22
2026-08-03T09:00:00+0000,0.006439,0.00644,0.006432,0.0064345,57
2026-08-03T10:00:00+0000,0.0064335,0.006442,0.0064335,0.006442,60
2026-08-03T11:00:00+0000,0.006445,0.006455,0.006438,0.006451,64
2026-08-03T12:00:00+0000,0.006449,0.0064535,0.0064425,0.006444,60
2026-08-03T13:00:00+0000,0.006445,0.006463,0.0064425,0.0064575,81
2026-08-03T14:00:00+0000,0.0064535,0.006468,0.006448,0.0064565,40
2026-08-03T15:00:00+0000,0.006454,0.006454,0.006438,0.006438,51
2026-08-03T16:00:00+0000,0.006439,0.0064465,0.006438,0.0064405,69
2026-08-03T17:00:00+0000,0.006439,0.00644,0.0064355,0.0064355,13
2026-08-03T18:00:00+0000,0.0064345,0.0064505,0.0064345,0.0064485,106
2026-08-03T19:00:00+0000,0.0064455,0.0064455,0.006443,0.006443,21
2026-08-03T20:00:00+0000,0.006437,0.0064415,0.0064285,0.00643,50
2026-08-03T22:00:00+0000,0.006431,0.006431,0.0064205,0.0064205,19
2026-08-03T23:00:00+0000,0.0064245,0.006425,0.0064115,0.0064115,16
2026-08-04T00:00:00+0000,0.006425,0.006425,0.0064175,0.0064175,41
2026-08-04T01:00:00+0000,0.006413,0.0064205,0.006413,0.0064165,42
2026-08-04T02:00:00+0000,0.0064085,0.0064095,0.0064075,0.0064075,3
2026-08-04T03:00:00+0000,0.0064085,0.0064135,0.006408,0.0064115,199
2026-08-04T04:00:00+0000,0.006411,0.0064165,0.006411,0.006415,10
2026-08-04T05:00:00+0000,0.0064125,0.0064125,0.006408,0.006408,2
2026-08-04T06:00:00+0000,0.00641,0.0064145,0.00641,0.0064115,19
2026-08-04T07:00:00+0000,0.006408,0.006408,0.006405,0.0064055,4
2026-08-04T08:00:00+0000,0.0064045,0.0064065,0.0064045,0.006405,10
2026-08-04T09:00:00+0000,0.006402,0.006402,0.0063985,0.0063985,10
2026-08-04T10:00:00+0000,0.0063985,0.006404,0.0063985,0.006402,37
2026-08-04T11:00:00+0000,0.006407,0.0064195,0.0064065,0.0064155,101
2026-08-04T12:00:00+0000,0.006419,0.006421,0.006416,0.006416,9
2026-08-04T13:00:00+0000,0.006414,0.006427,0.006414,0.006424,24
2026-08-04T14:00:00+0000,0.0064185,0.006423,0.006411,0.0064135,17
2026-08-04T15:00:00+0000,0.0064125,0.0064145,0.0064125,0.006414,54
2026-08-04T16:00:00+0000,0.0064155,0.0064155,0.006411,0.006411,9
2026-08-04T17:00:00+0000,0.0064105,0.006412,0.0064105,0.006412,15
2026-08-04T18:00:00+0000,0.00641,0.0064105,0.006408,0.00641,14
2026-08-04T19:00:00+0000,0.00641,0.00641,0.006403,0.0064065,235
2026-08-04T20:00:00+0000,0.006406,0.0064075,0.006406,0.006407,10
2026-08-04T23:00:00+0000,0.0064055,0.006406,0.0064055,0.006406,14
2026-08-05T00:00:00+0000,0.0064055,0.0064135,0.0064055,0.006413,32
2026-08-05T01:00:00+0000,0.00641,0.0064105,0.00641,0.00641,4
2026-08-05T02:00:00+0000,0.0064175,0.0064225,0.0064175,0.006421,5
2026-08-05T03:00:00+0000,0.00642,0.00642,0.0064165,0.0064165,6
2026-08-05T04:00:00+0000,0.006413,0.006413,0.0064085,0.0064085,4
2026-08-05T05:00:00+0000,0.006409,0.0064095,0.0064085,0.0064095,13
2026-08-05T06:00:00+0000,0.006408,0.0064105,0.006405,0.0064105,6
2026-08-05T07:00:00+0000,0.0064095,0.0064145,0.0064095,0.0064105,25
2026-08-05T08:00:00+0000,0.006403,0.006403,0.006401,0.006401,3
2026-08-05T09:00:00+0000,0.006403,0.0064035,0.006403,0.006403,11
2026-08-05T11:00:00+0000,0.0064115,0.006415,0.0064115,0.006413,10
2026-08-05T12:00:00+0000,0.006413,0.0064145,0.006413,0.0064145,3
2026-08-05T13:00:00+0000,0.0064095,0.0064185,0.0064095,0.006414,11
2026-08-05T14:00:00+0000,0.006415,0.00642,0.006414,0.006414,47
2026-08-05T15:00:00+0000,0.0064155,0.0064155,0.0064095,0.0064095,4
2026-08-05T16:00:00+0000,0.006409,0.0064105,0.0064055,0.0064055,9
2026-08-05T17:00:00+0000,0.006404,0.0064075,0.006404,0.0064075,28
2026-08-05T18:00:00+0000,0.0064085,0.0064085,0.0064075,0.0064075,3
2026-08-05T19:00:00+0000,0.006408,0.006408,0.006406,0.006407,20
2026-08-05T20:00:00+0000,0.006403,0.006405,0.006403,0.0064045,13
2026-08-05T22:00:00+0000,0.006406,0.006406,0.0064055,0.0064055,2
2026-08-06T00:00:00+0000,0.006406,0.006406,0.006404,0.006404,12
2026-08-06T02:00:00+0000,0.006407,0.006407,0.006407,0.006407,1
2026-08-06T03:00:00+0000,0.006404,0.0064045,0.006404,0.0064045,2
2026-08-06T05:00:00+0000,0.0064035,0.006405,0.006403,0.006403,3
2026-08-06T06:00:00+0000,0.0064,0.006401,0.0064,0.0064,8
2026-08-06T07:00:00+0000,0.0063995,0.0063995,0.006399,0.006399,11
2026-08-06T08:00:00+0000,0.006399,0.006399,0.006399,0.006399,2
2026-08-06T09:00:00+0000,0.006399,0.006399,0.0063985,0.0063985,2
2026-08-06T10:00:00+0000,0.006398,0.006399,0.006398,0.006399,3
2026-08-06T11:00:00+0000,0.0063965,0.006399,0.006396,0.006399,6
2026-08-06T12:00:00+0000,0.006399,0.006399,0.006397,0.006397,10
2026-08-06T13:00:00+0000,0.006396,0.0064005,0.0063955,0.0064,26
2026-08-06T14:00:00+0000,0.006398,0.006398,0.0063825,0.0063845,47
2026-08-06T15:00:00+0000,0.006383,0.006383,0.006375,0.0063755,25
2026-08-06T16:00:00+0000,0.0063735,0.0063825,0.006372,0.0063725,47
2026-08-06T17:00:00+0000,0.006374,0.006377,0.0063735,0.006377,44
2026-08-06T19:00:00+0000,0.0063805,0.0063815,0.006374,0.006377,69
2026-08-06T20:00:00+0000,0.006375,0.0063755,0.006375,0.0063755,15
2026-08-06T22:00:00+0000,0.0063725,0.0063745,0.0063725,0.0063745,30
2026-08-06T23:00:00+0000,0.006375,0.006375,0.006375,0.006375,1
2026-08-07T00:00:00+0000,0.0063755,0.0063755,0.006372,0.006372,5
2026-08-07T01:00:00+0000,0.006376,0.006379,0.006376,0.006379,2
2026-08-07T02:00:00+0000,0.006378,0.006378,0.0063775,0.006378,4
2026-08-07T03:00:00+0000,0.0063775,0.0063775,0.006374,0.006376,6
2026-08-07T04:00:00+0000,0.0063765,0.0063775,0.0063765,0.0063775,6
2026-08-07T05:00:00+0000,0.0063775,0.0063785,0.0063775,0.0063785,3
2026-08-07T06:00:00+0000,0.006378,0.00638,0.006378,0.00638,2
2026-08-07T07:00:00+0000,0.0063765,0.0063765,0.0063755,0.006376,40
2026-08-07T08:00:00+0000,0.0063745,0.006378,0.0063745,0.006378,5
2026-08-07T09:00:00+0000,0.0063785,0.006379,0.0063785,0.006379,7
2026-08-07T10:00:00+0000,0.0063765,0.006382,0.0063765,0.00638,27
2026-08-07T11:00:00+0000,0.0063805,0.0063815,0.0063775,0.0063785,7
2026-08-07T12:00:00+0000,0.006378,0.006443,0.006376,0.0064165,484
2026-08-07T13:00:00+0000,0.006419,0.0064215,0.006402,0.006402,59
2026-08-07T14:00:00+0000,0.0064045,0.0064045,0.006394,0.006394,13
2026-08-07T15:00:00+0000,0.0063965,0.0064135,0.0063965,0.006411,13
2026-08-07T16:00:00+0000,0.006413,0.0064185,0.006413,0.006414,46
2026-08-07T17:00:00+0000,0.006413,0.006415,0.006413,0.006415,3
2026-08-07T18:00:00+0000,0.0064075,0.006409,0.0064075,0.006409,7
2026-08-07T19:00:00+0000,0.00641,0.0064135,0.0064095,0.0064115,10
2026-08-07T20:00:00+0000,0.006402,0.006402,0.0063985,0.0063985,3
2026-08-09T22:00:00+0000,0.0063975,0.0063975,0.0063945,0.0063945,25
2026-08-09T23:00:00+0000,0.0063945,0.0063975,0.0063945,0.0063975,6
2026-08-10T00:00:00+0000,0.0063955,0.0063965,0.006394,0.006394,20
2026-08-10T01:00:00+0000,0.006387,0.006391,0.006383,0.0063835,23
2026-08-10T02:00:00+0000,0.0063815,0.0063815,0.00638,0.00638,7
2026-08-10T03:00:00+0000,0.0063835,0.0063855,0.0063835,0.0063845,4
2026-08-10T04:00:00+0000,0.0063795,0.0063795,0.0063795,0.0063795,2
2026-08-10T05:00:00+0000,0.006377,0.006378,0.006377,0.006378,2
2026-08-10T07:00:00+0000,0.006373,0.006374,0.0063705,0.0063705,15
2026-08-10T08:00:00+0000,0.0063715,0.0063715,0.0063685,0.0063695,8
2026-08-10T09:00:00+0000,0.006363,0.006363,0.00636,0.006361,26
2026-08-10T10:00:00+0000,0.006356,0.00636,0.006356,0.00636,30
2026-08-10T11:00:00+0000,0.006359,0.0063595,0.0063565,0.006358,12
2026-08-10T12:00:00+0000,0.0063605,0.0063715,0.006354,0.006354,115
2026-08-10T13:00:00+0000,0.0063555,0.006356,0.0063485,0.0063525,30
2026-08-10T14:00:00+0000,0.0063555,0.006356,0.006352,0.006352,4
2026-08-10T15:00:00+0000,0.006352,0.006352,0.006351,0.0063515,3
2026-08-10T16:00:00+0000,0.006353,0.006353,0.00635,0.00635,18
2026-08-10T17:00:00+0000,0.006349,0.006349,0.0063455,0.006348,4
2026-08-10T18:00:00+0000,0.0063465,0.0063465,0.0063385,0.0063385,24
2026-08-10T19:00:00+0000,0.006342,0.006342,0.006337,0.006337,3
2026-08-10T22:00:00+0000,0.00634,0.006342,0.00634,0.006342,32
2026-08-10T23:00:00+0000,0.0063405,0.0063415,0.0063405,0.0063415,3
2026-08-11T00:00:00+0000,0.006345,0.0063475,0.006344,0.0063475,15
2026-08-11T01:00:00+0000,0.006344,0.0063485,0.006344,0.0063485,4
2026-08-11T02:00:00+0000,0.006343,0.006343,0.006339,0.0063395,13
2026-08-11T03:00:00+0000,0.0063405,0.0063445,0.0063405,0.006344,137
2026-08-11T04:00:00+0000,0.0063435,0.0063445,0.006341,0.006342,32
2026-08-11T05:00:00+0000,0.006343,0.006343,0.006343,0.006343,2
2026-08-11T06:00:00+0000,0.0063425,0.006343,0.006342,0.006342,14
2026-08-11T07:00:00+0000,0.00634,0.00634,0.006337,0.006337,4
2026-08-11T08:00:00+0000,0.0063375,0.0063395,0.0063375,0.0063395,2
2026-08-11T09:00:00+0000,0.006337,0.006337,0.006337,0.006337,1
2026-08-11T10:00:00+0000,0.006343,0.006343,0.006343,0.006343,1
2026-08-11T11:00:00+0000,0.0063445,0.006347,0.0063445,0.006347,40
2026-08-11T12:00:00+0000,0.00634,0.006341,0.00634,0.006341,9
2026-08-11T13:00:00+0000,0.0063425,0.006343,0.0063415,0.0063415,3
2026-08-11T14:00:00+0000,0.0063395,0.006342,0.0063395,0.006342,7
2026-08-11T15:00:00+0000,0.00634,0.00634,0.0063385,0.0063385,2
2026-08-11T17:00:00+0000,0.006338,0.006338,0.006338,0.006338,1
2026-08-11T20:00:00+0000,0.0063375,0.0063375,0.0063375,0.0063375,1
2026-08-11T22:00:00+0000,0.0063395,0.0063405,0.0063395,0.0063405,3
2026-08-11T23:00:00+0000,0.0063395,0.0063395,0.0063395,0.0063395,1
2026-08-12T00:00:00+0000,0.006342,0.006342,0.006342,0.006342,1
2026-08-12T01:00:00+0000,0.006337,0.006337,0.006337,0.006337,1
2026-08-12T02:00:00+0000,0.006334,0.006335,0.006334,0.006335,7
2026-08-12T03:00:00+0000,0.006334,0.006334,0.006333,0.006333,3
2026-08-12T04:00:00+0000,0.0063345,0.0063355,0.0063325,0.0063355,4
2026-08-12T05:00:00+0000,0.006333,0.006336,0.006333,0.006335,8
2026-08-12T06:00:00+0000,0.0063335,0.0063355,0.0063335,0.006335,12
2026-08-12T07:00:00+0000,0.0063365,0.0063365,0.0063365,0.0063365,4
2026-08-12T08:00:00+0000,0.006337,0.006339,0.0063365,0.006339,19
2026-08-12T09:00:00+0000,0.0063405,0.006365,0.0063405,0.0063475,76
2026-08-12T10:00:00+0000,0.0063435,0.006347,0.0063435,0.006347,6
2026-08-12T11:00:00+0000,0.0063465,0.006347,0.0063465,0.006347,3
2026-08-12T12:00:00+0000,0.0063465,0.006363,0.0063465,0.006353,88
2026-08-12T13:00:00+0000,0.0063585,0.0063585,0.0063515,0.0063515,15
2026-08-12T14:00:00+0000,0.0063455,0.006348,0.006342,0.006342,19
2026-08-12T15:00:00+0000,0.0063415,0.0063415,0.006338,0.0063405,7
2026-08-12T16:00:00+0000,0.0063385,0.0063385,0.0063355,0.0063355,2
2026-08-12T17:00:00+0000,0.0063335,0.0063335,0.006331,0.006331,20
2026-08-12T18:00:00+0000,0.0063295,0.0063295,0.0063295,0.0063295,1
2026-08-12T19:00:00+0000,0.0063305,0.0063305,0.0063295,0.00633,10
2026-08-12T20:00:00+0000,0.0063315,0.006333,0.0063315,0.006333,12
2026-08-12T22:00:00+0000,0.00633,0.0063325,0.00633,0.0063325,32
2026-08-13T01:00:00+0000,0.0063345,0.006335,0.0063345,0.006335,2
2026-08-13T02:00:00+0000,0.006332,0.006332,0.0063305,0.0063305,6
2026-08-13T03:00:00+0000,0.0063315,0.0063315,0.0063295,0.0063315,84
2026-08-13T04:00:00+0000,0.00633,0.006339,0.00633,0.006335,28
2026-08-13T05:00:00+0000,0.006338,0.006338,0.006335,0.006337,26
2026-08-13T06:00:00+0000,0.0063365,0.0063365,0.0063365,0.0063365,1
2026-08-13T07:00:00+0000,0.006332,0.006334,0.0063315,0.006334,17
2026-08-13T08:00:00+0000,0.0063335,0.006334,0.0063335,0.006334,4
2026-08-13T09:00:00+0000,0.0063345,0.006335,0.0063345,0.0063345,53
2026-08-13T10:00:00+0000,0.0063345,0.0063345,0.0063345,0.0063345,1
2026-08-13T11:00:00+0000,0.006335,0.0063355,0.006335,0.0063355,2
2026-08-13T12:00:00+0000,0.0063355,0.0063405,0.006332,0.0063405,16
2026-08-13T13:00:00+0000,0.00634,0.0063415,0.006337,0.006337,8
2026-08-13T14:00:00+0000,0.006336,0.006346,0.006336,0.0063415,17
2026-08-13T15:00:00+0000,0.006336,0.006336,0.0063335,0.006335,8
2026-08-13T16:00:00+0000,0.006333,0.006333,0.006329,0.006329,2
2026-08-13T17:00:00+0000,0.0063285,0.0063285,0.0063265,0.0063285,6
2026-08-13T18:00:00+0000,0.006328,0.006328,0.006328,0.006328,1
2026-08-13T19:00:00+0000,0.0063275,0.0063285,0.006327,0.0063285,11
2026-08-13T20:00:00+0000,0.0063265,0.0063265,0.0063265,0.0063265,13
2026-08-14T00:00:00+0000,0.0063315,0.006333,0.006327,0.006333,967
2026-08-14T02:00:00+0000,0.00633,0.006333,0.00633,0.006333,13
2026-08-14T03:00:00+0000,0.0063345,0.0063345,0.0063335,0.0063335,7
2026-08-14T05:00:00+0000,0.0063355,0.0063415,0.006335,0.006337,846
2026-08-14T06:00:00+0000,0.0063375,0.006341,0.006337,0.006337,407
2026-08-14T07:00:00+0000,0.0063385,0.0063385,0.006336,0.006336,16
2026-08-14T08:00:00+0000,0.00634,0.006343,0.00634,0.006343,3
2026-08-14T09:00:00+0000,0.0063405,0.0063425,0.0063405,0.0063425,5
2026-08-14T10:00:00+0000,0.006344,0.006344,0.006341,0.006341,6
2026-08-14T11:00:00+0000,0.00634,0.006346,0.00634,0.0063425,23
2026-08-14T12:00:00+0000,0.0063465,0.0063615,0.0063445,0.0063505,167
2026-08-14T13:00:00+0000,0.0063495,0.006354,0.0063445,0.00635,83
2026-08-14T14:00:00+0000,0.006349,0.006349,0.006346,0.006347,55
2026-08-14T15:00:00+0000,0.006346,0.006348,0.00634,0.0063415,277
2026-08-14T16:00:00+0000,0.006337,0.006337,0.0063335,0.0063335,20
2026-08-14T17:00:00+0000,0.0063315,0.006333,0.0063315,0.0063325,29
2026-08-14T18:00:00+0000,0.006333,0.006333,0.006333,0.006333,5
2026-08-14T19:00:00+0000,0.0063325,0.0063335,0.006332,0.0063335,9
2026-08-14T20:00:00+0000,0.0063335,0.006334,0.0063335,0.006334,4
2026-08-16T22:00:00+0000,0.006332,0.006335,0.006332,0.006335,8
2026-08-16T23:00:00+0000,0.0063375,0.0063375,0.0063375,0.0063375,1
2026-08-17T00:00:00+0000,0.006338,0.006346,0.006338,0.0063455,36
2026-08-17T01:00:00+0000,0.0063455,0.0063455,0.0063435,0.0063435,6
2026-08-17T02:00:00+0000,0.006348,0.006348,0.006347,0.006347,4
2026-08-17T03:00:00+0000,0.0063445,0.0063445,0.0063415,0.0063415,4
2026-08-17T04:00:00+0000,0.006345,0.006345,0.006345,0.006345,1
2026-08-17T05:00:00+0000,0.0063465,0.0063465,0.006345,0.006345,2
2026-08-17T06:00:00+0000,0.006343,0.006349,0.006343,0.0063485,45
2026-08-17T07:00:00+0000,0.006348,0.006351,0.006348,0.00635,10
2026-08-17T08:00:00+0000,0.0063475,0.006349,0.006347,0.0063485,24
2026-08-17T09:00:00+0000,0.0063395,0.0063395,0.0063395,0.0063395,1
2026-08-17T10:00:00+0000,0.0063405,0.006342,0.0063385,0.0063385,18
2026-08-17T11:00:00+0000,0.006336,0.006336,0.006336,0.006336,1
2026-08-17T12:00:00+0000,0.006338,0.006338,0.0063355,0.0063365,10
2026-08-17T13:00:00+0000,0.006337,0.006337,0.006333,0.006333,7
2026-08-17T14:00:00+0000,0.006336,0.006337,0.006336,0.006336,6
2026-08-17T15:00:00+0000,0.0063355,0.0063355,0.0063305,0.006333,69
2026-08-17T16:00:00+0000,0.0063315,0.0063335,0.0063315,0.0063335,33
2026-08-17T17:00:00+0000,0.00633,0.00633,0.006327,0.0063275,6
2026-08-17T18:00:00+0000,0.006325,0.0063255,0.0063235,0.006324,26
2026-08-17T19:00:00+0000,0.0063235,0.006329,0.0063235,0.006329,16
2026-08-17T20:00:00+0000,0.006329,0.006329,0.006328,0.006328,2
2026-08-17T23:00:00+0000,0.0063325,0.0063335,0.0063325,0.0063335,3
2026-08-18T00:00:00+0000,0.00633,0.00633,0.0063265,0.0063265,2
2026-08-18T01:00:00+0000,0.006328,0.0063295,0.006327,0.006328,24
2026-08-18T02:00:00+0000,0.0063265,0.0063285,0.006326,0.0063285,11
2026-08-18T03:00:00+0000,0.006326,0.006326,0.0063245,0.0063245,3
2026-08-18T04:00:00+0000,0.00632,0.00632,0.0063175,0.0063195,25
2026-08-18T05:00:00+0000,0.0063195,0.0063195,0.006319,0.006319,9
2026-08-18T06:00:00+0000,0.006319,0.006319,0.0063155,0.006317,38
2026-08-18T07:00:00+0000,0.006318,0.006318,0.006318,0.006318,1
2026-08-18T08:00:00+0000,0.006318,0.0063195,0.006318,0.0063195,4
2026-08-18T09:00:00+0000,0.0063215,0.006323,0.0063215,0.0063225,29
2026-08-18T10:00:00+0000,0.00632,0.00632,0.00632,0.00632,6
2026-08-18T11:00:00+0000,0.0063175,0.0063175,0.0063175,0.0063175,10
2026-08-18T12:00:00+0000,0.006319,0.006321,0.0063185,0.006321,23
2026-08-18T13:00:00+0000,0.006323,0.006323,0.006323,0.006323,13
2026-08-18T14:00:00+0000,0.006325,0.006329,0.0063245,0.0063255,40
2026-08-18T15:00:00+0000,0.0063255,0.0063255,0.0063205,0.0063225,24
2026-08-18T16:00:00+0000,0.006323,0.0063235,0.006323,0.0063235,3
2026-08-18T17:00:00+0000,0.006324,0.006324,0.0063225,0.0063225,22
2026-08-18T18:00:00+0000,0.006322,0.0063225,0.0063215,0.0063215,6
2026-08-18T19:00:00+0000,0.006321,0.006321,0.006321,0.006321,1
2026-08-18T20:00:00+0000,0.0063205,0.0063205,0.0063205,0.0063205,2
2026-08-18T23:00:00+0000,0.0063235,0.0063235,0.0063225,0.0063225,21
2026-08-19T00:00:00+0000,0.006327,0.00633,0.0063255,0.0063285,43
2026-08-19T02:00:00+0000,0.006328,0.0063325,0.006328,0.0063325,11
2026-08-19T03:00:00+0000,0.0063285,0.0063285,0.0063285,0.0063285,1
2026-08-19T04:00:00+0000,0.0063365,0.0063365,0.006336,0.006336,5
2026-08-19T05:00:00+0000,0.006336,0.0063365,0.006335,0.006336,6
2026-08-19T06:00:00+0000,0.006336,0.006341,0.006336,0.0063365,41
2026-08-19T07:00:00+0000,0.0063365,0.006339,0.0063365,0.0063385,16
2026-08-19T08:00:00+0000,0.006343,0.006343,0.006343,0.006343,3
2026-08-19T10:00:00+0000,0.0063435,0.006345,0.0063435,0.006344,13
2026-08-19T11:00:00+0000,0.0063405,0.0063415,0.0063405,0.0063415,5
2026-08-19T12:00:00+0000,0.006348,0.006379,0.0063455,0.006366,300
2026-08-19T13:00:00+0000,0.006366,0.0063725,0.006366,0.006369,139
2026-08-19T14:00:00+0000,0.0063685,0.006383,0.006368,0.0063705,212
2026-08-19T15:00:00+0000,0.00637,0.006371,0.0063665,0.0063665,16
2026-08-19T16:00:00+0000,0.006367,0.006373,0.006367,0.006373,67
2026-08-19T17:00:00+0000,0.006372,0.006372,0.006362,0.006362,39
2026-08-19T18:00:00+0000,0.0063675,0.006375,0.0063665,0.0063745,16
2026-08-19T19:00:00+0000,0.0063735,0.006381,0.006373,0.006381,12
2026-08-19T20:00:00+0000,0.0063805,0.0063805,0.0063785,0.0063805,18
2026-08-19T22:00:00+0000,0.0063825,0.0063825,0.006379,0.006379,6
2026-08-19T23:00:00+0000,0.006376,0.006376,0.006374,0.006374,14
2026-08-20T00:00:00+0000,0.006375,0.006376,0.0063675,0.006368,36
2026-08-20T01:00:00+0000,0.0063645,0.0063645,0.0063635,0.0063635,3
2026-08-20T02:00:00+0000,0.006366,0.0063725,0.006363,0.0063665,249
2026-08-20T03:00:00+0000,0.0063655,0.006368,0.0063655,0.0063675,11
2026-08-20T04:00:00+0000,0.006364,0.0063645,0.0063615,0.0063615,18
2026-08-20T05:00:00+0000,0.0063615,0.0063615,0.006355,0.0063595,8
2026-08-20T06:00:00+0000,0.0063635,0.006368,0.0063635,0.0063665,44
2026-08-20T07:00:00+0000,0.006371,0.006372,0.0063635,0.006366,23
2026-08-20T08:00:00+0000,0.006368,0.006368,0.006364,0.006364,5
2026-08-20T09:00:00+0000,0.006369,0.006372,0.006369,0.006371,5
2026-08-20T10:00:00+0000,0.006373,0.0063735,0.006365,0.0063655,11
2026-08-20T11:00:00+0000,0.0063605,0.0063635,0.0063585,0.0063585,68
2026-08-20T12:00:00+0000,0.006355,0.00636,0.006353,0.0063585,83
2026-08-20T13:00:00+0000,0.006359,0.0063625,0.006357,0.006357,41
2026-08-20T14:00:00+0000,0.00635,0.006356,0.00635,0.006356,18
2026-08-20T15:00:00+0000,0.0063555,0.006364,0.006346,0.006348,180
2026-08-20T16:00:00+0000,0.006351,0.006351,0.0063415,0.006343,92
2026-08-20T17:00:00+0000,0.0063415,0.0063415,0.0063415,0.0063415,13
2026-08-20T18:00:00+0000,0.00634,0.00634,0.0063385,0.0063385,13
2026-08-20T19:00:00+0000,0.006339,0.006339,0.006339,0.006339,11
2026-08-20T20:00:00+0000,0.00634,0.006342,0.006339,0.006342,3
2026-08-20T22:00:00+0000,0.006344,0.006346,0.006344,0.0063455,18
2026-08-20T23:00:00+0000,0.006347,0.006349,0.006347,0.006349,6
2026-08-21T00:00:00+0000,0.0063445,0.006346,0.0063405,0.006341,37
2026-08-21T01:00:00+0000,0.0063405,0.0063465,0.006339,0.006346,37
2026-08-21T02:00:00+0000,0.006346,0.006347,0.006344,0.0063465,7
2026-08-21T03:00:00+0000,0.006345,0.006345,0.006341,0.0063425,25
2026-08-21T04:00:00+0000,0.006345,0.006345,0.006345,0.006345,1
2026-08-21T05:00:00+0000,0.006344,0.0063505,0.006344,0.0063505,14
2026-08-21T06:00:00+0000,0.0063495,0.0063495,0.0063495,0.0063495,1
2026-08-21T07:00:00+0000,0.0063495,0.006353,0.0063495,0.006353,2
2026-08-21T08:00:00+0000,0.0063495,0.0063635,0.0063495,0.0063635,84
2026-08-21T09:00:00+0000,0.0063645,0.0063685,0.00636,0.00636,33
2026-08-21T10:00:00+0000,0.00636,0.006361,0.006357,0.006357,30
2026-08-21T11:00:00+0000,0.006355,0.0063605,0.006355,0.0063605,34
2026-08-21T12:00:00+0000,0.0063555,0.006357,0.0063535,0.0063535,3
2026-08-21T13:00:00+0000,0.006354,0.006354,0.00635,0.0063505,37
2026-08-21T14:00:00+0000,0.006351,0.006351,0.006345,0.0063455,21
2026-08-21T15:00:00+0000,0.006343,0.006347,0.0063425,0.006347,4
2026-08-21T16:00:00+0000,0.006347,0.0063515,0.0063455,0.0063455,46
2026-08-21T17:00:00+0000,0.0063435,0.0063445,0.006343,0.006344,29
2026-08-21T18:00:00+0000,0.006344,0.006344,0.0063425,0.0063425,6
2026-08-21T19:00:00+0000,0.006343,0.006345,0.006343,0.006345,3
2026-08-21T20:00:00+0000,0.006344,0.006344,0.006344,0.006344,1
2026-08-23T22:00:00+0000,0.0063485,0.006349,0.006345,0.006345,18
2026-08-23T23:00:00+0000,0.0063455,0.0063455,0.006345,0.006345,2
2026-08-24T00:00:00+0000,0.006354,0.006355,0.0063535,0.006355,20
2026-08-24T01:00:00+0000,0.006351,0.006351,0.0063465,0.006349,10
2026-08-24T02:00:00+0000,0.00635,0.00635,0.0063495,0.0063495,4
2026-08-24T03:00:00+0000,0.006346,0.006346,0.006346,0.006346,6
2026-08-24T04:00:00+0000,0.006348,0.00635,0.006348,0.006349,24
2026-08-24T05:00:00+0000,0.006349,0.006349,0.006346,0.0063465,5
2026-08-24T06:00:00+0000,0.006348,0.006348,0.006343,0.006343,19
2026-08-24T07:00:00+0000,0.0063405,0.006341,0.006337,0.0063375,25
2026-08-24T08:00:00+0000,0.0063355,0.006337,0.0063325,0.0063335,46
2026-08-24T09:00:00+0000,0.0063365,0.006337,0.006335,0.0063365,20
2026-08-24T10:00:00+0000,0.006336,0.0063385,0.006336,0.006338,43
2026-08-24T11:00:00+0000,0.006335,0.0063425,0.006335,0.006341,76
2026-08-24T12:00:00+0000,0.006344,0.006347,0.0063435,0.006347,78
2026-08-24T13:00:00+0000,0.006338,0.00634,0.006338,0.006338,40
2026-08-24T14:00:00+0000,0.006338,0.00634,0.0063365,0.0063365,42
2026-08-24T15:00:00+0000,0.0063365,0.0063405,0.0063365,0.006337,462
2026-08-24T16:00:00+0000,0.0063365,0.0063415,0.0063365,0.00634,57
2026-08-24T17:00:00+0000,0.0063405,0.0063435,0.006337,0.006337,132
2026-08-24T18:00:00+0000,0.006337,0.006337,0.006337,0.006337,3
2026-08-24T19:00:00+0000,0.006336,0.0063375,0.006336,0.0063375,16
2026-08-24T20:00:00+0000,0.006338,0.0063395,0.006338,0.0063395,2
2026-08-24T22:00:00+0000,0.006339,0.006339,0.006339,0.006339,3
2026-08-24T23:00:00+0000,0.0063395,0.0063405,0.0063395,0.0063405,21
2026-08-25T00:00:00+0000,0.0063375,0.0063395,0.006336,0.006336,4
2026-08-25T01:00:00+0000,0.006335,0.0063375,0.0063345,0.0063345,26
2026-08-25T02:00:00+0000,0.0063305,0.006333,0.006329,0.006329,10
2026-08-25T03:00:00+0000,0.006329,0.00633,0.0063285,0.0063285,13
2026-08-25T04:00:00+0000,0.0063335,0.0063335,0.0063335,0.0063335,1
2026-08-25T05:00:00+0000,0.0063305,0.0063315,0.0063295,0.0063305,140
2026-08-25T06:00:00+0000,0.0063305,0.0063315,0.0063285,0.0063285,56
2026-08-25T07:00:00+0000,0.006327,0.0063305,0.006326,0.0063265,113
2026-08-25T08:00:00+0000,0.006325,0.00633,0.006324,0.006329,93
2026-08-25T09:00:00+0000,0.0063315,0.006334,0.00633,0.006333,229
2026-08-25T10:00:00+0000,0.0063325,0.0063325,0.006331,0.0063325,30
2026-08-25T11:00:00+0000,0.0063335,0.006334,0.00633,0.006334,22
2026-08-25T12:00:00+0000,0.006334,0.006334,0.0063315,0.0063325,329
2026-08-25T13:00:00+0000,0.0063325,0.0063355,0.0063325,0.006335,16
2026-08-25T14:00:00+0000,0.006333,0.0063355,0.0063315,0.006333,15
2026-08-25T15:00:00+0000,0.0063325,0.006336,0.0063325,0.006335,27
2026-08-25T16:00:00+0000,0.006335,0.006335,0.006333,0.006333,2
2026-08-25T17:00:00+0000,0.0063315,0.0063345,0.0063315,0.0063345,16
2026-08-25T18:00:00+0000,0.006334,0.006335,0.0063335,0.0063345,11
2026-08-25T19:00:00+0000,0.0063345,0.00634,0.0063345,0.00634,52
2026-08-25T20:00:00+0000,0.006338,0.006338,0.0063345,0.0063345,30
2026-08-26T00:00:00+0000,0.006334,0.0063375,0.006334,0.0063375,13
2026-08-26T01:00:00+0000,0.006337,0.006344,0.0063365,0.0063405,66
2026-08-26T02:00:00+0000,0.006341,0.0063465,0.006341,0.006343,113
2026-08-26T03:00:00+0000,0.0063425,0.0063455,0.006342,0.006345,24
2026-08-26T04:00:00+0000,0.0063425,0.0063435,0.006341,0.0063415,270
2026-08-26T05:00:00+0000,0.006341,0.006343,0.0063405,0.006343,372
2026-08-26T06:00:00+0000,0.0063415,0.0063415,0.0063385,0.0063385,20
2026-08-26T07:00:00+0000,0.006342,0.0063425,0.0063415,0.006342,109
2026-08-26T08:00:00+0000,0.006343,0.006343,0.0063425,0.0063425,12
2026-08-26T09:00:00+0000,0.006341,0.006344,0.006341,0.006344,81
2026-08-26T10:00:00+0000,0.006343,0.006343,0.0063375,0.0063375,20
2026-08-26T11:00:00+0000,0.006338,0.0063385,0.0063375,0.0063375,15
2026-08-26T12:00:00+0000,0.006345,0.006345,0.006333,0.006333,67
2026-08-26T13:00:00+0000,0.0063315,0.0063315,0.006329,0.006329,19
2026-08-26T14:00:00+0000,0.006327,0.006328,0.006325,0.0063265,81
2026-08-26T15:00:00+0000,0.0063265,0.006329,0.0063265,0.006328,23
2026-08-26T16:00:00+0000,0.0063285,0.0063305,0.006326,0.006326,28
2026-08-26T17:00:00+0000,0.006327,0.006328,0.0063265,0.006327,47
2026-08-26T18:00:00+0000,0.0063265,0.006328,0.0063265,0.0063265,13
2026-08-26T19:00:00+0000,0.0063275,0.0063275,0.0063275,0.0063275,1
2026-08-26T20:00:00+0000,0.006329,0.0063295,0.006329,0.0063295,2
2026-08-26T22:00:00+0000,0.006329,0.006329,0.006329,0.006329,2
2026-08-26T23:00:00+0000,0.006332,0.006332,0.006331,0.006331,7
2026-08-27T00:00:00+0000,0.006336,0.0063365,0.0063345,0.0063345,122
2026-08-27T01:00:00+0000,0.0063345,0.0063355,0.00633,0.0063315,22
2026-08-27T02:00:00+0000,0.0063295,0.00633,0.006325,0.006328,47
2026-08-27T03:00:00+0000,0.0063275,0.0063275,0.006327,0.006327,8
2026-08-27T04:00:00+0000,0.006327,0.006327,0.006326,0.0063265,49
2026-08-27T05:00:00+0000,0.006327,0.006328,0.0063265,0.0063265,36
2026-08-27T06:00:00+0000,0.0063265,0.006327,0.0063265,0.006327,11
2026-08-27T07:00:00+0000,0.006329,0.006329,0.0063265,0.0063265,2
2026-08-27T08:00:00+0000,0.0063285,0.00633,0.0063285,0.00633,23
2026-08-27T09:00:00+0000,0.0063255,0.0063255,0.0063225,0.006323,36
2026-08-27T10:00:00+0000,0.0063225,0.006324,0.006322,0.006322,73
2026-08-27T11:00:00+0000,0.006323,0.006323,0.006321,0.006321,55
2026-08-27T12:00:00+0000,0.006324,0.006325,0.0063235,0.0063245,25
2026-08-27T13:00:00+0000,0.0063245,0.006327,0.0063235,0.0063265,131
2026-08-27T14:00:00+0000,0.0063265,0.00633,0.0063265,0.006329,138
2026-08-27T15:00:00+0000,0.006328,0.0063315,0.006328,0.0063315,23
2026-08-27T16:00:00+0000,0.0063305,0.006331,0.0063295,0.0063295,16
2026-08-27T17:00:00+0000,0.006329,0.006329,0.0063255,0.0063255,9
2026-08-27T18:00:00+0000,0.006324,0.006324,0.0063235,0.006324,48
2026-08-27T19:00:00+0000,0.0063245,0.0063245,0.006324,0.006324,31
2026-08-27T20:00:00+0000,0.0063245,0.006325,0.0063245,0.006325,7
2026-08-27T22:00:00+0000,0.006325,0.006326,0.006325,0.006326,18
2026-08-27T23:00:00+0000,0.006327,0.006328,0.0063265,0.006328,15
2026-08-28T00:00:00+0000,0.0063285,0.0063285,0.0063275,0.0063275,15
2026-08-28T01:00:00+0000,0.006325,0.006327,0.0063235,0.0063235,93
2026-08-28T02:00:00+0000,0.006323,0.006324,0.006322,0.006324,243
2026-08-28T03:00:00+0000,0.0063225,0.006323,0.0063225,0.0063225,14
2026-08-28T04:00:00+0000,0.006322,0.006322,0.006321,0.006321,11
2026-08-28T05:00:00+0000,0.00632,0.00632,0.0063185,0.006319,108
2026-08-28T06:00:00+0000,0.0063195,0.0063225,0.0063195,0.0063225,17
2026-08-28T07:00:00+0000,0.0063235,0.0063235,0.006321,0.006321,12
2026-08-28T08:00:00+0000,0.006318,0.0063185,0.006317,0.0063175,14
2026-08-28T09:00:00+0000,0.006317,0.006317,0.006313,0.0063135,79
2026-08-28T10:00:00+0000,0.006313,0.006315,0.006313,0.0063145,22
2026-08-28T11:00:00+0000,0.006315,0.006315,0.0063135,0.0063145,21
2026-08-28T12:00:00+0000,0.0063145,0.006318,0.006314,0.006318,466
2026-08-28T13:00:00+0000,0.0063175,0.0063185,0.0063145,0.006316,51
2026-08-28T14:00:00+0000,0.006313,0.0063205,0.006304,0.0063075,1305
2026-08-28T15:00:00+0000,0.006307,0.006308,0.0063,0.0063025,1015
2026-08-28T16:00:00+0000,0.006302,0.0063025,0.006294,0.006294,618
2026-08-28T17:00:00+0000,0.006294,0.006296,0.006294,0.0062945,23
2026-08-28T18:00:00+0000,0.006295,0.0062965,0.0062945,0.006296,190
2026-08-28T19:00:00+0000,0.0062965,0.0062995,0.0062965,0.006298,89
2026-08-28T20:00:00+0000,0.0062985,0.006299,0.006297,0.0062975,23
2026-08-30T22:00:00+0000,0.0062985,0.0062985,0.0062955,0.006298,46
2026-08-30T23:00:00+0000,0.0062975,0.0062975,0.0062935,0.0062965,29
2026-08-31T00:00:00+0000,0.0062975,0.006303,0.0062975,0.0063025,184
2026-08-31T01:00:00+0000,0.006303,0.00631,0.0063025,0.0063085,102
2026-08-31T02:00:00+0000,0.0063085,0.006312,0.006308,0.006311,38
2026-08-31T03:00:00+0000,0.0063105,0.0063105,0.006308,0.006309,40
2026-08-31T04:00:00+0000,0.00631,0.006311,0.0063085,0.0063095,29
2026-08-31T05:00:00+0000,0.0063095,0.0063105,0.006307,0.006307,237
2026-08-31T06:00:00+0000,0.006308,0.0063095,0.0063045,0.006308,113
2026-08-31T07:00:00+0000,0.0063095,0.0063195,0.0063085,0.006318,419
2026-08-31T08:00:00+0000,0.00632,0.0063225,0.0063115,0.0063115,294
2026-08-31T09:00:00+0000,0.0063125,0.0063135,0.0063115,0.006312,109
2026-08-31T10:00:00+0000,0.0063125,0.0063125,0.006311,0.0063125,54
2026-08-31T11:00:00+0000,0.006312,0.006316,0.006312,0.006314,37
2026-08-31T12:00:00+0000,0.006313,0.006314,0.006306,0.006307,161
2026-08-31T13:00:00+0000,0.0063065,0.00631,0.0063055,0.0063085,83
2026-08-31T14:00:00+0000,0.006308,0.0063175,0.0063075,0.006313,184
2026-08-31T15:00:00+0000,0.006312,0.0063135,0.00631,0.006312,55
2026-08-31T16:00:00+0000,0.006312,0.0063145,0.006312,0.0063145,106
2026-08-31T17:00:00+0000,0.0063135,0.0063145,0.006313,0.006314,31
2026-08-31T18:00:00+0000,0.0063135,0.006314,0.006309,0.0063095,163
2026-08-31T19:00:00+0000,0.0063095,0.0063125,0.006309,0.006311,171
2026-08-31T20:00:00+0000,0.006312,0.006312,0.0063105,0.0063105,21
2026-08-31T22:00:00+0000,0.006311,0.006311,0.0063095,0.0063095,6
2026-08-31T23:00:00+0000,0.0063085,0.0063105,0.0063085,0.00631,12
2026-09-01T00:00:00+0000,0.0063095,0.0063145,0.006307,0.0063085,64
2026-09-01T01:00:00+0000,0.006309,0.0063115,0.006307,0.0063115,81
2026-09-01T02:00:00+0000,0.0063085,0.00631,0.0063075,0.0063085,108
2026-09-01T03:00:00+0000,0.006309,0.00631,0.0063085,0.0063085,19
2026-09-01T04:00:00+0000,0.0063085,0.0063085,0.0063055,0.0063055,59
2026-09-01T05:00:00+0000,0.006306,0.0063075,0.006305,0.006306,78
2026-09-01T06:00:00+0000,0.0063055,0.0063055,0.006302,0.0063035,46
2026-09-01T07:00:00+0000,0.006303,0.006304,0.0062995,0.0063015,250
2026-09-01T08:00:00+0000,0.0063005,0.006304,0.0063,0.0063035,255
2026-09-01T09:00:00+0000,0.0063035,0.006305,0.006299,0.006299,541
2026-09-01T10:00:00+0000,0.006299,0.0063015,0.0062965,0.006297,45
2026-09-01T11:00:00+0000,0.006297,0.006302,0.006295,0.006296,259
2026-09-01T12:00:00+0000,0.0062955,0.0063,0.0062925,0.0062965,263
2026-09-01T13:00:00+0000,0.006295,0.0062995,0.0062945,0.0062995,173
2026-09-01T14:00:00+0000,0.006298,0.006305,0.006297,0.0062975,432
2026-09-01T15:00:00+0000,0.006298,0.0063,0.006297,0.0062995,82
2026-09-01T16:00:00+0000,0.0062995,0.0062995,0.0062945,0.0062945,89
2026-09-01T17:00:00+0000,0.006295,0.006295,0.006291,0.006291,111
2026-09-01T18:00:00+0000,0.0062915,0.006293,0.0062905,0.006293,404
2026-09-01T19:00:00+0000,0.0062925,0.0062935,0.006292,0.006292,55
2026-09-01T20:00:00+0000,0.006292,0.0062935,0.006292,0.0062935,68
2026-09-01T22:00:00+0000,0.006294,0.0062945,0.0062935,0.0062935,30
2026-09-01T23:00:00+0000,0.0062925,0.006294,0.006292,0.0062925,38
2026-09-02T00:00:00+0000,0.0062935,0.006295,0.0062895,0.0062895,127
2026-09-02T01:00:00+0000,0.006289,0.0062895,0.0062855,0.006286,584
2026-09-02T02:00:00+0000,0.0062855,0.0062905,0.006285,0.00629,1109
2026-09-02T03:00:00+0000,0.0062905,0.0062925,0.00629,0.006292,146
2026-09-02T04:00:00+0000,0.0062925,0.006299,0.0062925,0.0062965,123
2026-09-02T05:00:00+0000,0.006297,0.0063075,0.006296,0.0063075,523
2026-09-02T06:00:00+0000,0.006308,0.0063225,0.006308,0.006316,607
2026-09-02T07:00:00+0000,0.006316,0.0063165,0.0063095,0.0063125,287
2026-09-02T08:00:00+0000,0.0063135,0.006314,0.0063065,0.0063065,286
2026-09-02T09:00:00+0000,0.006306,0.006309,0.006305,0.006306,191
2026-09-02T10:00:00+0000,0.006306,0.006306,0.006304,0.006304,108
2026-09-02T11:00:00+0000,0.0063045,0.006315,0.0063045,0.006315,390
2026-09-02T12:00:00+0000,0.006315,0.0063195,0.006311,0.006316,446
2026-09-02T13:00:00+0000,0.0063165,0.006372,0.0063155,0.006357,4328
2026-09-02T14:00:00+0000,0.006357,0.006359,0.006346,0.0063505,2540
2026-09-02T15:00:00+0000,0.00635,0.006355,0.006347,0.0063485,3674
2026-09-02T16:00:00+0000,0.006348,0.0063485,0.0063445,0.006346,1529
2026-09-02T17:00:00+0000,0.006346,0.006348,0.0063415,0.0063445,318
2026-09-02T18:00:00+0000,0.006345,0.0063465,0.006341,0.006342,399
2026-09-02T19:00:00+0000,0.006342,0.0063485,0.006339,0.0063485,262
2026-09-02T20:00:00+0000,0.006349,0.006355,0.0063485,0.0063515,166
2026-09-02T22:00:00+0000,0.0063505,0.0063505,0.006345,0.0063465,67
2026-09-02T23:00:00+0000,0.006346,0.0063475,0.006341,0.006341,48
2026-09-03T00:00:00+0000,0.006341,0.006355,0.006339,0.0063505,394
2026-09-03T01:00:00+0000,0.006349,0.0063685,0.006349,0.006358,441
2026-09-03T02:00:00+0000,0.006357,0.0063805,0.006357,0.0063765,967
2026-09-03T03:00:00+0000,0.0063765,0.006393,0.006376,0.006387,2550
2026-09-03T04:00:00+0000,0.006387,0.006396,0.0063835,0.0063905,1228
2026-09-03T05:00:00+0000,0.006391,0.006403,0.0063865,0.006403,1516
2026-09-03T06:00:00+0000,0.006403,0.0064185,0.006401,0.006413,4704
2026-09-03T07:00:00+0000,0.0064135,0.0064445,0.006403,0.006415,8189
2026-09-03T08:00:00+0000,0.006417,0.006437,0.006413,0.0064305,3886
2026-09-03T09:00:00+0000,0.006432,0.006451,0.0064255,0.0064425,4696
2026-09-03T10:00:00+0000,0.006445,0.006452,0.00644,0.006446,2061
2026-09-03T11:00:00+0000,0.006447,0.0064665,0.0064455,0.006456,2137
2026-09-03T12:00:00+0000,0.006456,0.0064835,0.0064535,0.0064775,6409
2026-09-03T13:00:00+0000,0.0064775,0.0064845,0.00647,0.0064845,2952
2026-09-03T14:00:00+0000,0.006483,0.0064855,0.006468,0.0064835,1990
2026-09-03T15:00:00+0000,0.006483,0.006486,0.006471,0.006485,1623
2026-09-03T16:00:00+0000,0.0064825,0.0064885,0.0064825,0.0064865,759
2026-09-03T17:00:00+0000,0.006485,0.006486,0.0064805,0.0064815,725
2026-09-03T18:00:00+0000,0.0064815,0.006485,0.006477,0.0064805,749
2026-09-03T19:00:00+0000,0.00648,0.0064805,0.006465,0.00647,539
2026-09-03T20:00:00+0000,0.0064695,0.00647,0.006467,0.006467,136
2026-09-03T22:00:00+0000,0.0064655,0.006466,0.006454,0.0064545,804
2026-09-03T23:00:00+0000,0.006455,0.006474,0.0064525,0.0064735,575
2026-09-04T00:00:00+0000,0.006474,0.0064895,0.0064605,0.0064685,4329
2026-09-04T01:00:00+0000,0.0064685,0.0064715,0.006456,0.006465,6073
2026-09-04T02:00:00+0000,0.006465,0.0064685,0.0064555,0.0064565,2535
2026-09-04T03:00:00+0000,0.006456,0.0064575,0.0064415,0.006444,3322
2026-09-04T04:00:00+0000,0.006444,0.0064485,0.006441,0.006446,1469
2026-09-04T05:00:00+0000,0.006446,0.006449,0.006442,0.0064455,1328
2026-09-04T06:00:00+0000,0.0064455,0.0064555,0.006441,0.006448,1374
2026-09-04T07:00:00+0000,0.006448,0.00645,0.0064425,0.006446,488
2026-09-04T08:00:00+0000,0.0064455,0.006447,0.006441,0.0064415,227
2026-09-04T09:00:00+0000,0.0064425,0.006446,0.006435,0.0064395,692
2026-09-04T10:00:00+0000,0.0064405,0.0064475,0.00644,0.0064455,121
2026-09-04T11:00:00+0000,0.0064455,0.0064515,0.006444,0.006448,221
2026-09-04T12:00:00+0000,0.0064485,0.006486,0.0064285,0.0064725,4722
2026-09-04T13:00:00+0000,0.006472,0.0064805,0.0064535,0.0064655,2248
2026-09-04T14:00:00+0000,0.0064655,0.006466,0.006452,0.0064545,1393
2026-09-04T15:00:00+0000,0.006454,0.006462,0.0064525,0.0064545,795
2026-09-04T16:00:00+0000,0.006455,0.006461,0.0064535,0.00646,434
2026-09-04T17:00:00+0000,0.0064585,0.0064585,0.006452,0.0064535,587
2026-09-04T18:00:00+0000,0.006454,0.0064545,0.006448,0.0064505,1138
2026-09-04T19:00:00+0000,0.0064505,0.006451,0.006449,0.00645,388
2026-09-04T20:00:00+0000,0.006449,0.0064515,0.006448,0.0064495,119
2026-09-06T22:00:00+0000,0.0064515,0.0064515,0.006447,0.00645,178
2026-09-06T23:00:00+0000,0.00645,0.006455,0.006449,0.0064495,124
2026-09-07T00:00:00+0000,0.0064495,0.0064665,0.0064485,0.006464,607
2026-09-07T01:00:00+0000,0.0064645,0.006465,0.006454,0.0064575,614
2026-09-07T02:00:00+0000,0.0064575,0.0064575,0.0064485,0.006451,528
2026-09-07T03:00:00+0000,0.006451,0.0064575,0.0064505,0.0064565,132
2026-09-07T04:00:00+0000,0.0064565,0.0064575,0.006452,0.006457,143
2026-09-07T05:00:00+0000,0.006457,0.0064675,0.0064545,0.0064665,249
2026-09-07T06:00:00+0000,0.0064665,0.0064775,0.0064635,0.0064645,831
2026-09-07T07:00:00+0000,0.0064645,0.0064785,0.006463,0.006478,791
2026-09-07T08:00:00+0000,0.006477,0.0065405,0.0064765,0.006523,9252
2026-09-07T09:00:00+0000,0.0065225,0.0065335,0.006519,0.0065205,3182
2026-09-07T10:00:00+0000,0.0065215,0.006523,0.006511,0.0065155,3166
2026-09-07T11:00:00+0000,0.006515,0.0065175,0.0065105,0.006512,1799
2026-09-07T12:00:00+0000,0.0065125,0.006532,0.006509,0.006522,2803
2026-09-07T13:00:00+0000,0.0065225,0.0065275,0.006518,0.006521,4639
2026-09-07T14:00:00+0000,0.0065205,0.006531,0.006516,0.0065305,755
2026-09-07T15:00:00+0000,0.00653,0.006533,0.0065245,0.006526,1001
2026-09-07T16:00:00+0000,0.006526,0.006531,0.006525,0.0065305,362
2026-09-07T17:00:00+0000,0.00653,0.0065305,0.0065265,0.006528,100
2026-09-07T18:00:00+0000,0.0065275,0.0065285,0.006527,0.006528,66
2026-09-07T19:00:00+0000,0.006527,0.0065285,0.006527,0.0065275,131
2026-09-07T20:00:00+0000,0.006527,0.0065285,0.0065265,0.0065285,109
2026-09-07T22:00:00+0000,0.0065275,0.0065355,0.0065265,0.006535,668
2026-09-07T23:00:00+0000,0.006535,0.0065505,0.006535,0.00655,4853
2026-09-08T00:00:00+0000,0.0065495,0.006562,0.0065465,0.006551,4850
2026-09-08T01:00:00+0000,0.006551,0.0065695,0.0065505,0.006569,4319
2026-09-08T02:00:00+0000,0.00657,0.0065895,0.00657,0.00657,12572
2026-09-08T03:00:00+0000,0.00657,0.0065795,0.0065695,0.006571,6535
2026-09-08T04:00:00+0000,0.0065715,0.0065745,0.00656,0.0065645,5142
2026-09-08T05:00:00+0000,0.0065645,0.0065725,0.00656,0.0065705,3441
2026-09-08T06:00:00+0000,0.0065715,0.0065735,0.006546,0.006552,3577
2026-09-08T07:00:00+0000,0.00655,0.0065535,0.0065435,0.00655,5229
2026-09-08T08:00:00+0000,0.00655,0.006553,0.0065295,0.0065345,2288
2026-09-08T09:00:00+0000,0.006535,0.00655,0.0065345,0.006546,1488
2026-09-08T10:00:00+0000,0.006545,0.0065455,0.006531,0.006531,3707
2026-09-08T11:00:00+0000,0.006532,0.0065355,0.006524,0.0065305,1290
2026-09-08T12:00:00+0000,0.0065305,0.0065505,0.006529,0.0065505,2325
2026-09-08T13:00:00+0000,0.0065505,0.0065545,0.0065455,0.00655,4192
2026-09-08T14:00:00+0000,0.0065505,0.006551,0.006537,0.006542,2998
2026-09-08T15:00:00+0000,0.0065415,0.0065415,0.006531,0.006532,2726
2026-09-08T16:00:00+0000,0.006532,0.006533,0.006526,0.0065305,2515
2026-09-08T17:00:00+0000,0.006531,0.006533,0.0065285,0.006533,867
2026-09-08T18:00:00+0000,0.0065325,0.006566,0.006525,0.0065595,7452
2026-09-08T19:00:00+0000,0.006559,0.006559,0.006542,0.006543,2420
2026-09-08T20:00:00+0000,0.0065435,0.006545,0.006541,0.006542,600
2026-09-08T22:00:00+0000,0.006545,0.0065575,0.006544,0.0065515,780
2026-09-08T23:00:00+0000,0.006553,0.006566,0.006553,0.006565,666
2026-09-09T00:00:00+0000,0.006565,0.0065735,0.006553,0.00656,4334
2026-09-09T01:00:00+0000,0.00656,0.0065615,0.006549,0.006561,1779
2026-09-09T02:00:00+0000,0.006561,0.006565,0.0065545,0.0065635,1324
2026-09-09T03:00:00+0000,0.0065625,0.0065695,0.0065585,0.0065655,600
2026-09-09T04:00:00+0000,0.0065655,0.0065715,0.0065635,0.0065645,432
2026-09-09T05:00:00+0000,0.0065655,0.0065745,0.006564,0.006572,460
2026-09-09T06:00:00+0000,0.006572,0.006587,0.006568,0.00657,3261
2026-09-09T07:00:00+0000,0.00657,0.0065805,0.006569,0.00658,1435
2026-09-09T08:00:00+0000,0.006579,0.006579,0.0065555,0.0065565,1743
2026-09-09T09:00:00+0000,0.006557,0.006567,0.006556,0.006557,882
2026-09-09T10:00:00+0000,0.006557,0.0065635,0.0065535,0.006561,837
2026-09-09T11:00:00+0000,0.0065605,0.0065755,0.0065595,0.006574,1280
2026-09-09T12:00:00+0000,0.006575,0.006576,0.006564,0.00657,1177
2026-09-09T13:00:00+0000,0.00657,0.0065745,0.0065655,0.0065725,3142
2026-09-09T14:00:00+0000,0.006572,0.00658,0.0065695,0.0065755,3680
2026-09-09T15:00:00+0000,0.006575,0.006578,0.0065505,0.006561,6409
2026-09-09T16:00:00+0000,0.0065615,0.006566,0.006555,0.00656,3086
2026-09-09T17:00:00+0000,0.0065595,0.0065645,0.0065595,0.0065645,2782
2026-09-09T18:00:00+0000,0.006565,0.006566,0.0065555,0.006559,2901
2026-09-09T19:00:00+0000,0.006559,0.0065595,0.0065535,0.0065565,2188
2026-09-09T20:00:00+0000,0.0065575,0.0065615,0.006555,0.0065615,358
2026-09-09T22:00:00+0000,0.006562,0.006569,0.006559,0.006568,643
2026-09-09T23:00:00+0000,0.006568,0.00657,0.006557,0.00656,601
2026-09-10T00:00:00+0000,0.0065595,0.0065625,0.0065525,0.006553,2548
2026-09-10T01:00:00+0000,0.0065525,0.0065645,0.0065515,0.006564,1483
2026-09-10T02:00:00+0000,0.006564,0.006571,0.006558,0.006565,914
2026-09-10T03:00:00+0000,0.0065655,0.006567,0.0065625,0.0065665,619
2026-09-10T04:00:00+0000,0.0065665,0.00657,0.006563,0.006563,626
2026-09-10T05:00:00+0000,0.006563,0.0065655,0.006554,0.0065575,1248
2026-09-10T06:00:00+0000,0.0065575,0.006565,0.006557,0.0065645,1136
2026-09-10T07:00:00+0000,0.006565,0.006569,0.006559,0.006566,1553
2026-09-10T08:00:00+0000,0.0065655,0.0065655,0.0065535,0.006556,2269
2026-09-10T09:00:00+0000,0.006556,0.0065595,0.00655,0.0065535,1626
2026-09-10T10:00:00+0000,0.006553,0.006555,0.006533,0.006537,3951
2026-09-10T11:00:00+0000,0.006537,0.0065385,0.006532,0.0065335,2215
2026-09-10T12:00:00+0000,0.006533,0.0065345,0.0065125,0.006526,11629
2026-09-10T13:00:00+0000,0.006526,0.006542,0.006525,0.0065395,5070
2026-09-10T14:00:00+0000,0.0065395,0.006547,0.0065375,0.006545,5857
2026-09-10T15:00:00+0000,0.0065455,0.006547,0.0065355,0.006538,4561
2026-09-10T16:00:00+0000,0.006538,0.0065385,0.006524,0.006529,3633
2026-09-10T17:00:00+0000,0.0065295,0.006532,0.0065265,0.0065295,3331
2026-09-10T18:00:00+0000,0.00653,0.0065305,0.006524,0.0065275,6818
2026-09-10T19:00:00+0000,0.0065275,0.006528,0.006524,0.0065265,3103
2026-09-10T20:00:00+0000,0.006527,0.006527,0.006519,0.006521,2924
2026-09-10T22:00:00+0000,0.0065225,0.006525,0.0065175,0.0065245,3267
2026-09-10T23:00:00+0000,0.006524,0.006525,0.006514,0.006521,4070
2026-09-11T00:00:00+0000,0.006521,0.006527,0.006515,0.0065195,8801
2026-09-11T01:00:00+0000,0.0065195,0.0065325,0.0065185,0.006526,8784
2026-09-11T02:00:00+0000,0.006526,0.006527,0.0065185,0.0065245,5877
2026-09-11T03:00:00+0000,0.006525,0.0065265,0.006519,0.0065235,5007
2026-09-11T04:00:00+0000,0.0065235,0.006529,0.0065235,0.006526,4013
2026-09-11T05:00:00+0000,0.006526,0.00654,0.0065255,0.006538,4476
2026-09-11T06:00:00+0000,0.0065385,0.006542,0.0065315,0.006533,6032
2026-09-11T07:00:00+0000,0.006533,0.006537,0.0065285,0.006531,4233
2026-09-11T08:00:00+0000,0.006531,0.006538,0.0065245,0.006536,5577
2026-09-11T09:00:00+0000,0.006536,0.006539,0.0065305,0.006536,3545
2026-09-11T10:00:00+0000,0.006536,0.0065425,0.0065335,0.0065415,3863
2026-09-11T11:00:00+0000,0.0065415,0.0065455,0.0065365,0.0065395,4678
2026-09-11T12:00:00+0000,0.0065395,0.006565,0.006519,0.006564,28712
2026-09-11T13:00:00+0000,0.006564,0.0065735,0.006556,0.006566,25756
2026-09-11T14:00:00+0000,0.006566,0.0065665,0.006556,0.006563,18047
2026-09-11T15:00:00+0000,0.006563,0.006566,0.006553,0.006554,10147
2026-09-11T16:00:00+0000,0.006554,0.006557,0.0065525,0.0065535,5234
2026-09-11T17:00:00+0000,0.0065535,0.006556,0.006552,0.006554,5116
2026-09-11T18:00:00+0000,0.006554,0.0065555,0.0065515,0.0065535,5819
2026-09-11T19:00:00+0000,0.006553,0.006555,0.006551,0.006555,6340
2026-09-11T20:00:00+0000,0.006555,0.0065645,0.006552,0.006559,3696
2026-09-13T22:00:00+0000,0.0065595,0.006568,0.006549,0.0065535,8692
2026-09-13T23:00:00+0000,0.006554,0.006566,0.0065515,0.006565,6109
2026-09-14T00:00:00+0000,0.0065655,0.006567,0.0065505,0.006555,11943
2026-09-14T01:00:00+0000,0.006556,0.0065565,0.006546,0.0065515,9058
2026-09-14T02:00:00+0000,0.006551,0.0065515,0.006538,0.0065395,6755
2026-09-14T03:00:00+0000,0.006539,0.00654,0.006535,0.006536,3771
