Time,Open,High,Low,Close,Volume
2025-02-26T14:00:00+0000,0.006949,0.006953,0.006949,0.006953,6
2025-02-27T00:00:00+0000,0.0069785,0.0069785,0.0069785,0.0069785,2
2025-02-27T04:00:00+0000,0.006968,0.006968,0.006964,0.006964,6
2025-03-06T05:00:00+0000,0.006969,0.006969,0.006969,0.006969,3
2025-03-12T02:00:00+0000,0.007008,0.007008,0.007008,0.007008,1
2025-03-12T04:00:00+0000,0.007,0.007,0.007,0.007,1
2025-03-12T07:00:00+0000,0.0069865,0.0069865,0.0069865,0.0069865,1
2025-03-12T12:00:00+0000,0.006969,0.006969,0.006969,0.006969,1
2025-03-12T13:00:00+0000,0.0069775,0.0069775,0.0069775,0.0069775,2
2025-03-14T08:00:00+0000,0.006969,0.006969,0.006969,0.006969,10
2025-03-18T14:00:00+0000,0.006939,0.006939,0.006939,0.006939,2
2025-03-24T14:00:00+0000,0.0069015,0.0069015,0.006897,0.006897,5
2025-03-26T09:00:00+0000,0.006907,0.006907,0.006907,0.006907,1
2025-04-01T14:00:00+0000,0.006948,0.006948,0.006948,0.006948,2
2025-04-01T15:00:00+0000,0.006934,0.006934,0.006934,0.006934,2
2025-04-02T11:00:00+0000,0.006936,0.006936,0.006936,0.006936,1
2025-04-02T22:00:00+0000,0.006972,0.006972,0.006972,0.006972,1
2025-04-03T05:00:00+0000,0.0070385,0.0070385,0.0070385,0.0070385,2
2025-04-03T08:00:00+0000,0.00705,0.00705,0.00705,0.00705,3
2025-04-03T13:00:00+0000,0.0071075,0.0071075,0.0071075,0.0071075,1
2025-04-03T17:00:00+0000,0.007082,0.007083,0.007082,0.007083,100
2025-04-04T13:00:00+0000,0.007115,0.0071175,0.007103,0.007103,4
2025-04-04T14:00:00+0000,0.007118,0.007118,0.007118,0.007118,1
2025-04-04T15:00:00+0000,0.0070795,0.0070795,0.0070795,0.0070795,2
2025-04-07T12:00:00+0000,0.007065,0.007065,0.007051,0.007051,7
2025-04-08T15:00:00+0000,0.00704,0.007043,0.00704,0.007043,6
2025-04-09T13:00:00+0000,0.007154,0.007154,0.007154,0.007154,1
2025-04-11T11:00:00+0000,0.0072475,0.0072475,0.0072475,0.0072475,1
2025-04-11T14:00:00+0000,0.0072295,0.007231,0.0072295,0.007231,4
2025-04-15T14:00:00+0000,0.007225,0.007225,0.007225,0.007225,1
2025-04-15T15:00:00+0000,0.007248,0.007248,0.007248,0.007248,1
2025-04-16T08:00:00+0000,0.0072745,0.0072745,0.007243,0.007253,12
2025-04-17T01:00:00+0000,0.007251,0.007251,0.007251,0.007251,1
2025-04-17T18:00:00+0000,0.007247,0.007247,0.007247,0.007247,1
2025-04-21T12:00:00+0000,0.0073385,0.0073385,0.0073385,0.0073385,1
2025-04-22T00:00:00+0000,0.0073225,0.0073225,0.0073225,0.0073225,1
2025-04-22T12:00:00+0000,0.007357,0.007357,0.007357,0.007357,1
2025-04-22T19:00:00+0000,0.0073,0.0073,0.0073,0.0073,1
2025-04-24T11:00:00+0000,0.0072535,0.007255,0.007253,0.007255,3
2025-04-25T01:00:00+0000,0.007224,0.007224,0.007224,0.007224,1
2025-04-25T13:00:00+0000,0.0071935,0.0071935,0.007182,0.007182,2
2025-04-29T02:00:00+0000,0.007257,0.007257,0.007257,0.007257,3
2025-04-30T11:00:00+0000,0.0072185,0.0072185,0.0072185,0.0072185,1
2025-05-01T05:00:00+0000,0.0071525,0.0071525,0.0071525,0.0071525,2
2025-05-01T14:00:00+0000,0.007102,0.007102,0.007102,0.007102,1
2025-05-01T15:00:00+0000,0.0070915,0.0070915,0.0070915,0.0070915,3
2025-05-02T03:00:00+0000,0.0070955,0.0070955,0.0070955,0.0070955,1
2025-05-05T01:00:00+0000,0.007155,0.007155,0.007155,0.007155,1
2025-05-08T09:00:00+0000,0.0071255,0.0071255,0.0071245,0.0071245,3
2025-05-08T14:00:00+0000,0.00712,0.00712,0.00712,0.00712,1
2025-05-08T16:00:00+0000,0.007092,0.007092,0.007092,0.007092,1
2025-05-09T02:00:00+0000,0.00708,0.00708,0.00708,0.00708,1
2025-05-09T06:00:00+0000,0.007108,0.007108,0.007108,0.007108,1
2025-05-12T07:00:00+0000,0.007062,0.007062,0.007039,0.007039,5
2025-05-13T14:00:00+0000,0.006983,0.006983,0.006983,0.006983,100
2025-05-16T13:00:00+0000,0.007097,0.007097,0.007097,0.007097,14
2025-05-16T14:00:00+0000,0.007082,0.007082,0.007082,0.007082,1
2025-05-16T15:00:00+0000,0.007075,0.007075,0.007075,0.007075,1
2025-05-20T17:00:00+0000,0.007125,0.007125,0.007125,0.007125,1
2025-05-21T16:00:00+0000,0.007183,0.007184,0.007183,0.007184,2
2025-05-22T02:00:00+0000,0.007207,0.007207,0.007207,0.007207,1
2025-05-22T08:00:00+0000,0.00722,0.00722,0.00722,0.00722,1
2025-05-22T12:00:00+0000,0.007183,0.007183,0.007183,0.007183,1
2025-05-22T16:00:00+0000,0.0071715,0.0071715,0.0071715,0.0071715,1
2025-05-23T13:00:00+0000,0.0072285,0.0072285,0.0072285,0.0072285,15
2025-05-23T14:00:00+0000,0.007225,0.007225,0.007225,0.007225,1
2025-05-26T01:00:00+0000,0.007245,0.007245,0.007245,0.007245,1
2025-05-28T23:00:00+0000,0.0070945,0.0070945,0.0070945,0.0070945,2
2025-05-29T01:00:00+0000,0.00706,0.00706,0.00706,0.00706,1
2025-05-29T09:00:00+0000,0.0071025,0.0071025,0.0071025,0.0071025,2
2025-06-02T02:00:00+0000,0.007184,0.007184,0.007183,0.007183,3
2025-06-02T14:00:00+0000,0.007225,0.007225,0.007225,0.007225,1
2025-06-03T12:00:00+0000,0.007193,0.007193,0.007193,0.007193,2
2025-06-04T10:00:00+0000,0.0071495,0.0071495,0.0071485,0.0071485,3
2025-06-06T01:00:00+0000,0.007166,0.007166,0.007166,0.007166,1
2025-06-06T15:00:00+0000,0.007105,0.007105,0.007105,0.007105,1
2025-06-09T00:00:00+0000,0.007111,0.007111,0.007111,0.007111,1
2025-06-09T12:00:00+0000,0.0071315,0.0071315,0.0071315,0.0071315,1
2025-06-11T12:00:00+0000,0.007107,0.007107,0.007107,0.007107,1
2025-06-13T15:00:00+0000,0.007142,0.0071445,0.007142,0.0071445,2
2025-06-13T16:00:00+0000,0.00715,0.00715,0.007147,0.007147,2
2025-06-17T00:00:00+0000,0.007098,0.007098,0.007098,0.007098,1
2025-06-17T03:00:00+0000,0.007167,0.007167,0.007167,0.007167,1
2025-06-17T12:00:00+0000,0.0071175,0.0071175,0.0071175,0.0071175,2
2025-06-17T15:00:00+0000,0.0070995,0.0070995,0.0070995,0.0070995,1
2025-06-17T19:00:00+0000,0.0070865,0.0070865,0.0070865,0.0070865,3
2025-06-18T00:00:00+0000,0.00709,0.00709,0.007087,0.007087,2
2025-06-18T06:00:00+0000,0.007103,0.007103,0.007103,0.007103,1
2025-06-18T11:00:00+0000,0.007107,0.007107,0.007107,0.007107,1
2025-06-18T14:00:00+0000,0.007113,0.007113,0.007113,0.007113,6
2025-06-18T18:00:00+0000,0.0071045,0.0071045,0.0071045,0.0071045,5
2025-06-19T07:00:00+0000,0.0070805,0.0070805,0.0070805,0.0070805,1
2025-06-20T14:00:00+0000,0.007056,0.007056,0.0070555,0.0070555,3
2025-06-23T04:00:00+0000,0.006998,0.006998,0.006998,0.006998,1
2025-06-23T08:00:00+0000,0.00697,0.00697,0.00697,0.00697,1
2025-06-23T10:00:00+0000,0.006957,0.006957,0.006957,0.006957,1
2025-06-23T12:00:00+0000,0.0069805,0.0069805,0.0069805,0.0069805,1
2025-06-23T13:00:00+0000,0.006976,0.006976,0.006976,0.006976,2
2025-06-23T14:00:00+0000,0.006994,0.007011,0.006994,0.0070105,6
2025-06-24T02:00:00+0000,0.007067,0.007067,0.007067,0.007067,1
2025-06-24T06:00:00+0000,0.00708,0.00708,0.007078,0.007078,2
2025-06-24T14:00:00+0000,0.0071,0.0071085,0.0071,0.0071085,9
2025-06-24T15:00:00+0000,0.0071,0.0071015,0.0070985,0.0071015,5
2025-06-24T16:00:00+0000,0.0071035,0.0071035,0.0071035,0.0071035,3
2025-06-25T08:00:00+0000,0.007071,0.007071,0.007071,0.007071,1
2025-06-25T10:00:00+0000,0.00706,0.00706,0.0070555,0.0070555,4
2025-06-25T11:00:00+0000,0.007055,0.007055,0.007055,0.007055,1
2025-06-25T15:00:00+0000,0.0070625,0.0070625,0.0070625,0.0070625,1
2025-06-25T19:00:00+0000,0.007077,0.007077,0.007077,0.007077,1
2025-06-26T02:00:00+0000,0.0070965,0.0070965,0.0070955,0.0070955,2
2025-06-26T07:00:00+0000,0.0071305,0.0071305,0.0071305,0.0071305,1
2025-06-26T10:00:00+0000,0.007128,0.007128,0.007128,0.007128,2
2025-06-27T05:00:00+0000,0.007107,0.007107,0.007107,0.007107,1
2025-06-30T03:00:00+0000,0.007122,0.007122,0.007122,0.007122,1
2025-06-30T09:00:00+0000,0.007122,0.007122,0.007122,0.007122,1
2025-06-30T17:00:00+0000,0.0071215,0.0071215,0.0071215,0.0071215,2
2025-07-01T03:00:00+0000,0.0071465,0.0071465,0.0071465,0.0071465,1
2025-07-01T05:00:00+0000,0.007145,0.007145,0.007145,0.007145,1
2025-07-01T08:00:00+0000,0.0071775,0.0071775,0.0071775,0.0071775,1
2025-07-01T14:00:00+0000,0.007165,0.007165,0.007165,0.007165,11
2025-07-01T16:00:00+0000,0.007148,0.007148,0.0071435,0.0071435,2
2025-07-02T07:00:00+0000,0.007134,0.007134,0.007134,0.007134,3
2025-07-02T09:00:00+0000,0.007123,0.007123,0.007123,0.007123,1
2025-07-02T11:00:00+0000,0.00712,0.00712,0.00712,0.00712,1
2025-07-02T12:00:00+0000,0.007135,0.007135,0.007135,0.007135,1
2025-07-02T13:00:00+0000,0.007125,0.007125,0.007125,0.007125,1
2025-07-02T14:00:00+0000,0.0071275,0.0071275,0.0071275,0.0071275,1
2025-07-03T12:00:00+0000,0.0071,0.0071,0.0070735,0.0070735,3
2025-07-03T13:00:00+0000,0.0071005,0.007104,0.0071005,0.007104,2
2025-07-03T14:00:00+0000,0.007096,0.007096,0.007082,0.007082,3
2025-07-04T06:00:00+0000,0.0071155,0.0071155,0.0071155,0.0071155,1
2025-07-07T04:00:00+0000,0.007092,0.007092,0.007092,0.007092,1
2025-07-07T08:00:00+0000,0.0070705,0.0070705,0.00707,0.00707,3
2025-07-07T09:00:00+0000,0.0070645,0.0070645,0.0070635,0.0070635,2
2025-07-07T13:00:00+0000,0.0070485,0.0070485,0.0070485,0.0070485,1
2025-07-07T16:00:00+0000,0.00704,0.00704,0.007032,0.0070335,5
2025-07-07T17:00:00+0000,0.00703,0.00703,0.00703,0.00703,2
2025-07-08T01:00:00+0000,0.00702,0.00702,0.00702,0.00702,2
2025-07-08T13:00:00+0000,0.007,0.007,0.006995,0.0069955,7
2025-07-08T14:00:00+0000,0.00699,0.00699,0.00699,0.00699,1
2025-07-08T15:00:00+0000,0.0069915,0.006994,0.0069915,0.006994,2
2025-07-09T08:00:00+0000,0.007005,0.007005,0.007005,0.007005,1
2025-07-10T01:00:00+0000,0.007037,0.007037,0.0070355,0.0070355,2
2025-07-10T04:00:00+0000,0.0070185,0.0070185,0.0070185,0.0070185,1
2025-07-10T17:00:00+0000,0.007011,0.007011,0.0070095,0.0070095,2
2025-07-11T02:00:00+0000,0.0069825,0.0069825,0.0069825,0.0069825,2
2025-07-11T03:00:00+0000,0.006983,0.006983,0.006983,0.006983,2
2025-07-11T13:00:00+0000,0.006985,0.006985,0.00697,0.00697,3
2025-07-11T14:00:00+0000,0.0069645,0.0069645,0.0069645,0.0069645,1
2025-07-11T18:00:00+0000,0.0069625,0.006965,0.0069625,0.006965,3
2025-07-13T22:00:00+0000,0.0069605,0.0069605,0.0069605,0.0069605,6
2025-07-14T00:00:00+0000,0.006974,0.006974,0.006974,0.006974,1
2025-07-14T01:00:00+0000,0.00698,0.00698,0.00698,0.00698,1
2025-07-14T15:00:00+0000,0.006955,0.006955,0.006955,0.006955,2
2025-07-15T00:00:00+0000,0.006951,0.006951,0.006951,0.006951,1
2025-07-15T06:00:00+0000,0.006948,0.006948,0.006948,0.006948,1
2025-07-15T12:00:00+0000,0.00693,0.00693,0.006929,0.006929,2
2025-07-15T13:00:00+0000,0.006928,0.006928,0.0069095,0.0069095,3
2025-07-15T14:00:00+0000,0.0069,0.0069,0.0069,0.0069,2
2025-07-15T15:00:00+0000,0.006895,0.006895,0.006895,0.006895,1
2025-07-15T23:00:00+0000,0.0068955,0.0068955,0.0068955,0.0068955,1
2025-07-16T00:00:00+0000,0.0069005,0.0069005,0.0069005,0.0069005,1
2025-07-16T15:00:00+0000,0.006925,0.006965,0.006925,0.006965,12
2025-07-16T16:00:00+0000,0.006929,0.006929,0.006929,0.006929,4
2025-07-16T17:00:00+0000,0.0069495,0.0069495,0.0069495,0.0069495,1
2025-07-16T23:00:00+0000,0.006926,0.006926,0.006926,0.006926,2
2025-07-17T00:00:00+0000,0.006925,0.006925,0.0069205,0.0069205,2
2025-07-17T12:00:00+0000,0.00689,0.00689,0.0068865,0.0068865,2
2025-07-17T16:00:00+0000,0.0069,0.0069,0.0069,0.0069,1
2025-07-17T17:00:00+0000,0.0069035,0.0069035,0.0069035,0.0069035,1
2025-07-17T18:00:00+0000,0.006898,0.006898,0.006898,0.006898,1
2025-07-17T19:00:00+0000,0.0069015,0.0069015,0.0069015,0.0069015,1
2025-07-18T14:00:00+0000,0.006909,0.00691,0.006909,0.00691,2
2025-07-21T12:00:00+0000,0.0069575,0.0069575,0.0069575,0.0069575,3
2025-07-21T16:00:00+0000,0.0069605,0.006967,0.0069605,0.0069635,6
2025-07-22T04:00:00+0000,0.0069485,0.0069485,0.0069485,0.0069485,1
2025-07-22T11:00:00+0000,0.006953,0.006953,0.006953,0.006953,2
2025-07-22T12:00:00+0000,0.006969,0.006969,0.0069665,0.0069665,2
2025-07-22T13:00:00+0000,0.0069825,0.0069825,0.0069825,0.0069825,3
2025-07-22T23:00:00+0000,0.006983,0.006983,0.006983,0.006983,1
2025-07-23T07:00:00+0000,0.0069815,0.006982,0.0069815,0.006982,5
2025-07-23T10:00:00+0000,0.007005,0.007005,0.007001,0.007001,2
2025-07-24T03:00:00+0000,0.0070215,0.0070215,0.00702,0.00702,2
2025-07-24T07:00:00+0000,0.007,0.007,0.0069995,0.0069995,2
2025-07-24T12:00:00+0000,0.0069805,0.0069805,0.0069805,0.0069805,3
2025-07-25T09:00:00+0000,0.006934,0.006934,0.006934,0.006934,1
2025-07-25T13:00:00+0000,0.0069365,0.0069365,0.0069365,0.0069365,1
2025-07-28T06:00:00+0000,0.0069165,0.0069165,0.0069165,0.0069165,1
2025-07-28T08:00:00+0000,0.006907,0.006907,0.006907,0.006907,1
2025-07-28T15:00:00+0000,0.006906,0.006906,0.006906,0.006906,2
2025-07-28T16:00:00+0000,0.0069015,0.0069015,0.0069015,0.0069015,1
2025-07-29T03:00:00+0000,0.006901,0.006901,0.006901,0.006901,1
2025-07-29T04:00:00+0000,0.0069015,0.0069015,0.0069015,0.0069015,1
2025-07-29T05:00:00+0000,0.0069095,0.0069095,0.0069095,0.0069095,1
2025-07-29T07:00:00+0000,0.006897,0.006897,0.006897,0.006897,1
2025-07-29T11:00:00+0000,0.00689,0.00689,0.00689,0.00689,1
2025-07-29T13:00:00+0000,0.0068885,0.0068885,0.0068885,0.0068885,2
2025-07-29T14:00:00+0000,0.0068925,0.0068925,0.0068925,0.0068925,2
2025-07-29T22:00:00+0000,0.006899,0.006899,0.006899,0.006899,50
2025-07-30T02:00:00+0000,0.0069175,0.0069175,0.0069175,0.0069175,3
2025-07-30T03:00:00+0000,0.006922,0.006922,0.006922,0.006922,1
2025-07-30T05:00:00+0000,0.006923,0.006923,0.006923,0.006923,2
2025-07-30T12:00:00+0000,0.006885,0.006885,0.00688,0.00688,5
2025-07-30T14:00:00+0000,0.0068715,0.0068715,0.0068715,0.0068715,1
2025-07-30T18:00:00+0000,0.006885,0.006885,0.00686,0.00686,3
2025-07-31T00:00:00+0000,0.006865,0.006865,0.006865,0.006865,1
2025-07-31T02:00:00+0000,0.006877,0.006877,0.006877,0.006877,2
2025-07-31T05:00:00+0000,0.006883,0.006883,0.006883,0.006883,3
2025-07-31T07:00:00+0000,0.006861,0.006861,0.006845,0.0068575,4
2025-07-31T08:00:00+0000,0.006846,0.006846,0.006843,0.006843,2
2025-07-31T09:00:00+0000,0.006838,0.006838,0.006838,0.006838,1
2025-07-31T10:00:00+0000,0.00683,0.00683,0.00683,0.00683,1
2025-07-31T12:00:00+0000,0.0068225,0.0068225,0.0068225,0.0068225,1
2025-07-31T14:00:00+0000,0.006803,0.006803,0.006803,0.006803,1
2025-07-31T15:00:00+0000,0.0068055,0.0068135,0.0068055,0.0068135,2
2025-07-31T16:00:00+0000,0.0068,0.0068,0.0068,0.0068,1
2025-07-31T17:00:00+0000,0.006801,0.006801,0.006801,0.006801,1
2025-08-01T01:00:00+0000,0.006797,0.006797,0.006797,0.006797,1
2025-08-01T06:00:00+0000,0.0068085,0.0068085,0.006801,0.006801,2
2025-08-01T07:00:00+0000,0.006804,0.006804,0.006804,0.006804,2
2025-08-01T08:00:00+0000,0.006802,0.0068045,0.006802,0.0068045,3
2025-08-01T12:00:00+0000,0.0068395,0.006875,0.0068395,0.006875,4
2025-08-01T16:00:00+0000,0.0069175,0.0069175,0.006916,0.006916,2
2025-08-04T04:00:00+0000,0.006931,0.006931,0.006931,0.006931,2
2025-08-04T12:00:00+0000,0.006949,0.00695,0.006949,0.00695,2
2025-08-04T14:00:00+0000,0.006962,0.006962,0.006962,0.006962,3
2025-08-05T10:00:00+0000,0.0069245,0.0069245,0.0069245,0.0069245,2
2025-08-05T13:00:00+0000,0.006921,0.006921,0.006921,0.006921,1
2025-08-06T17:00:00+0000,0.006946,0.006946,0.0069455,0.0069455,2
2025-08-08T08:00:00+0000,0.0069355,0.0069355,0.006924,0.006924,2
2025-08-11T03:00:00+0000,0.006933,0.006933,0.006933,0.006933,1
2025-08-11T08:00:00+0000,0.006936,0.006936,0.006936,0.006936,1
2025-08-11T10:00:00+0000,0.006922,0.006922,0.006922,0.006922,1
2025-08-11T11:00:00+0000,0.0069145,0.006916,0.0069145,0.006916,2
2025-08-12T00:00:00+0000,0.0068985,0.0068985,0.0068905,0.0068905,9
2025-08-12T01:00:00+0000,0.0068935,0.0068965,0.006893,0.006896,9
2025-08-12T02:00:00+0000,0.006894,0.0068945,0.006893,0.006893,22
2025-08-12T03:00:00+0000,0.0068885,0.00689,0.006888,0.006888,5
2025-08-12T05:00:00+0000,0.00689,0.00689,0.00689,0.00689,4
2025-08-12T06:00:00+0000,0.006892,0.006892,0.006892,0.006892,1
2025-08-12T08:00:00+0000,0.0068875,0.0068875,0.0068875,0.0068875,2
2025-08-12T15:00:00+0000,0.00692,0.00692,0.00692,0.00692,2
2025-08-13T09:00:00+0000,0.0069415,0.0069425,0.0069415,0.0069425,2
2025-08-13T17:00:00+0000,0.006933,0.006933,0.006933,0.006933,10
2025-08-14T03:00:00+0000,0.0069685,0.0069685,0.0069685,0.0069685,1
2025-08-14T04:00:00+0000,0.006969,0.006969,0.006969,0.006969,1
2025-08-14T13:00:00+0000,0.0069455,0.0069465,0.0069455,0.0069465,2
2025-08-14T15:00:00+0000,0.0069145,0.0069155,0.0069145,0.0069155,2
2025-08-15T02:00:00+0000,0.006935,0.006935,0.006935,0.006935,1
2025-08-15T04:00:00+0000,0.00694,0.00694,0.00694,0.00694,2
2025-08-15T07:00:00+0000,0.006948,0.006948,0.0069435,0.0069465,4
2025-08-15T11:00:00+0000,0.006949,0.006949,0.006949,0.006949,8
2025-08-15T16:00:00+0000,0.006949,0.006949,0.006949,0.006949,8
2025-08-18T01:00:00+0000,0.006925,0.006925,0.0069235,0.0069235,4
2025-08-18T04:00:00+0000,0.0069275,0.0069295,0.0069275,0.006929,4
2025-08-18T06:00:00+0000,0.006928,0.006928,0.006927,0.006927,3
2025-08-18T07:00:00+0000,0.006936,0.006936,0.006936,0.006936,1
2025-08-18T08:00:00+0000,0.0069255,0.0069255,0.006925,0.006925,2
2025-08-18T12:00:00+0000,0.00692,0.00692,0.0069145,0.0069145,4
2025-08-18T13:00:00+0000,0.0069145,0.0069145,0.0069145,0.0069145,1
2025-08-18T17:00:00+0000,0.0069135,0.0069135,0.0069135,0.0069135,25
2025-08-18T18:00:00+0000,0.0069125,0.0069125,0.0069125,0.0069125,25
2025-08-18T19:00:00+0000,0.0069095,0.00691,0.0069095,0.00691,50
2025-08-19T02:00:00+0000,0.00691,0.00691,0.00691,0.00691,3
2025-08-19T03:00:00+0000,0.00691,0.00691,0.006908,0.006908,6
2025-08-19T12:00:00+0000,0.006908,0.006908,0.006908,0.006908,1
2025-08-20T06:00:00+0000,0.0069355,0.0069355,0.0069355,0.0069355,1
2025-08-20T13:00:00+0000,0.00694,0.00694,0.00694,0.00694,1
2025-08-20T17:00:00+0000,0.0069445,0.0069445,0.0069445,0.0069445,1
2025-08-21T06:00:00+0000,0.00692,0.00692,0.00692,0.00692,1
2025-08-21T10:00:00+0000,0.0069065,0.0069065,0.0069065,0.0069065,1
2025-08-21T13:00:00+0000,0.0069075,0.0069075,0.0069075,0.0069075,1
2025-08-21T14:00:00+0000,0.0069,0.0069,0.006899,0.0069,3
2025-08-21T15:00:00+0000,0.00689,0.00689,0.00689,0.00689,1
2025-08-21T16:00:00+0000,0.006882,0.006882,0.006882,0.006882,1
2025-08-21T23:00:00+0000,0.00688,0.00688,0.00688,0.00688,1
2025-08-22T09:00:00+0000,0.0068705,0.0068705,0.0068705,0.0068705,1
2025-08-22T14:00:00+0000,0.0069,0.0069275,0.0069,0.0069275,4
2025-08-22T15:00:00+0000,0.006955,0.0069595,0.006955,0.0069595,4
2025-08-25T01:00:00+0000,0.006924,0.006924,0.006924,0.006924,1
2025-08-25T13:00:00+0000,0.0069195,0.0069195,0.0069195,0.0069195,1
2025-08-26T07:00:00+0000,0.0069,0.0069,0.0069,0.0069,1
2025-08-27T05:00:00+0000,0.0069,0.0069,0.0069,0.0069,1
2025-08-27T07:00:00+0000,0.006902,0.006902,0.006902,0.006902,2
2025-08-27T15:00:00+0000,0.006907,0.006907,0.006907,0.006907,3
2025-08-28T04:00:00+0000,0.0069315,0.0069315,0.0069315,0.0069315,2
2025-08-28T05:00:00+0000,0.006933,0.006933,0.00693,0.00693,3
2025-08-28T17:00:00+0000,0.006947,0.006947,0.006947,0.006947,4
2025-09-02T01:00:00+0000,0.006914,0.006914,0.006914,0.006914,1
2025-09-02T02:00:00+0000,0.006909,0.006909,0.0069065,0.0069065,4
2025-09-02T06:00:00+0000,0.006892,0.006892,0.006892,0.006892,1
2025-09-02T07:00:00+0000,0.00688,0.006883,0.0068625,0.0068625,5
2025-09-02T10:00:00+0000,0.006859,0.006859,0.006858,0.006858,2
2025-09-02T13:00:00+0000,0.00687,0.00687,0.00687,0.00687,1
2025-09-02T14:00:00+0000,0.00688,0.0068885,0.00688,0.006887,6
2025-09-03T00:00:00+0000,0.0068625,0.0068625,0.00686,0.00686,2
2025-09-03T01:00:00+0000,0.006854,0.006854,0.006854,0.006854,2
2025-09-03T02:00:00+0000,0.0068555,0.0068555,0.006855,0.006855,2
2025-09-03T03:00:00+0000,0.0068525,0.0068525,0.0068525,0.0068525,1
2025-09-03T05:00:00+0000,0.0068625,0.0068625,0.0068625,0.0068625,1
2025-09-03T06:00:00+0000,0.006867,0.006867,0.006867,0.006867,1
2025-09-03T07:00:00+0000,0.00684,0.0068545,0.0068395,0.0068545,3
2025-09-03T08:00:00+0000,0.00686,0.00686,0.00686,0.00686,2
2025-09-03T09:00:00+0000,0.0068685,0.0068685,0.0068675,0.0068675,3
2025-09-03T11:00:00+0000,0.0068615,0.0068615,0.0068615,0.0068615,4
2025-09-03T12:00:00+0000,0.006862,0.0068645,0.006859,0.0068615,32
2025-09-03T13:00:00+0000,0.006855,0.006862,0.006855,0.006862,5
2025-09-03T14:00:00+0000,0.00688,0.006882,0.00688,0.006882,2
2025-09-03T15:00:00+0000,0.006889,0.0068895,0.006889,0.0068895,2
2025-09-03T17:00:00+0000,0.0068875,0.0068875,0.0068875,0.0068875,1
2025-09-03T23:00:00+0000,0.0068855,0.0068855,0.0068855,0.0068855,1
2025-09-04T12:00:00+0000,0.006864,0.0068655,0.0068635,0.0068655,101
2025-09-04T13:00:00+0000,0.006865,0.006865,0.006865,0.006865,1
2025-09-04T14:00:00+0000,0.00686,0.00686,0.00686,0.00686,1
2025-09-04T15:00:00+0000,0.0068525,0.006853,0.0068525,0.006853,2
2025-09-04T20:00:00+0000,0.0068625,0.0068625,0.0068625,0.0068625,1
2025-09-05T01:00:00+0000,0.00688,0.00688,0.00688,0.00688,1
2025-09-05T02:00:00+0000,0.00688,0.00688,0.00688,0.00688,2
2025-09-05T08:00:00+0000,0.00688,0.00688,0.00688,0.00688,1
2025-09-05T13:00:00+0000,0.006922,0.006924,0.00692,0.006924,4
2025-09-05T14:00:00+0000,0.006931,0.006931,0.006924,0.006924,4
2025-09-05T16:00:00+0000,0.0069355,0.0069355,0.0069355,0.0069355,1
2025-09-05T18:00:00+0000,0.006916,0.006917,0.006916,0.006917,2
2025-09-07T22:00:00+0000,0.0068905,0.0068905,0.0068905,0.0068905,2
2025-09-08T01:00:00+0000,0.006868,0.006868,0.0068665,0.0068665,2
2025-09-08T02:00:00+0000,0.006878,0.00688,0.006878,0.00688,5
2025-09-08T07:00:00+0000,0.0069005,0.0069005,0.006899,0.006899,2
2025-09-08T14:00:00+0000,0.006896,0.006896,0.006896,0.006896,1
2025-09-08T17:00:00+0000,0.0068965,0.0068965,0.0068965,0.0068965,1
2025-09-09T00:00:00+0000,0.0069195,0.0069195,0.0069185,0.0069185,2
2025-09-09T01:00:00+0000,0.006914,0.006914,0.006914,0.006914,1
2025-09-09T02:00:00+0000,0.0069145,0.0069145,0.0069145,0.0069145,8
2025-09-09T08:00:00+0000,0.0069165,0.0069475,0.0069165,0.006943,31
2025-09-09T10:00:00+0000,0.006954,0.006954,0.0069535,0.0069535,2
2025-09-09T12:00:00+0000,0.006939,0.006939,0.0069385,0.0069385,2
2025-09-09T13:00:00+0000,0.006939,0.006939,0.006939,0.006939,2
2025-09-09T14:00:00+0000,0.00693,0.00693,0.00693,0.00693,1
2025-09-09T15:00:00+0000,0.006915,0.006915,0.006915,0.006915,1
2025-09-09T18:00:00+0000,0.006911,0.006911,0.006911,0.006911,2
2025-09-09T19:00:00+0000,0.0069085,0.0069095,0.0069085,0.0069095,6
2025-09-10T00:00:00+0000,0.0069095,0.0069095,0.0069095,0.0069095,1
2025-09-10T01:00:00+0000,0.00691,0.00691,0.00691,0.00691,1
2025-09-10T06:00:00+0000,0.00691,0.00691,0.00691,0.00691,2
2025-09-10T12:00:00+0000,0.00691,0.00691,0.00691,0.00691,1
2025-09-10T19:00:00+0000,0.006907,0.006907,0.006907,0.006907,1
2025-09-10T23:00:00+0000,0.006908,0.006908,0.006908,0.006908,1
2025-09-11T06:00:00+0000,0.0068915,0.006894,0.0068915,0.006894,4
2025-09-11T09:00:00+0000,0.00688,0.00688,0.00688,0.00688,1
2025-09-11T12:00:00+0000,0.0069,0.0069,0.0069,0.0069,1
2025-09-11T14:00:00+0000,0.006915,0.0069165,0.006915,0.0069165,5
2025-09-11T16:00:00+0000,0.0069225,0.0069225,0.006922,0.006922,2
2025-09-11T19:00:00+0000,0.006916,0.006916,0.006916,0.006916,3
2025-09-12T00:00:00+0000,0.00691,0.00691,0.00691,0.00691,1
2025-09-12T06:00:00+0000,0.006902,0.006902,0.006902,0.006902,2
2025-09-12T07:00:00+0000,0.00691,0.00691,0.0069035,0.0069035,3
2025-09-12T08:00:00+0000,0.006888,0.006888,0.006888,0.006888,1
2025-09-12T09:00:00+0000,0.00688,0.00688,0.00688,0.00688,2
2025-09-12T12:00:00+0000,0.006875,0.006875,0.006875,0.006875,50
2025-09-12T14:00:00+0000,0.006892,0.0068925,0.006892,0.0068925,3
2025-09-12T15:00:00+0000,0.006893,0.006893,0.006889,0.006889,6
2025-09-12T18:00:00+0000,0.0069,0.0069,0.0069,0.0069,1
2025-09-12T19:00:00+0000,0.0069,0.0069,0.0069,0.0069,1
2025-09-14T22:00:00+0000,0.006891,0.006891,0.006891,0.006891,1
2025-09-14T23:00:00+0000,0.0068905,0.0068905,0.0068905,0.0068905,1
2025-09-15T00:00:00+0000,0.006894,0.006897,0.006894,0.006897,8
2025-09-15T01:00:00+0000,0.006897,0.006899,0.006897,0.006899,6
2025-09-15T03:00:00+0000,0.0068995,0.006904,0.0068995,0.006904,12
2025-09-15T04:00:00+0000,0.006905,0.006905,0.006905,0.006905,1
2025-09-15T08:00:00+0000,0.006904,0.006904,0.006904,0.006904,1
2025-09-15T12:00:00+0000,0.0069095,0.0069095,0.0069095,0.0069095,1
2025-09-15T13:00:00+0000,0.00691,0.00691,0.00691,0.00691,4
2025-09-15T15:00:00+0000,0.0069085,0.0069085,0.0069085,0.0069085,1
2025-09-15T16:00:00+0000,0.006906,0.006906,0.006906,0.006906,1
2025-09-15T17:00:00+0000,0.006907,0.0069105,0.006907,0.0069105,3
2025-09-16T00:00:00+0000,0.006904,0.006905,0.0069035,0.006905,11
2025-09-16T03:00:00+0000,0.00692,0.00692,0.006919,0.006919,18
2025-09-16T04:00:00+0000,0.006924,0.006924,0.006923,0.006923,7
2025-09-16T05:00:00+0000,0.0069225,0.0069225,0.0069225,0.0069225,1
2025-09-16T06:00:00+0000,0.006928,0.006928,0.006928,0.006928,6
2025-09-16T08:00:00+0000,0.0069245,0.0069245,0.0069245,0.0069245,2
2025-09-16T10:00:00+0000,0.0069215,0.0069215,0.0069215,0.0069215,1
2025-09-16T13:00:00+0000,0.00693,0.00693,0.006928,0.0069285,8
2025-09-16T14:00:00+0000,0.0069405,0.0069405,0.0069405,0.0069405,2
2025-09-16T15:00:00+0000,0.0069405,0.0069405,0.0069405,0.0069405,3
2025-09-16T16:00:00+0000,0.0069485,0.0069485,0.0069485,0.0069485,1
2025-09-16T17:00:00+0000,0.006955,0.006955,0.006955,0.006955,1
2025-09-16T18:00:00+0000,0.006955,0.006955,0.006955,0.006955,1
2025-09-16T23:00:00+0000,0.006953,0.006953,0.006953,0.006953,1
2025-09-17T00:00:00+0000,0.0069565,0.0069565,0.006956,0.0069565,15
2025-09-17T02:00:00+0000,0.006943,0.006943,0.006943,0.006943,1
2025-09-17T03:00:00+0000,0.006946,0.006946,0.006946,0.006946,1
2025-09-17T12:00:00+0000,0.006951,0.0069515,0.006951,0.0069515,2
2025-09-17T14:00:00+0000,0.006958,0.006959,0.006958,0.006958,7
2025-09-17T15:00:00+0000,0.0069525,0.0069525,0.0069525,0.0069525,1
2025-09-17T16:00:00+0000,0.0069575,0.0069575,0.0069565,0.0069565,2
2025-09-17T17:00:00+0000,0.0069555,0.0069555,0.0069555,0.0069555,1
2025-09-17T18:00:00+0000,0.006959,0.006982,0.006959,0.0069755,16
2025-09-17T19:00:00+0000,0.0069445,0.0069455,0.00694,0.00694,3
2025-09-17T23:00:00+0000,0.006928,0.006928,0.006928,0.006928,1
2025-09-18T00:00:00+0000,0.006924,0.006924,0.006924,0.006924,3
2025-09-18T02:00:00+0000,0.006918,0.0069205,0.006918,0.0069205,11
2025-09-18T03:00:00+0000,0.006923,0.006923,0.006917,0.006917,12
2025-09-18T04:00:00+0000,0.006915,0.006915,0.006915,0.006915,2
2025-09-18T05:00:00+0000,0.00691,0.00691,0.0069015,0.0069015,16
2025-09-18T06:00:00+0000,0.0069,0.0069,0.0068955,0.0068955,3
2025-09-18T07:00:00+0000,0.006917,0.006917,0.006917,0.006917,1
2025-09-18T08:00:00+0000,0.0069075,0.0069075,0.0069015,0.0069015,8
2025-09-18T10:00:00+0000,0.0069035,0.0069035,0.0069035,0.0069035,1
2025-09-18T12:00:00+0000,0.0068915,0.0068915,0.0068855,0.0068855,3
2025-09-18T13:00:00+0000,0.006881,0.006881,0.0068605,0.0068705,31
2025-09-18T14:00:00+0000,0.006874,0.006874,0.0068685,0.0068685,9
2025-09-18T15:00:00+0000,0.00687,0.00687,0.00687,0.00687,2
2025-09-18T20:00:00+0000,0.006875,0.006875,0.006875,0.006875,1
2025-09-18T22:00:00+0000,0.006874,0.006874,0.006874,0.006874,1
2025-09-19T00:00:00+0000,0.006869,0.006869,0.0068685,0.0068685,5
2025-09-19T01:00:00+0000,0.006868,0.006868,0.006868,0.006868,1
2025-09-19T02:00:00+0000,0.0068715,0.0068715,0.0068715,0.0068715,3
2025-09-19T03:00:00+0000,0.0068815,0.0069,0.0068815,0.006886,5
2025-09-19T06:00:00+0000,0.006891,0.006891,0.006879,0.006879,9
2025-09-19T08:00:00+0000,0.006871,0.006871,0.006871,0.006871,4
2025-09-19T12:00:00+0000,0.0068645,0.0068645,0.00686,0.00686,15
2025-09-19T14:00:00+0000,0.00688,0.00688,0.006878,0.006878,2
2025-09-22T00:00:00+0000,0.006861,0.006862,0.0068595,0.0068595,4
2025-09-22T02:00:00+0000,0.0068555,0.0068555,0.0068555,0.0068555,1
2025-09-22T03:00:00+0000,0.0068535,0.0068535,0.0068535,0.0068535,1
2025-09-22T04:00:00+0000,0.006855,0.006855,0.0068545,0.006855,8
2025-09-22T05:00:00+0000,0.0068575,0.0068575,0.0068575,0.0068575,2
2025-09-22T06:00:00+0000,0.006865,0.006865,0.006865,0.006865,2
2025-09-22T07:00:00+0000,0.006869,0.006869,0.006869,0.006869,1
2025-09-22T09:00:00+0000,0.0068745,0.0068745,0.0068745,0.0068745,1
2025-09-22T11:00:00+0000,0.0068745,0.00688,0.0068745,0.00688,2
2025-09-22T12:00:00+0000,0.006877,0.006877,0.006877,0.006877,1
2025-09-22T13:00:00+0000,0.006876,0.006876,0.006876,0.006876,1
2025-09-22T14:00:00+0000,0.006873,0.006873,0.006873,0.006873,2
2025-09-22T16:00:00+0000,0.0068815,0.0068815,0.00688,0.00688,2
2025-09-23T01:00:00+0000,0.0068855,0.0068855,0.0068855,0.0068855,1
2025-09-23T03:00:00+0000,0.0068785,0.0068785,0.0068785,0.0068785,25
2025-09-23T06:00:00+0000,0.0068795,0.0068795,0.0068795,0.0068795,3
2025-09-23T12:00:00+0000,0.006878,0.006878,0.006878,0.006878,2
2025-09-23T15:00:00+0000,0.006878,0.006878,0.006876,0.006876,6
2025-09-23T16:00:00+0000,0.0068795,0.0068795,0.0068795,0.0068795,1
2025-09-23T17:00:00+0000,0.006892,0.006892,0.006892,0.006892,1
2025-09-24T02:00:00+0000,0.00688,0.00688,0.00688,0.00688,1
2025-09-24T03:00:00+0000,0.006879,0.00688,0.006879,0.00688,3
2025-09-24T04:00:00+0000,0.0068745,0.0068745,0.0068745,0.0068745,2
2025-09-24T06:00:00+0000,0.0068675,0.0068675,0.0068675,0.0068675,1
2025-09-24T08:00:00+0000,0.006864,0.006864,0.006856,0.006856,4
2025-09-24T09:00:00+0000,0.006855,0.006855,0.006855,0.006855,1
2025-09-24T10:00:00+0000,0.0068515,0.0068515,0.00685,0.0068515,27
2025-09-24T11:00:00+0000,0.0068505,0.0068505,0.0068475,0.0068475,6
2025-09-24T12:00:00+0000,0.006844,0.006844,0.006837,0.006837,6
2025-09-24T13:00:00+0000,0.006839,0.006839,0.006834,0.006836,7
2025-09-24T14:00:00+0000,0.0068365,0.00684,0.0068365,0.006837,3
2025-09-24T15:00:00+0000,0.006835,0.006835,0.0068345,0.0068345,2
2025-09-24T17:00:00+0000,0.006836,0.006836,0.006836,0.006836,1
2025-09-24T19:00:00+0000,0.006829,0.006829,0.006829,0.006829,1
2025-09-25T00:00:00+0000,0.006835,0.006835,0.006835,0.006835,1
2025-09-25T05:00:00+0000,0.006834,0.006834,0.006831,0.006831,21
2025-09-25T09:00:00+0000,0.0068305,0.0068305,0.0068305,0.0068305,1
2025-09-25T10:00:00+0000,0.0068335,0.0068335,0.0068335,0.0068335,2
2025-09-25T11:00:00+0000,0.006828,0.006828,0.006828,0.006828,3
2025-09-25T12:00:00+0000,0.00682,0.00682,0.006808,0.006808,4
2025-09-25T13:00:00+0000,0.006814,0.006814,0.0068085,0.0068085,4
2025-09-25T14:00:00+0000,0.0068015,0.0068015,0.006795,0.006795,11
2025-09-25T15:00:00+0000,0.006792,0.006792,0.006785,0.006785,11
2025-09-25T16:00:00+0000,0.006785,0.0067885,0.006785,0.006787,4
2025-09-25T17:00:00+0000,0.0067845,0.0067865,0.006781,0.006784,18
2025-09-25T20:00:00+0000,0.006788,0.006788,0.006788,0.006788,1
2025-09-26T00:00:00+0000,0.006784,0.0067905,0.006784,0.00679,118
2025-09-26T01:00:00+0000,0.0067885,0.0067885,0.0067885,0.0067885,1
2025-09-26T02:00:00+0000,0.006784,0.006784,0.006784,0.006784,1
2025-09-26T07:00:00+0000,0.0067845,0.0067845,0.0067845,0.0067845,1
2025-09-26T08:00:00+0000,0.006789,0.006789,0.006789,0.006789,1
2025-09-26T10:00:00+0000,0.0067815,0.0067815,0.0067815,0.0067815,1
2025-09-26T11:00:00+0000,0.006786,0.006786,0.006786,0.006786,1
2025-09-26T13:00:00+0000,0.0067965,0.0067965,0.0067965,0.0067965,1
2025-09-26T14:00:00+0000,0.006792,0.0068,0.006792,0.0068,7
2025-09-26T15:00:00+0000,0.006798,0.0067985,0.006798,0.0067985,2
2025-09-26T17:00:00+0000,0.0067995,0.0067995,0.0067995,0.0067995,1
2025-09-26T19:00:00+0000,0.0068015,0.0068015,0.0068015,0.0068015,1
2025-09-28T22:00:00+0000,0.0067985,0.0067985,0.0067985,0.0067985,4
2025-09-28T23:00:00+0000,0.0068035,0.0068035,0.0068035,0.0068035,2
2025-09-29T00:00:00+0000,0.006804,0.0068135,0.006804,0.0068135,12
2025-09-29T01:00:00+0000,0.006808,0.0068165,0.006808,0.0068165,27
2025-09-29T02:00:00+0000,0.00682,0.006823,0.00682,0.006823,5
2025-09-29T05:00:00+0000,0.006828,0.006828,0.006828,0.006828,1
2025-09-29T07:00:00+0000,0.006836,0.00684,0.006836,0.00684,2
2025-09-29T08:00:00+0000,0.0068395,0.0068395,0.0068395,0.0068395,1
2025-09-29T09:00:00+0000,0.0068385,0.0068385,0.006838,0.006838,4
2025-09-29T12:00:00+0000,0.0068295,0.0068295,0.0068295,0.0068295,1
2025-09-29T13:00:00+0000,0.006833,0.00684,0.006833,0.00684,2
2025-09-29T15:00:00+0000,0.006837,0.006837,0.006837,0.006837,1
2025-09-29T17:00:00+0000,0.006837,0.006837,0.006837,0.006837,1
2025-09-29T18:00:00+0000,0.0068375,0.0068375,0.006837,0.006837,5
2025-09-29T20:00:00+0000,0.006836,0.006838,0.006836,0.006838,5
2025-09-29T22:00:00+0000,0.006838,0.006838,0.006838,0.006838,2
2025-09-29T23:00:00+0000,0.00684,0.00684,0.00684,0.00684,1
2025-09-30T00:00:00+0000,0.006836,0.006836,0.006836,0.006836,1
2025-09-30T01:00:00+0000,0.006833,0.006833,0.00683,0.00683,3
2025-09-30T02:00:00+0000,0.0068295,0.0068295,0.0068295,0.0068295,3
2025-09-30T04:00:00+0000,0.006843,0.006843,0.006839,0.006839,2
2025-09-30T06:00:00+0000,0.00686,0.00686,0.00686,0.00686,1
2025-09-30T07:00:00+0000,0.006864,0.0068665,0.006864,0.0068665,2
2025-09-30T09:00:00+0000,0.0068715,0.0068715,0.0068715,0.0068715,1
2025-09-30T13:00:00+0000,0.0068735,0.0068735,0.0068735,0.0068735,1
2025-09-30T14:00:00+0000,0.0068755,0.00688,0.0068725,0.00688,3
2025-09-30T16:00:00+0000,0.006868,0.006868,0.006868,0.006868,1
2025-09-30T17:00:00+0000,0.006879,0.0068795,0.006879,0.0068795,2
2025-09-30T18:00:00+0000,0.006873,0.006873,0.006873,0.006873,1
2025-10-01T01:00:00+0000,0.0068565,0.0068565,0.0068565,0.0068565,1
2025-10-01T02:00:00+0000,0.0068675,0.0068675,0.0068675,0.0068675,1
2025-10-01T06:00:00+0000,0.006889,0.0069,0.006889,0.0069,7
2025-10-01T07:00:00+0000,0.006905,0.006909,0.006905,0.006909,3
2025-10-01T08:00:00+0000,0.006912,0.006912,0.006912,0.006912,1
2025-10-01T11:00:00+0000,0.0069105,0.0069105,0.0069105,0.0069105,5
2025-10-01T12:00:00+0000,0.006909,0.00692,0.0069065,0.00692,33
2025-10-01T13:00:00+0000,0.0069225,0.006925,0.006922,0.006922,3
2025-10-01T14:00:00+0000,0.006909,0.00692,0.006909,0.006917,13
2025-10-01T15:00:00+0000,0.006912,0.006912,0.006904,0.006904,15
2025-10-01T16:00:00+0000,0.0069,0.006905,0.0069,0.006905,2
2025-10-01T18:00:00+0000,0.006906,0.006906,0.006906,0.006906,1
2025-10-01T22:00:00+0000,0.0069075,0.0069075,0.0069075,0.0069075,1
2025-10-02T00:00:00+0000,0.006902,0.006902,0.006902,0.006902,1
2025-10-02T01:00:00+0000,0.0069005,0.006901,0.0069,0.006901,5
2025-10-02T03:00:00+0000,0.006902,0.006902,0.006902,0.006902,4
2025-10-02T04:00:00+0000,0.0069,0.0069,0.0069,0.0069,2
2025-10-02T05:00:00+0000,0.006899,0.006899,0.006898,0.006898,4
2025-10-02T08:00:00+0000,0.006909,0.00692,0.006909,0.00692,10
2025-10-02T09:00:00+0000,0.0069205,0.0069205,0.0069205,0.0069205,6
2025-10-02T10:00:00+0000,0.006925,0.006925,0.006925,0.006925,2
2025-10-02T11:00:00+0000,0.0069195,0.0069195,0.0069195,0.0069195,1
2025-10-02T12:00:00+0000,0.006914,0.006914,0.0069,0.0069005,9
2025-10-02T13:00:00+0000,0.006902,0.006902,0.006897,0.006897,3
2025-10-02T14:00:00+0000,0.006896,0.006896,0.006893,0.0068935,14
2025-10-02T15:00:00+0000,0.00689,0.00689,0.006888,0.006888,9
2025-10-02T16:00:00+0000,0.006897,0.006897,0.006897,0.006897,2
2025-10-02T18:00:00+0000,0.0068995,0.0068995,0.0068995,0.0068995,2
2025-10-02T23:00:00+0000,0.0069005,0.0069005,0.0069005,0.0069005,1
2025-10-03T00:00:00+0000,0.006895,0.006895,0.006895,0.006895,1
2025-10-03T01:00:00+0000,0.0068915,0.006895,0.00688,0.006882,12
2025-10-03T02:00:00+0000,0.0068785,0.0068785,0.006878,0.006878,14
2025-10-03T11:00:00+0000,0.0068905,0.0068925,0.0068905,0.0068925,2
2025-10-03T12:00:00+0000,0.0068955,0.0068955,0.0068955,0.0068955,1
2025-10-03T13:00:00+0000,0.0068955,0.0068955,0.0068955,0.0068955,10
2025-10-03T14:00:00+0000,0.0069,0.0069025,0.0068845,0.0068845,20
2025-10-03T16:00:00+0000,0.006885,0.006885,0.006885,0.006885,2
2025-10-05T22:00:00+0000,0.006813,0.006813,0.0067985,0.0067985,49
2025-10-05T23:00:00+0000,0.006801,0.006801,0.0067915,0.0067915,4
2025-10-06T00:00:00+0000,0.006785,0.006805,0.006778,0.006778,11
2025-10-06T01:00:00+0000,0.0067815,0.0067865,0.0067785,0.0067785,29
2025-10-06T02:00:00+0000,0.0067795,0.0067795,0.0067755,0.0067755,3
2025-10-06T03:00:00+0000,0.006774,0.006774,0.006765,0.006765,32
2025-10-06T04:00:00+0000,0.0067755,0.0067755,0.0067755,0.0067755,1
2025-10-06T05:00:00+0000,0.006755,0.0067555,0.0067535,0.0067555,5
2025-10-06T06:00:00+0000,0.0067585,0.0067645,0.0067585,0.0067625,17
2025-10-06T08:00:00+0000,0.006762,0.006762,0.0067515,0.0067515,2
2025-10-06T09:00:00+0000,0.00675,0.006751,0.00675,0.006751,15
2025-10-06T10:00:00+0000,0.0067525,0.006755,0.006752,0.006755,11
2025-10-06T12:00:00+0000,0.0067665,0.0067755,0.0067665,0.0067755,11
2025-10-06T13:00:00+0000,0.00678,0.00678,0.006772,0.006775,5
2025-10-06T15:00:00+0000,0.006766,0.006766,0.006766,0.006766,1
2025-10-06T18:00:00+0000,0.006761,0.006761,0.0067565,0.0067565,3
2025-10-06T19:00:00+0000,0.006756,0.00676,0.006756,0.0067585,8
2025-10-06T23:00:00+0000,0.006753,0.006753,0.006753,0.006753,1
2025-10-07T00:00:00+0000,0.0067435,0.0067435,0.0067435,0.0067435,1
2025-10-07T01:00:00+0000,0.006746,0.0067465,0.006741,0.006746,8
2025-10-07T02:00:00+0000,0.006746,0.006746,0.006746,0.006746,1
2025-10-07T03:00:00+0000,0.006745,0.0067455,0.006745,0.0067455,8
2025-10-07T04:00:00+0000,0.006755,0.006755,0.006755,0.006755,1
2025-10-07T06:00:00+0000,0.00674,0.00674,0.006738,0.006738,3
2025-10-07T07:00:00+0000,0.006738,0.006742,0.006738,0.006742,2
2025-10-07T08:00:00+0000,0.006742,0.006742,0.006732,0.006732,5
2025-10-07T10:00:00+0000,0.006735,0.0067355,0.006735,0.0067355,3
2025-10-07T11:00:00+0000,0.0067305,0.0067305,0.006729,0.006729,4
2025-10-07T12:00:00+0000,0.006727,0.006731,0.0067235,0.0067305,25
2025-10-07T13:00:00+0000,0.0067325,0.0067345,0.00673,0.0067305,72
2025-10-07T14:00:00+0000,0.006726,0.006726,0.006717,0.006717,9
2025-10-07T15:00:00+0000,0.006719,0.006719,0.006717,0.006717,29
2025-10-07T16:00:00+0000,0.00671,0.00671,0.006709,0.006709,3
2025-10-07T17:00:00+0000,0.006709,0.006709,0.0067005,0.0067005,7
2025-10-07T18:00:00+0000,0.0067,0.0067,0.006683,0.0066855,29
2025-10-07T20:00:00+0000,0.00668,0.00668,0.00668,0.00668,1
2025-10-07T22:00:00+0000,0.006686,0.006686,0.006686,0.006686,4
2025-10-07T23:00:00+0000,0.0066815,0.0066815,0.0066815,0.0066815,1
2025-10-08T00:00:00+0000,0.0066645,0.006667,0.0066635,0.0066635,126
2025-10-08T01:00:00+0000,0.006659,0.006666,0.006655,0.006655,35
2025-10-08T02:00:00+0000,0.00665,0.006658,0.0066495,0.0066575,11
2025-10-08T03:00:00+0000,0.0066565,0.0066585,0.0066545,0.0066585,18
2025-10-08T04:00:00+0000,0.0066585,0.006663,0.006658,0.006663,4
2025-10-08T05:00:00+0000,0.0066625,0.0066625,0.0066625,0.0066625,1
2025-10-08T06:00:00+0000,0.0066595,0.006664,0.0066585,0.006664,9
2025-10-08T07:00:00+0000,0.0066615,0.006662,0.0066615,0.006662,5
2025-10-08T08:00:00+0000,0.0066535,0.0066535,0.006649,0.006649,16
2025-10-08T09:00:00+0000,0.0066445,0.006645,0.0066355,0.0066355,10
2025-10-08T10:00:00+0000,0.0066445,0.0066445,0.0066385,0.0066385,2
2025-10-08T11:00:00+0000,0.0066435,0.006648,0.0066435,0.006648,2
2025-10-08T12:00:00+0000,0.0066495,0.0066565,0.006647,0.0066565,12
2025-10-08T13:00:00+0000,0.006654,0.006656,0.0066505,0.0066505,9
2025-10-08T14:00:00+0000,0.0066515,0.006659,0.0066515,0.006659,3
2025-10-08T15:00:00+0000,0.0066495,0.0066515,0.006646,0.006646,8
2025-10-08T16:00:00+0000,0.006645,0.006645,0.006645,0.006645,2
2025-10-08T17:00:00+0000,0.006645,0.006645,0.006645,0.006645,4
2025-10-08T18:00:00+0000,0.006647,0.006648,0.006647,0.006648,11
2025-10-08T22:00:00+0000,0.00665,0.00665,0.00665,0.00665,1
2025-10-08T23:00:00+0000,0.0066445,0.006649,0.006644,0.006649,26
2025-10-09T00:00:00+0000,0.006654,0.006654,0.0066515,0.0066515,2
2025-10-09T01:00:00+0000,0.0066505,0.0066555,0.0066505,0.0066555,11
2025-10-09T04:00:00+0000,0.00665,0.00665,0.00665,0.00665,1
2025-10-09T06:00:00+0000,0.0066475,0.0066475,0.006627,0.00663,10
2025-10-09T07:00:00+0000,0.006632,0.0066365,0.006625,0.006625,4
2025-10-09T08:00:00+0000,0.006629,0.00664,0.006629,0.00664,5
2025-10-09T09:00:00+0000,0.0066415,0.0066515,0.0066415,0.0066515,6
2025-10-09T10:00:00+0000,0.0066535,0.0066535,0.006648,0.006648,2
2025-10-09T11:00:00+0000,0.0066445,0.0066445,0.0066445,0.0066445,1
2025-10-09T12:00:00+0000,0.0066425,0.0066425,0.006642,0.0066425,3
2025-10-09T13:00:00+0000,0.0066395,0.00666,0.006637,0.006637,12
2025-10-09T14:00:00+0000,0.0066345,0.006635,0.0066255,0.0066345,14
2025-10-09T15:00:00+0000,0.006625,0.006631,0.006624,0.006631,6
2025-10-09T17:00:00+0000,0.0066325,0.006634,0.0066325,0.006634,10
2025-10-09T18:00:00+0000,0.00663,0.00663,0.00663,0.00663,1
2025-10-09T19:00:00+0000,0.0066275,0.0066275,0.0066265,0.006627,5
2025-10-09T20:00:00+0000,0.0066295,0.0066295,0.0066295,0.0066295,1
2025-10-09T22:00:00+0000,0.0066305,0.0066305,0.0066305,0.0066305,1
2025-10-09T23:00:00+0000,0.0066315,0.0066315,0.0066305,0.0066305,2
2025-10-10T01:00:00+0000,0.0066335,0.0066365,0.006632,0.006632,10
2025-10-10T03:00:00+0000,0.0066375,0.0066445,0.0066375,0.0066445,15
2025-10-10T06:00:00+0000,0.006637,0.0066535,0.006637,0.0066495,12
2025-10-10T07:00:00+0000,0.00665,0.006652,0.006645,0.006645,4
2025-10-10T08:00:00+0000,0.0066445,0.0066495,0.0066445,0.0066455,5
2025-10-10T11:00:00+0000,0.006644,0.0066495,0.006644,0.0066495,3
2025-10-10T12:00:00+0000,0.006652,0.006652,0.006652,0.006652,1
2025-10-10T14:00:00+0000,0.00665,0.00665,0.00665,0.00665,1
2025-10-10T15:00:00+0000,0.00666,0.00669,0.00666,0.0066765,27
2025-10-10T16:00:00+0000,0.0066735,0.006679,0.006673,0.006679,6
2025-10-10T17:00:00+0000,0.006683,0.006683,0.0066795,0.0066795,4
2025-10-10T18:00:00+0000,0.0066855,0.006687,0.0066855,0.006687,3
2025-10-10T19:00:00+0000,0.006688,0.006692,0.006688,0.006692,3
2025-10-10T20:00:00+0000,0.0067,0.006713,0.0067,0.006713,6
2025-10-12T22:00:00+0000,0.006682,0.006682,0.0066755,0.006678,35
2025-10-12T23:00:00+0000,0.0066785,0.0066785,0.0066725,0.0066725,6
2025-10-13T01:00:00+0000,0.0066805,0.0066815,0.0066805,0.0066805,7
2025-10-13T02:00:00+0000,0.0066785,0.0066785,0.0066785,0.0066785,2
2025-10-13T03:00:00+0000,0.0066755,0.00668,0.0066755,0.00668,4
2025-10-13T04:00:00+0000,0.006681,0.006681,0.006681,0.006681,1
2025-10-13T05:00:00+0000,0.006685,0.006685,0.006685,0.006685,1
2025-10-13T06:00:00+0000,0.0066855,0.006687,0.0066855,0.006686,4
2025-10-13T07:00:00+0000,0.00666,0.00666,0.00666,0.00666,1
2025-10-13T08:00:00+0000,0.006659,0.006661,0.006659,0.006661,2
2025-10-13T10:00:00+0000,0.00667,0.00667,0.00667,0.00667,3
2025-10-13T11:00:00+0000,0.006673,0.006676,0.006673,0.006675,12
2025-10-13T13:00:00+0000,0.006667,0.006667,0.006667,0.006667,2
2025-10-13T14:00:00+0000,0.006664,0.006664,0.0066595,0.0066595,5
2025-10-13T16:00:00+0000,0.006663,0.006663,0.006663,0.006663,2
2025-10-13T17:00:00+0000,0.0066635,0.0066635,0.0066635,0.0066635,1
2025-10-13T18:00:00+0000,0.0066615,0.0066615,0.006661,0.006661,2
2025-10-14T00:00:00+0000,0.006655,0.006655,0.006655,0.006655,2
2025-10-14T02:00:00+0000,0.006655,0.006655,0.006655,0.006655,3
2025-10-14T04:00:00+0000,0.006673,0.006684,0.006673,0.006684,12
2025-10-14T05:00:00+0000,0.00668,0.006689,0.006679,0.006689,12
2025-10-14T06:00:00+0000,0.0066905,0.0066905,0.006687,0.006688,7
2025-10-14T07:00:00+0000,0.006683,0.00669,0.0066765,0.0066765,14
2025-10-14T08:00:00+0000,0.006676,0.006678,0.006672,0.006672,8
2025-10-14T10:00:00+0000,0.006675,0.0066785,0.0066725,0.0066785,7
2025-10-14T11:00:00+0000,0.0066725,0.006673,0.0066705,0.0066705,16
2025-10-14T12:00:00+0000,0.0066755,0.00668,0.0066715,0.0066715,14
2025-10-14T13:00:00+0000,0.0066785,0.0066825,0.0066785,0.0066825,8
2025-10-14T14:00:00+0000,0.0066735,0.0066815,0.0066735,0.0066815,9
2025-10-14T15:00:00+0000,0.0066785,0.006681,0.0066785,0.006681,4
2025-10-15T01:00:00+0000,0.0067,0.006702,0.006699,0.006702,3
2025-10-15T02:00:00+0000,0.0067145,0.006715,0.0067145,0.006715,5
2025-10-15T03:00:00+0000,0.006716,0.0067175,0.006714,0.006714,119
2025-10-15T06:00:00+0000,0.0067135,0.00672,0.0067135,0.006719,7
2025-10-15T07:00:00+0000,0.0067085,0.006714,0.0067085,0.006714,5
2025-10-15T08:00:00+0000,0.0067015,0.0067095,0.0067015,0.006709,3
2025-10-15T12:00:00+0000,0.006697,0.006697,0.006689,0.006689,15
2025-10-15T13:00:00+0000,0.006699,0.006699,0.006699,0.006699,1
2025-10-15T14:00:00+0000,0.0066995,0.006702,0.0066995,0.006702,4
2025-10-15T15:00:00+0000,0.0067115,0.0067125,0.0067115,0.0067125,2
2025-10-15T19:00:00+0000,0.0067085,0.0067085,0.0067085,0.0067085,1
2025-10-15T23:00:00+0000,0.0067165,0.0067165,0.0067165,0.0067165,1
2025-10-16T00:00:00+0000,0.0067325,0.0067325,0.006731,0.006731,2
2025-10-16T01:00:00+0000,0.006732,0.0067375,0.006732,0.0067375,12
2025-10-16T03:00:00+0000,0.0067235,0.006725,0.0067235,0.006725,2
2025-10-16T04:00:00+0000,0.0067185,0.0067185,0.0067185,0.0067185,1
2025-10-16T06:00:00+0000,0.0067155,0.0067155,0.0067155,0.0067155,1
2025-10-16T08:00:00+0000,0.0067105,0.0067135,0.0067105,0.0067115,10
2025-10-16T11:00:00+0000,0.006705,0.006705,0.006705,0.006705,1
2025-10-16T12:00:00+0000,0.0067125,0.0067125,0.0067125,0.0067125,1
2025-10-16T13:00:00+0000,0.006709,0.006709,0.0067035,0.0067085,3
2025-10-16T14:00:00+0000,0.0067195,0.0067265,0.0067195,0.0067265,9
2025-10-16T15:00:00+0000,0.006725,0.006729,0.006725,0.006729,8
2025-10-16T16:00:00+0000,0.006742,0.0067455,0.0067415,0.0067455,4
2025-10-16T17:00:00+0000,0.006748,0.006749,0.0067475,0.0067475,7
2025-10-16T18:00:00+0000,0.006744,0.006747,0.006744,0.006747,3
2025-10-16T19:00:00+0000,0.006745,0.006745,0.0067425,0.0067425,2
2025-10-17T01:00:00+0000,0.006749,0.0067495,0.006748,0.0067495,4
2025-10-17T02:00:00+0000,0.006744,0.0067565,0.006744,0.006754,8
2025-10-17T03:00:00+0000,0.0067555,0.006763,0.0067555,0.006763,10
2025-10-17T04:00:00+0000,0.006755,0.0067615,0.006755,0.0067615,7
2025-10-17T05:00:00+0000,0.0067605,0.00677,0.0067605,0.006769,29
2025-10-17T06:00:00+0000,0.0067675,0.0067695,0.0067665,0.0067675,8
2025-10-17T07:00:00+0000,0.006777,0.0067875,0.006777,0.006781,13
2025-10-17T08:00:00+0000,0.00677,0.00677,0.00677,0.00677,1
2025-10-17T09:00:00+0000,0.006778,0.006778,0.006778,0.006778,1
2025-10-17T10:00:00+0000,0.00677,0.00677,0.00677,0.00677,2
2025-10-17T11:00:00+0000,0.0067565,0.0067565,0.006746,0.006746,4
2025-10-17T12:00:00+0000,0.006743,0.006743,0.0067375,0.006739,4
2025-10-17T13:00:00+0000,0.006744,0.0067485,0.006743,0.006743,7
2025-10-17T14:00:00+0000,0.0067425,0.0067425,0.006735,0.006735,4
2025-10-17T17:00:00+0000,0.0067405,0.0067435,0.0067405,0.0067435,2
2025-10-17T18:00:00+0000,0.006738,0.006738,0.006738,0.006738,1
2025-10-19T22:00:00+0000,0.00672,0.00672,0.00672,0.00672,1
2025-10-19T23:00:00+0000,0.0067215,0.0067215,0.0067215,0.0067215,1
2025-10-20T00:00:00+0000,0.006725,0.006725,0.006725,0.006725,1
2025-10-20T01:00:00+0000,0.0067185,0.00672,0.0067075,0.006718,11
2025-10-20T02:00:00+0000,0.0067205,0.0067215,0.0067205,0.0067215,2
2025-10-20T03:00:00+0000,0.006727,0.00673,0.006727,0.00673,2
2025-10-20T04:00:00+0000,0.0067325,0.006733,0.0067325,0.006733,2
2025-10-20T05:00:00+0000,0.0067335,0.006736,0.006731,0.006731,6
2025-10-20T06:00:00+0000,0.006731,0.006731,0.006727,0.006727,6
2025-10-20T08:00:00+0000,0.006728,0.0067305,0.006728,0.0067305,3
2025-10-20T09:00:00+0000,0.00674,0.00674,0.006737,0.0067395,3
2025-10-20T10:00:00+0000,0.006724,0.006724,0.006724,0.006724,1
2025-10-20T11:00:00+0000,0.0067225,0.0067225,0.0067215,0.0067215,3
2025-10-20T12:00:00+0000,0.0067285,0.006729,0.0067285,0.006729,5
2025-10-20T14:00:00+0000,0.0067255,0.006739,0.0067255,0.0067325,9
2025-10-21T00:00:00+0000,0.006728,0.006732,0.006728,0.0067295,6
2025-10-21T01:00:00+0000,0.006729,0.006729,0.006718,0.006718,4
2025-10-21T02:00:00+0000,0.006711,0.006714,0.006711,0.006714,4
2025-10-21T05:00:00+0000,0.006712,0.006713,0.0066945,0.0066965,25
2025-10-21T07:00:00+0000,0.006703,0.006706,0.006703,0.006706,2
2025-10-21T08:00:00+0000,0.006704,0.006704,0.006687,0.006687,2
2025-10-21T09:00:00+0000,0.006685,0.006685,0.00668,0.0066805,4
2025-10-21T10:00:00+0000,0.006681,0.006681,0.0066685,0.0066685,10
2025-10-21T11:00:00+0000,0.006673,0.0066745,0.00667,0.00667,9
2025-10-21T12:00:00+0000,0.006666,0.006668,0.006664,0.006668,8
2025-10-21T13:00:00+0000,0.006674,0.0066795,0.006673,0.0066795,86
2025-10-21T14:00:00+0000,0.00669,0.0066925,0.0066845,0.0066845,11
2025-10-21T15:00:00+0000,0.0066785,0.0066785,0.0066785,0.0066785,1
2025-10-22T01:00:00+0000,0.006689,0.006691,0.0066815,0.0066815,12
2025-10-22T02:00:00+0000,0.0066815,0.0066815,0.0066815,0.0066815,1
2025-10-22T03:00:00+0000,0.006681,0.006681,0.006681,0.006681,3
2025-10-22T04:00:00+0000,0.0066765,0.0066765,0.0066765,0.0066765,3
2025-10-22T05:00:00+0000,0.006677,0.006677,0.006677,0.006677,1
2025-10-22T07:00:00+0000,0.006686,0.006686,0.006686,0.006686,1
2025-10-22T08:00:00+0000,0.006681,0.006681,0.00668,0.00668,7
2025-10-22T10:00:00+0000,0.0066775,0.0066775,0.0066775,0.0066775,5
2025-10-22T14:00:00+0000,0.006672,0.006672,0.006672,0.006672,1
2025-10-22T15:00:00+0000,0.0066765,0.006679,0.006676,0.006676,13
2025-10-22T16:00:00+0000,0.006679,0.006679,0.006679,0.006679,3
2025-10-22T18:00:00+0000,0.006683,0.006683,0.006683,0.006683,1
2025-10-22T22:00:00+0000,0.006675,0.006675,0.006675,0.006675,1
2025-10-23T00:00:00+0000,0.00666,0.00666,0.006657,0.00666,9
2025-10-23T01:00:00+0000,0.0066505,0.0066525,0.006648,0.00665,8
2025-10-23T02:00:00+0000,0.0066485,0.0066485,0.0066465,0.0066465,3
2025-10-23T03:00:00+0000,0.006647,0.0066475,0.006647,0.0066475,5
2025-10-23T04:00:00+0000,0.006643,0.006648,0.006643,0.006648,11
2025-10-23T05:00:00+0000,0.00665,0.006653,0.00665,0.006653,4
2025-10-23T06:00:00+0000,0.0066425,0.0066425,0.0066395,0.0066395,4
2025-10-23T07:00:00+0000,0.0066425,0.006649,0.0066425,0.0066485,4
2025-10-23T08:00:00+0000,0.0066455,0.0066455,0.00664,0.00664,2
2025-10-23T10:00:00+0000,0.0066355,0.0066355,0.0066355,0.0066355,4
2025-10-23T11:00:00+0000,0.006635,0.006635,0.0066335,0.0066335,2
2025-10-23T12:00:00+0000,0.00664,0.00664,0.00664,0.00664,3
2025-10-23T13:00:00+0000,0.006644,0.006644,0.0066355,0.0066375,7
2025-10-23T14:00:00+0000,0.006638,0.0066405,0.006638,0.0066385,3
2025-10-23T15:00:00+0000,0.006641,0.006641,0.006637,0.006637,8
2025-10-23T16:00:00+0000,0.0066335,0.0066335,0.0066335,0.0066335,1
2025-10-23T17:00:00+0000,0.006636,0.006636,0.006635,0.006635,4
2025-10-23T18:00:00+0000,0.006641,0.006641,0.006641,0.006641,1
2025-10-23T23:00:00+0000,0.006639,0.006639,0.006639,0.006639,1
2025-10-24T01:00:00+0000,0.006637,0.006637,0.006628,0.006628,3
2025-10-24T02:00:00+0000,0.006631,0.006631,0.0066295,0.0066295,4
2025-10-24T03:00:00+0000,0.00663,0.00663,0.00663,0.00663,2
2025-10-24T05:00:00+0000,0.006625,0.006627,0.0066245,0.006626,13
2025-10-24T06:00:00+0000,0.006626,0.006626,0.006622,0.006626,23
2025-10-24T07:00:00+0000,0.006629,0.0066325,0.006629,0.0066325,3
2025-10-24T08:00:00+0000,0.00663,0.00663,0.006624,0.006624,180
2025-10-24T09:00:00+0000,0.006624,0.006627,0.0066235,0.006627,15
2025-10-24T10:00:00+0000,0.0066265,0.0066265,0.0066265,0.0066265,3
2025-10-24T11:00:00+0000,0.0066235,0.006626,0.0066235,0.0066245,28
2025-10-24T12:00:00+0000,0.006628,0.0066525,0.006625,0.006641,129
2025-10-24T13:00:00+0000,0.0066335,0.0066335,0.00663,0.006631,5
2025-10-24T14:00:00+0000,0.0066295,0.00663,0.0066295,0.0066295,5
2025-10-24T15:00:00+0000,0.006635,0.006635,0.006634,0.006634,6
2025-10-24T19:00:00+0000,0.006627,0.006629,0.0066265,0.006629,100
2025-10-26T22:00:00+0000,0.0066115,0.0066245,0.0066115,0.0066205,151
2025-10-26T23:00:00+0000,0.006616,0.00662,0.006616,0.006619,5
2025-10-27T00:00:00+0000,0.006627,0.0066275,0.006627,0.0066275,4
2025-10-27T01:00:00+0000,0.0066305,0.0066305,0.0066305,0.0066305,1
2025-10-27T02:00:00+0000,0.0066235,0.0066235,0.006623,0.006623,4
2025-10-27T03:00:00+0000,0.006622,0.006622,0.006622,0.006622,2
2025-10-27T04:00:00+0000,0.0066175,0.0066175,0.0066175,0.0066175,5
2025-10-27T05:00:00+0000,0.006614,0.006614,0.006614,0.006614,3
2025-10-27T06:00:00+0000,0.006629,0.006629,0.006623,0.006623,2
2025-10-27T09:00:00+0000,0.0066315,0.006635,0.006631,0.006635,11
2025-10-27T10:00:00+0000,0.006633,0.006633,0.006633,0.006633,1
2025-10-27T11:00:00+0000,0.0066395,0.00664,0.0066395,0.00664,3
2025-10-27T12:00:00+0000,0.0066295,0.0066305,0.0066295,0.0066305,2
2025-10-27T13:00:00+0000,0.00662,0.00662,0.006615,0.006617,10
2025-10-27T14:00:00+0000,0.0066195,0.006621,0.0066195,0.006621,2
2025-10-27T15:00:00+0000,0.00662,0.0066215,0.006619,0.0066205,69
2025-10-27T16:00:00+0000,0.0066195,0.0066195,0.0066195,0.0066195,38
2025-10-27T23:00:00+0000,0.006632,0.006637,0.006632,0.006637,3
2025-10-28T00:00:00+0000,0.006639,0.006647,0.006639,0.006647,5
2025-10-28T01:00:00+0000,0.0066455,0.0066535,0.0066455,0.0066535,18
2025-10-28T02:00:00+0000,0.0066505,0.0066505,0.0066495,0.0066495,6
2025-10-28T03:00:00+0000,0.0066455,0.0066525,0.0066455,0.0066525,5
2025-10-28T04:00:00+0000,0.0066585,0.0066715,0.0066585,0.00667,30
2025-10-28T05:00:00+0000,0.006672,0.0066725,0.006669,0.006671,5
2025-10-28T06:00:00+0000,0.006672,0.006672,0.006671,0.006671,2
2025-10-28T07:00:00+0000,0.0066605,0.0066605,0.006652,0.0066545,38
2025-10-28T08:00:00+0000,0.0066585,0.0066715,0.0066585,0.0066715,15
2025-10-28T09:00:00+0000,0.006667,0.006669,0.0066655,0.0066665,4
2025-10-28T10:00:00+0000,0.0066715,0.0066715,0.0066715,0.0066715,1
2025-10-28T11:00:00+0000,0.006668,0.0066695,0.006663,0.006663,418
2025-10-28T12:00:00+0000,0.0066625,0.0066625,0.0066575,0.0066575,7
2025-10-28T13:00:00+0000,0.0066535,0.0066545,0.0066515,0.0066545,8
2025-10-28T14:00:00+0000,0.00666,0.0066665,0.0066595,0.0066665,8
2025-10-28T15:00:00+0000,0.0066645,0.006672,0.0066645,0.006672,16
2025-10-28T16:00:00+0000,0.006653,0.006657,0.0066525,0.006657,174
2025-10-28T18:00:00+0000,0.006658,0.00666,0.006658,0.00666,2
2025-10-28T19:00:00+0000,0.006661,0.006667,0.006661,0.006667,3
2025-10-28T20:00:00+0000,0.006661,0.006661,0.006661,0.006661,1
2025-10-28T22:00:00+0000,0.006657,0.006657,0.006657,0.006657,7
2025-10-28T23:00:00+0000,0.006657,0.006657,0.006657,0.006657,1
2025-10-29T00:00:00+0000,0.0066785,0.006682,0.0066715,0.006682,34
2025-10-29T01:00:00+0000,0.0066775,0.006678,0.0066695,0.00667,198
2025-10-29T02:00:00+0000,0.0066615,0.0066615,0.006659,0.006661,10
2025-10-29T04:00:00+0000,0.0066615,0.0066655,0.0066615,0.0066625,6
2025-10-29T05:00:00+0000,0.006656,0.006656,0.006642,0.006643,16
2025-10-29T06:00:00+0000,0.006648,0.0066585,0.006648,0.0066585,15
2025-10-29T07:00:00+0000,0.0066575,0.006659,0.0066575,0.006659,2
2025-10-29T08:00:00+0000,0.006657,0.006657,0.0066495,0.0066525,7
2025-10-29T09:00:00+0000,0.006649,0.006653,0.006647,0.006653,7
2025-10-29T10:00:00+0000,0.006652,0.006654,0.006652,0.006654,5
2025-10-29T11:00:00+0000,0.006656,0.006658,0.0066555,0.006658,7
2025-10-29T12:00:00+0000,0.006653,0.006653,0.006653,0.006653,3
2025-10-29T13:00:00+0000,0.006661,0.0066695,0.006661,0.006669,25
2025-10-29T14:00:00+0000,0.0066605,0.0066605,0.006659,0.0066605,4
2025-10-29T15:00:00+0000,0.006663,0.0066685,0.006663,0.0066685,6
2025-10-29T16:00:00+0000,0.006658,0.0066595,0.006658,0.0066595,4
2025-10-29T17:00:00+0000,0.006651,0.006653,0.006651,0.006653,5
2025-10-29T18:00:00+0000,0.006642,0.0066505,0.00662,0.006629,79
2025-10-29T19:00:00+0000,0.00663,0.0066305,0.006622,0.0066225,29
2025-10-29T20:00:00+0000,0.00664,0.00664,0.00664,0.00664,1
2025-10-29T23:00:00+0000,0.006637,0.0066375,0.006637,0.0066375,4
2025-10-30T00:00:00+0000,0.0066375,0.0066375,0.0066375,0.0066375,2
2025-10-30T01:00:00+0000,0.0066365,0.0066425,0.0066345,0.0066345,10
2025-10-30T03:00:00+0000,0.006655,0.006655,0.006617,0.006622,47
2025-10-30T04:00:00+0000,0.006625,0.006631,0.006625,0.006631,8
2025-10-30T05:00:00+0000,0.006621,0.006623,0.00662,0.00662,17
2025-10-30T06:00:00+0000,0.006617,0.006623,0.0065985,0.0066035,39
2025-10-30T07:00:00+0000,0.0066005,0.006601,0.0066,0.0066,105
2025-10-30T08:00:00+0000,0.006597,0.0065985,0.006583,0.006588,73
2025-10-30T09:00:00+0000,0.0065885,0.0065915,0.006587,0.006589,15
2025-10-30T10:00:00+0000,0.0065855,0.0065855,0.006579,0.006579,17
2025-10-30T11:00:00+0000,0.0065815,0.0065815,0.006572,0.006572,35
2025-10-30T12:00:00+0000,0.006571,0.0065725,0.0065675,0.006568,13
2025-10-30T13:00:00+0000,0.0065605,0.00657,0.0065595,0.006568,14
2025-10-30T14:00:00+0000,0.006569,0.0065735,0.006569,0.00657,169
2025-10-30T15:00:00+0000,0.00657,0.0065705,0.00657,0.0065705,2
2025-10-30T16:00:00+0000,0.0065685,0.0065725,0.0065685,0.0065725,9
2025-10-30T18:00:00+0000,0.006572,0.0065735,0.006572,0.0065735,6
2025-10-30T19:00:00+0000,0.0065745,0.0065745,0.0065745,0.0065745,2
2025-10-30T23:00:00+0000,0.0065715,0.00658,0.0065715,0.00658,6
2025-10-31T00:00:00+0000,0.0065815,0.0065815,0.0065815,0.0065815,1
2025-10-31T01:00:00+0000,0.0065875,0.006591,0.0065875,0.006591,12
2025-10-31T03:00:00+0000,0.0065795,0.0065795,0.006575,0.006575,4
2025-10-31T05:00:00+0000,0.0065815,0.006584,0.0065815,0.0065835,10
2025-10-31T06:00:00+0000,0.0065745,0.0065745,0.006568,0.006568,4
2025-10-31T07:00:00+0000,0.006565,0.006566,0.0065615,0.006566,10
2025-10-31T08:00:00+0000,0.00656,0.0065635,0.0065585,0.0065635,7
2025-10-31T09:00:00+0000,0.006569,0.006569,0.006566,0.006569,5
2025-10-31T11:00:00+0000,0.006574,0.006574,0.00657,0.00657,12
2025-10-31T12:00:00+0000,0.006571,0.00658,0.006571,0.006573,118
2025-10-31T13:00:00+0000,0.006569,0.0065735,0.006569,0.0065735,8
2025-10-31T14:00:00+0000,0.0065765,0.0065765,0.006575,0.006575,3
2025-10-31T15:00:00+0000,0.006577,0.0065795,0.006574,0.0065775,313
2025-10-31T16:00:00+0000,0.0065725,0.0065725,0.0065725,0.0065725,2
2025-10-31T18:00:00+0000,0.006574,0.006574,0.006574,0.006574,1
2025-10-31T19:00:00+0000,0.006572,0.006572,0.006571,0.006571,3
2025-11-02T23:00:00+0000,0.006577,0.006577,0.0065685,0.0065685,9
2025-11-03T00:00:00+0000,0.006568,0.006569,0.006568,0.006569,2
2025-11-03T01:00:00+0000,0.0065705,0.0065715,0.0065705,0.0065715,12
2025-11-03T02:00:00+0000,0.0065735,0.0065735,0.006573,0.006573,9
2025-11-03T03:00:00+0000,0.006574,0.006574,0.006574,0.006574,2
2025-11-03T04:00:00+0000,0.006574,0.006574,0.0065735,0.0065735,8
2025-11-03T05:00:00+0000,0.0065725,0.0065725,0.0065715,0.0065725,16
2025-11-03T06:00:00+0000,0.006571,0.006571,0.006567,0.006567,18
2025-11-03T07:00:00+0000,0.0065645,0.006571,0.0065645,0.006571,3
2025-11-03T08:00:00+0000,0.006569,0.0065735,0.006569,0.0065705,8
2025-11-03T09:00:00+0000,0.0065715,0.0065715,0.0065715,0.0065715,4
2025-11-03T10:00:00+0000,0.0065705,0.0065705,0.0065705,0.0065705,1
2025-11-03T11:00:00+0000,0.006571,0.006571,0.006571,0.006571,1
2025-11-03T12:00:00+0000,0.006569,0.006569,0.006569,0.006569,3
2025-11-03T13:00:00+0000,0.006567,0.006568,0.0065645,0.0065655,18
2025-11-03T14:00:00+0000,0.006566,0.00657,0.006566,0.00657,9
2025-11-03T15:00:00+0000,0.0065775,0.0065785,0.00657,0.0065705,13
2025-11-03T16:00:00+0000,0.0065715,0.0065715,0.0065715,0.0065715,2
2025-11-03T18:00:00+0000,0.0065715,0.0065715,0.0065715,0.0065715,1
2025-11-03T19:00:00+0000,0.0065695,0.0065695,0.006567,0.006567,4
2025-11-04T00:00:00+0000,0.006567,0.006567,0.0065595,0.0065645,15
2025-11-04T01:00:00+0000,0.006558,0.0065625,0.006557,0.0065625,21
2025-11-04T02:00:00+0000,0.006562,0.0065655,0.006562,0.0065655,7
2025-11-04T03:00:00+0000,0.006573,0.006574,0.00657,0.006574,29
2025-11-04T04:00:00+0000,0.0065765,0.0065825,0.006576,0.006576,37
2025-11-04T05:00:00+0000,0.0065855,0.006589,0.0065855,0.0065885,18
2025-11-04T06:00:00+0000,0.006587,0.006596,0.006587,0.006591,55
2025-11-04T07:00:00+0000,0.0065925,0.006604,0.0065925,0.0065935,44
2025-11-04T08:00:00+0000,0.0065965,0.006598,0.0065895,0.0065905,17
2025-11-04T09:00:00+0000,0.006588,0.006599,0.006588,0.006599,8
2025-11-04T10:00:00+0000,0.006602,0.0066035,0.0065945,0.0065945,10
2025-11-04T11:00:00+0000,0.006598,0.006602,0.006596,0.006596,15
2025-11-04T12:00:00+0000,0.006592,0.0065935,0.006592,0.0065935,24
2025-11-04T13:00:00+0000,0.0066,0.006605,0.0066,0.006605,6
2025-11-04T14:00:00+0000,0.0065995,0.0065995,0.0065955,0.006598,8
2025-11-04T15:00:00+0000,0.006596,0.006603,0.006596,0.006603,11
2025-11-04T16:00:00+0000,0.006604,0.006604,0.0065945,0.0065945,14
2025-11-04T17:00:00+0000,0.0065945,0.006595,0.0065935,0.006594,9
2025-11-04T18:00:00+0000,0.0065945,0.0065945,0.0065945,0.0065945,3
2025-11-04T19:00:00+0000,0.006593,0.006593,0.0065915,0.0065915,4
2025-11-04T20:00:00+0000,0.0065895,0.0065895,0.0065895,0.0065895,2
2025-11-04T21:00:00+0000,0.006591,0.006591,0.006591,0.006591,2
2025-11-05T00:00:00+0000,0.0065945,0.0066075,0.0065905,0.0066075,20
2025-11-05T01:00:00+0000,0.0066055,0.0066165,0.0066055,0.006616,7
2025-11-05T02:00:00+0000,0.0066125,0.0066125,0.0066125,0.0066125,3
2025-11-05T03:00:00+0000,0.006601,0.006601,0.0065935,0.0065955,9
2025-11-05T04:00:00+0000,0.006598,0.006598,0.006598,0.006598,1
2025-11-05T05:00:00+0000,0.006595,0.0065995,0.006595,0.006596,16
2025-11-05T06:00:00+0000,0.006597,0.006597,0.0065905,0.0065905,10
2025-11-05T07:00:00+0000,0.0065925,0.006596,0.0065915,0.006595,93
2025-11-05T08:00:00+0000,0.0065945,0.006597,0.0065945,0.006597,3
2025-11-05T09:00:00+0000,0.00659,0.00659,0.00659,0.00659,3
2025-11-05T10:00:00+0000,0.006587,0.006587,0.0065835,0.0065855,17
2025-11-05T11:00:00+0000,0.0065905,0.0065905,0.0065905,0.0065905,1
2025-11-05T12:00:00+0000,0.006591,0.006591,0.0065865,0.0065865,8
2025-11-05T13:00:00+0000,0.006586,0.006586,0.0065755,0.0065755,25
2025-11-05T15:00:00+0000,0.006575,0.006575,0.006563,0.006565,29
2025-11-05T16:00:00+0000,0.006564,0.006565,0.006564,0.0065645,7
2025-11-05T17:00:00+0000,0.006572,0.006572,0.006572,0.006572,2
2025-11-05T18:00:00+0000,0.00657,0.00657,0.00657,0.00657,5
2025-11-05T19:00:00+0000,0.0065715,0.0065715,0.0065715,0.0065715,2
2025-11-05T20:00:00+0000,0.0065715,0.006572,0.006571,0.006572,5
2025-11-05T21:00:00+0000,0.0065705,0.006571,0.0065705,0.006571,2
2025-11-05T23:00:00+0000,0.006572,0.006572,0.006572,0.006572,1
2025-11-06T00:00:00+0000,0.0065775,0.0065775,0.006576,0.0065765,23
2025-11-06T01:00:00+0000,0.0065805,0.0065805,0.0065805,0.0065805,1
2025-11-06T02:00:00+0000,0.00658,0.0065815,0.00658,0.0065815,4
2025-11-06T04:00:00+0000,0.006573,0.006573,0.006573,0.006573,1
2025-11-06T05:00:00+0000,0.006579,0.006579,0.006579,0.006579,4
2025-11-06T06:00:00+0000,0.0065795,0.00658,0.0065795,0.00658,2
2025-11-06T07:00:00+0000,0.006577,0.006582,0.006577,0.006581,19
2025-11-06T08:00:00+0000,0.0065835,0.006591,0.0065835,0.006591,18
2025-11-06T09:00:00+0000,0.006591,0.006591,0.0065845,0.0065845,4
2025-11-06T12:00:00+0000,0.0065875,0.0065875,0.0065875,0.0065875,1
2025-11-06T13:00:00+0000,0.006595,0.006595,0.006595,0.006595,1
2025-11-06T14:00:00+0000,0.006591,0.006592,0.006591,0.006592,2
2025-11-06T15:00:00+0000,0.006599,0.00661,0.006599,0.00661,13
2025-11-06T16:00:00+0000,0.00661,0.006615,0.006609,0.006615,13
2025-11-06T17:00:00+0000,0.006617,0.0066205,0.006617,0.00662,5
2025-11-06T21:00:00+0000,0.006612,0.006613,0.006612,0.006613,2
2025-11-07T00:00:00+0000,0.0066065,0.006607,0.0066055,0.0066055,23
2025-11-07T01:00:00+0000,0.006607,0.006607,0.006607,0.006607,1
2025-11-07T02:00:00+0000,0.00661,0.006616,0.00661,0.006616,5
2025-11-07T03:00:00+0000,0.006613,0.006613,0.006613,0.006613,1
2025-11-07T05:00:00+0000,0.0066055,0.0066055,0.006603,0.006603,13
2025-11-07T06:00:00+0000,0.0065985,0.0065985,0.0065945,0.006595,10
2025-11-07T07:00:00+0000,0.0065915,0.0065945,0.006591,0.0065945,17
2025-11-07T09:00:00+0000,0.0065945,0.0065945,0.0065945,0.0065945,1
2025-11-07T10:00:00+0000,0.0065945,0.0066,0.006594,0.0066,6
2025-11-07T11:00:00+0000,0.006604,0.0066135,0.006604,0.0066125,61
2025-11-07T12:00:00+0000,0.006609,0.0066125,0.006608,0.006608,46
2025-11-07T13:00:00+0000,0.00661,0.0066105,0.0065985,0.006599,76
2025-11-07T14:00:00+0000,0.0065975,0.0066065,0.006597,0.0066015,20
2025-11-07T15:00:00+0000,0.006607,0.006613,0.0066065,0.006612,16
2025-11-07T16:00:00+0000,0.006609,0.006613,0.006609,0.006612,14
2025-11-07T17:00:00+0000,0.0066095,0.00661,0.006605,0.00661,18
2025-11-07T18:00:00+0000,0.00661,0.00661,0.0066055,0.006606,5
2025-11-07T19:00:00+0000,0.0066,0.0066,0.006591,0.006592,12
2025-11-07T20:00:00+0000,0.00659,0.0065965,0.006589,0.006596,13
2025-11-07T21:00:00+0000,0.0065965,0.0065965,0.006596,0.0065965,11
2025-11-09T23:00:00+0000,0.006582,0.006582,0.006579,0.00658,26
2025-11-10T00:00:00+0000,0.0065935,0.006594,0.006577,0.006577,52
2025-11-10T01:00:00+0000,0.0065745,0.00658,0.0065745,0.00658,5
2025-11-10T02:00:00+0000,0.006577,0.0065775,0.006577,0.0065775,2
2025-11-10T03:00:00+0000,0.006575,0.006575,0.0065715,0.0065735,15
2025-11-10T05:00:00+0000,0.00657,0.0065735,0.006569,0.0065735,24
2025-11-10T06:00:00+0000,0.006575,0.006575,0.006569,0.006569,40
2025-11-10T07:00:00+0000,0.006569,0.006569,0.006565,0.006565,21
2025-11-10T08:00:00+0000,0.00657,0.0065745,0.006567,0.006567,45
2025-11-10T09:00:00+0000,0.0065645,0.0065655,0.0065625,0.0065655,32
2025-11-10T10:00:00+0000,0.006564,0.006567,0.006564,0.006567,3
2025-11-10T11:00:00+0000,0.0065625,0.0065655,0.0065625,0.0065655,4
2025-11-10T12:00:00+0000,0.006567,0.006567,0.006567,0.006567,3
2025-11-10T13:00:00+0000,0.006568,0.006572,0.006568,0.0065695,35
2025-11-10T14:00:00+0000,0.00657,0.0065725,0.006566,0.006566,42
2025-11-10T15:00:00+0000,0.006569,0.0065705,0.006569,0.0065705,10
2025-11-10T16:00:00+0000,0.0065725,0.006574,0.0065725,0.006574,8
2025-11-10T17:00:00+0000,0.006572,0.0065725,0.0065715,0.0065715,7
2025-11-10T18:00:00+0000,0.006572,0.0065725,0.006572,0.0065725,3
2025-11-10T19:00:00+0000,0.006573,0.0065735,0.006569,0.006569,23
2025-11-10T20:00:00+0000,0.0065705,0.0065705,0.0065705,0.0065705,1
2025-11-10T21:00:00+0000,0.0065655,0.0065655,0.006565,0.006565,6
2025-11-10T23:00:00+0000,0.006568,0.006568,0.006568,0.006568,2
2025-11-11T00:00:00+0000,0.006563,0.0065655,0.0065585,0.0065585,29
2025-11-11T01:00:00+0000,0.0065555,0.006557,0.006551,0.0065545,87
2025-11-11T02:00:00+0000,0.006557,0.006557,0.006555,0.006555,6
2025-11-11T03:00:00+0000,0.0065565,0.006562,0.0065565,0.00656,10
2025-11-11T04:00:00+0000,0.0065595,0.0065595,0.006559,0.006559,2
2025-11-11T05:00:00+0000,0.0065615,0.006565,0.0065615,0.006565,10
2025-11-11T06:00:00+0000,0.0065665,0.0065665,0.0065645,0.0065645,9
2025-11-11T07:00:00+0000,0.006563,0.006563,0.006563,0.006563,1
2025-11-11T08:00:00+0000,0.006558,0.006558,0.006555,0.006555,11
2025-11-11T09:00:00+0000,0.0065555,0.0065585,0.006553,0.0065585,6
2025-11-11T10:00:00+0000,0.0065565,0.0065615,0.0065565,0.0065615,5
2025-11-11T12:00:00+0000,0.006563,0.006564,0.0065625,0.006564,35
2025-11-11T13:00:00+0000,0.006568,0.006584,0.006568,0.0065825,84
2025-11-11T14:00:00+0000,0.006579,0.006579,0.006571,0.006571,14
2025-11-11T15:00:00+0000,0.006571,0.006573,0.0065675,0.006573,27
2025-11-11T16:00:00+0000,0.006573,0.006573,0.0065725,0.0065725,4
2025-11-11T17:00:00+0000,0.006568,0.0065685,0.006568,0.0065685,5
2025-11-11T18:00:00+0000,0.0065655,0.0065665,0.0065655,0.0065665,2
2025-11-11T19:00:00+0000,0.006568,0.006568,0.0065675,0.0065675,2
2025-11-11T20:00:00+0000,0.006566,0.006566,0.006566,0.006566,1
2025-11-11T21:00:00+0000,0.0065655,0.0065655,0.0065655,0.0065655,1
2025-11-11T23:00:00+0000,0.0065655,0.006566,0.006565,0.006566,20
2025-11-12T00:00:00+0000,0.0065655,0.0065655,0.0065585,0.0065585,14
2025-11-12T01:00:00+0000,0.006558,0.006558,0.006558,0.006558,3
2025-11-12T02:00:00+0000,0.006557,0.0065575,0.006554,0.006554,75
2025-11-12T03:00:00+0000,0.0065595,0.0065595,0.006558,0.006558,2
2025-11-12T04:00:00+0000,0.0065535,0.0065535,0.00654,0.006541,152
2025-11-12T05:00:00+0000,0.006539,0.006547,0.006539,0.0065445,23
2025-11-12T06:00:00+0000,0.006543,0.0065435,0.006539,0.0065435,8
2025-11-12T07:00:00+0000,0.006549,0.006549,0.006544,0.006545,3
2025-11-12T08:00:00+0000,0.00654,0.00654,0.006538,0.0065395,5
2025-11-12T09:00:00+0000,0.0065375,0.0065375,0.0065325,0.006534,117
2025-11-12T10:00:00+0000,0.006535,0.006538,0.006533,0.006534,202
2025-11-12T11:00:00+0000,0.006534,0.0065355,0.006534,0.006534,12
2025-11-12T12:00:00+0000,0.006536,0.006541,0.006536,0.0065365,24
2025-11-12T13:00:00+0000,0.0065385,0.0065385,0.0065295,0.006531,94
2025-11-12T14:00:00+0000,0.0065325,0.006533,0.0065295,0.0065325,22
2025-11-12T15:00:00+0000,0.0065355,0.0065385,0.006533,0.0065385,14
2025-11-12T16:00:00+0000,0.006542,0.006543,0.00654,0.006543,74
2025-11-12T17:00:00+0000,0.006545,0.006548,0.006545,0.0065475,12
2025-11-12T18:00:00+0000,0.006545,0.006545,0.006544,0.0065445,5
2025-11-12T19:00:00+0000,0.006542,0.0065445,0.0065415,0.006542,29
2025-11-12T20:00:00+0000,0.0065395,0.0065405,0.0065395,0.00654,7
2025-11-12T21:00:00+0000,0.006539,0.006539,0.006537,0.006537,4
2025-11-13T00:00:00+0000,0.006534,0.006536,0.006533,0.006536,113
2025-11-13T01:00:00+0000,0.00653,0.006539,0.0065275,0.006538,41
2025-11-13T02:00:00+0000,0.00654,0.00654,0.006538,0.0065395,79
2025-11-13T03:00:00+0000,0.0065415,0.0065415,0.006538,0.006538,7
2025-11-13T04:00:00+0000,0.006534,0.006534,0.006533,0.006533,10
2025-11-13T05:00:00+0000,0.0065325,0.0065325,0.006528,0.006528,14
2025-11-13T06:00:00+0000,0.0065305,0.0065305,0.0065285,0.0065285,2
2025-11-13T07:00:00+0000,0.006538,0.0065395,0.006538,0.0065395,17
2025-11-13T08:00:00+0000,0.0065395,0.0065465,0.006539,0.0065465,30
2025-11-13T09:00:00+0000,0.006546,0.006555,0.006546,0.006549,56
2025-11-13T10:00:00+0000,0.006548,0.006548,0.006544,0.006544,5
2025-11-13T11:00:00+0000,0.006541,0.006541,0.006541,0.006541,2
2025-11-13T12:00:00+0000,0.006543,0.0065445,0.006543,0.0065445,4
2025-11-13T13:00:00+0000,0.006546,0.006546,0.0065395,0.0065395,16
2025-11-13T14:00:00+0000,0.006544,0.006553,0.006542,0.00655,65
2025-11-13T15:00:00+0000,0.006551,0.0065635,0.0065495,0.0065625,74
2025-11-13T16:00:00+0000,0.006561,0.006561,0.006555,0.0065585,17
2025-11-13T17:00:00+0000,0.006553,0.006559,0.006553,0.006556,73
2025-11-13T18:00:00+0000,0.0065545,0.006557,0.0065535,0.0065535,56
2025-11-13T19:00:00+0000,0.0065525,0.006553,0.0065515,0.0065515,53
2025-11-13T20:00:00+0000,0.006548,0.006549,0.006548,0.0065485,19
2025-11-13T21:00:00+0000,0.006546,0.006548,0.006546,0.006547,13
2025-11-13T23:00:00+0000,0.006543,0.006543,0.0065415,0.0065415,35
2025-11-14T00:00:00+0000,0.006539,0.0065415,0.006539,0.0065415,9
2025-11-14T01:00:00+0000,0.0065465,0.006549,0.0065455,0.006549,61
2025-11-14T02:00:00+0000,0.00655,0.00655,0.00655,0.00655,5
2025-11-14T03:00:00+0000,0.0065525,0.0065545,0.0065455,0.0065455,16
2025-11-14T04:00:00+0000,0.0065455,0.0065495,0.0065455,0.0065495,60
2025-11-14T05:00:00+0000,0.0065505,0.0065515,0.0065495,0.0065515,55
2025-11-14T06:00:00+0000,0.006547,0.006548,0.006543,0.006543,17
2025-11-14T07:00:00+0000,0.006545,0.006545,0.006541,0.0065415,18
2025-11-14T08:00:00+0000,0.00654,0.006548,0.006538,0.006548,24
2025-11-14T09:00:00+0000,0.006541,0.0065425,0.00654,0.0065425,60
2025-11-14T10:00:00+0000,0.0065385,0.00654,0.006537,0.00654,8
2025-11-14T11:00:00+0000,0.006541,0.0065415,0.006539,0.0065415,14
2025-11-14T12:00:00+0000,0.0065415,0.0065765,0.0065415,0.0065765,183
2025-11-14T13:00:00+0000,0.0065765,0.0065845,0.0065635,0.006566,173
2025-11-14T14:00:00+0000,0.006564,0.006565,0.006555,0.0065555,142
2025-11-14T15:00:00+0000,0.006555,0.006557,0.0065485,0.006549,167
2025-11-14T16:00:00+0000,0.0065465,0.0065465,0.0065425,0.0065425,14
2025-11-14T17:00:00+0000,0.006542,0.0065425,0.006538,0.006542,81
2025-11-14T18:00:00+0000,0.0065455,0.006546,0.0065425,0.0065455,19
2025-11-14T19:00:00+0000,0.0065465,0.0065465,0.0065455,0.006546,18
2025-11-14T20:00:00+0000,0.006546,0.0065465,0.0065455,0.0065465,10
2025-11-14T21:00:00+0000,0.0065465,0.0065465,0.006545,0.006545,2
2025-11-16T23:00:00+0000,0.0065455,0.006548,0.006544,0.006545,94
2025-11-17T00:00:00+0000,0.006546,0.0065475,0.0065405,0.0065405,73
2025-11-17T01:00:00+0000,0.0065445,0.0065465,0.0065445,0.0065465,17
2025-11-17T02:00:00+0000,0.0065405,0.006543,0.006539,0.0065395,22
2025-11-17T03:00:00+0000,0.006539,0.006539,0.0065365,0.006539,11
2025-11-17T04:00:00+0000,0.0065395,0.0065415,0.0065395,0.0065415,6
2025-11-17T05:00:00+0000,0.006543,0.006543,0.006543,0.006543,1
2025-11-17T06:00:00+0000,0.006536,0.0065395,0.006535,0.0065395,9
2025-11-17T07:00:00+0000,0.006539,0.006539,0.0065365,0.0065375,10
2025-11-17T08:00:00+0000,0.006541,0.006541,0.006534,0.0065385,209
2025-11-17T09:00:00+0000,0.0065375,0.0065395,0.0065375,0.0065385,81
2025-11-17T10:00:00+0000,0.0065365,0.006538,0.0065335,0.0065335,18
2025-11-17T11:00:00+0000,0.006533,0.0065335,0.006532,0.006533,11
2025-11-17T12:00:00+0000,0.0065365,0.006537,0.0065325,0.0065325,79
2025-11-17T13:00:00+0000,0.006531,0.006533,0.006531,0.006532,21
2025-11-17T14:00:00+0000,0.006531,0.006532,0.0065275,0.006528,57
2025-11-17T15:00:00+0000,0.0065245,0.0065245,0.0065125,0.0065185,78
2025-11-17T16:00:00+0000,0.006518,0.006522,0.006518,0.006518,46
2025-11-17T17:00:00+0000,0.0065185,0.00652,0.006517,0.00652,9
2025-11-17T19:00:00+0000,0.00652,0.00652,0.006519,0.0065195,15
2025-11-17T20:00:00+0000,0.006516,0.0065185,0.006516,0.006518,7
2025-11-17T21:00:00+0000,0.006517,0.006517,0.006517,0.006517,11
2025-11-17T23:00:00+0000,0.006517,0.006517,0.006515,0.006515,33
2025-11-18T00:00:00+0000,0.006518,0.006518,0.0065155,0.0065155,4
2025-11-18T01:00:00+0000,0.006512,0.006517,0.006511,0.006517,23
2025-11-18T02:00:00+0000,0.006515,0.0065155,0.006515,0.0065155,2
2025-11-18T03:00:00+0000,0.00652,0.0065205,0.0065195,0.0065195,36
2025-11-18T04:00:00+0000,0.0065195,0.0065335,0.006518,0.006525,119
2025-11-18T05:00:00+0000,0.006526,0.0065265,0.006522,0.006522,62
2025-11-18T06:00:00+0000,0.006521,0.0065275,0.0065185,0.006522,33
2025-11-18T07:00:00+0000,0.0065265,0.0065285,0.0065235,0.0065235,3
2025-11-18T08:00:00+0000,0.006528,0.0065285,0.0065175,0.006521,53
2025-11-18T09:00:00+0000,0.006517,0.006518,0.006515,0.006516,40
2025-11-18T10:00:00+0000,0.006516,0.006516,0.0065085,0.0065085,29
2025-11-18T11:00:00+0000,0.00651,0.0065105,0.006509,0.00651,12
2025-11-18T12:00:00+0000,0.006508,0.006516,0.006507,0.006516,86
2025-11-18T13:00:00+0000,0.006516,0.006521,0.006516,0.0065205,23
2025-11-18T14:00:00+0000,0.00652,0.00652,0.00651,0.0065125,71
2025-11-18T15:00:00+0000,0.006523,0.006523,0.0065165,0.006518,58
2025-11-18T16:00:00+0000,0.006508,0.006508,0.006505,0.0065065,28
2025-11-18T17:00:00+0000,0.0065055,0.0065055,0.0064995,0.0065,25
2025-11-18T18:00:00+0000,0.006497,0.006499,0.006496,0.006498,27
2025-11-18T19:00:00+0000,0.0065015,0.0065045,0.0065015,0.0065045,9
2025-11-18T20:00:00+0000,0.0065035,0.006504,0.0065035,0.006504,11
2025-11-18T21:00:00+0000,0.006504,0.0065045,0.006504,0.006504,4
2025-11-18T23:00:00+0000,0.006505,0.006505,0.0065,0.006502,59
2025-11-19T00:00:00+0000,0.0065035,0.0065085,0.0065035,0.006505,13
2025-11-19T01:00:00+0000,0.0065045,0.0065065,0.0065035,0.006506,7
2025-11-19T02:00:00+0000,0.006503,0.006511,0.006503,0.006511,9
2025-11-19T03:00:00+0000,0.006513,0.006514,0.006512,0.006512,6
2025-11-19T04:00:00+0000,0.006507,0.0065095,0.0065055,0.0065095,7
2025-11-19T05:00:00+0000,0.006511,0.0065135,0.0065105,0.0065105,5
2025-11-19T06:00:00+0000,0.0065115,0.0065115,0.0065095,0.0065105,37
2025-11-19T07:00:00+0000,0.006504,0.006506,0.006504,0.006506,52
2025-11-19T08:00:00+0000,0.0064995,0.0065005,0.0064975,0.0065005,17
2025-11-19T09:00:00+0000,0.006497,0.0064985,0.006485,0.006485,75
2025-11-19T10:00:00+0000,0.0064845,0.006485,0.006473,0.0064735,370
2025-11-19T11:00:00+0000,0.006473,0.0064795,0.006472,0.0064795,27
2025-11-19T12:00:00+0000,0.00648,0.0064805,0.006472,0.006472,178
2025-11-19T13:00:00+0000,0.006473,0.0064805,0.006471,0.006471,48
2025-11-19T14:00:00+0000,0.0064705,0.006471,0.006458,0.006458,481
2025-11-19T15:00:00+0000,0.006458,0.0064595,0.0064545,0.006458,123
2025-11-19T16:00:00+0000,0.006464,0.006464,0.006455,0.006455,11
2025-11-19T17:00:00+0000,0.0064555,0.0064555,0.0064495,0.00645,136
2025-11-19T18:00:00+0000,0.006452,0.0064525,0.006449,0.006451,14
2025-11-19T19:00:00+0000,0.0064475,0.0064485,0.0064405,0.006442,71
2025-11-19T20:00:00+0000,0.006442,0.0064435,0.006442,0.006443,16
2025-11-19T21:00:00+0000,0.006443,0.006443,0.006435,0.006435,116
2025-11-19T23:00:00+0000,0.006439,0.00644,0.006437,0.00644,19
2025-11-20T00:00:00+0000,0.006442,0.0064435,0.0064315,0.0064355,120
2025-11-20T01:00:00+0000,0.0064355,0.006438,0.006423,0.0064235,53
2025-11-20T02:00:00+0000,0.0064215,0.0064275,0.0064215,0.006426,77
2025-11-20T03:00:00+0000,0.0064245,0.0064275,0.0064245,0.006425,22
2025-11-20T04:00:00+0000,0.006426,0.006428,0.006424,0.006424,75
2025-11-20T05:00:00+0000,0.0064215,0.0064215,0.0064175,0.00642,124
2025-11-20T06:00:00+0000,0.00642,0.00642,0.0064115,0.0064115,23
2025-11-20T07:00:00+0000,0.0064125,0.0064235,0.0064125,0.00642,26
2025-11-20T08:00:00+0000,0.006423,0.006435,0.006423,0.006434,177
2025-11-20T09:00:00+0000,0.006432,0.006434,0.006431,0.0064335,59
2025-11-20T10:00:00+0000,0.006432,0.006432,0.006424,0.006424,79
2025-11-20T11:00:00+0000,0.006423,0.006423,0.0064185,0.0064185,16
2025-11-20T12:00:00+0000,0.0064185,0.0064185,0.0064095,0.0064115,60
2025-11-20T13:00:00+0000,0.0064125,0.006424,0.0064025,0.0064135,95
2025-11-20T14:00:00+0000,0.0064165,0.0064165,0.006408,0.0064135,155
2025-11-20T15:00:00+0000,0.0064125,0.006413,0.006403,0.0064105,116
2025-11-20T16:00:00+0000,0.006412,0.0064265,0.006412,0.006421,56
2025-11-20T17:00:00+0000,0.0064205,0.006428,0.006418,0.006418,88
2025-11-20T18:00:00+0000,0.006417,0.006417,0.006414,0.006417,20
2025-11-20T19:00:00+0000,0.00642,0.0064205,0.0064165,0.006417,226
2025-11-20T20:00:00+0000,0.006416,0.006416,0.006416,0.006416,6
2025-11-20T21:00:00+0000,0.0064175,0.006421,0.006416,0.006421,45
2025-11-20T23:00:00+0000,0.006424,0.00643,0.006422,0.0064265,34
2025-11-21T00:00:00+0000,0.006417,0.006428,0.006417,0.0064225,21
2025-11-21T01:00:00+0000,0.006428,0.00643,0.006422,0.006422,24
2025-11-21T02:00:00+0000,0.00642,0.0064255,0.00642,0.0064235,96
2025-11-21T03:00:00+0000,0.0064235,0.006425,0.0064235,0.006425,6
2025-11-21T04:00:00+0000,0.0064315,0.0064335,0.006429,0.006429,23
2025-11-21T05:00:00+0000,0.0064315,0.0064325,0.0064275,0.0064325,15
2025-11-21T06:00:00+0000,0.006431,0.006436,0.006431,0.0064315,58
2025-11-21T07:00:00+0000,0.0064355,0.0064505,0.0064355,0.0064495,83
2025-11-21T08:00:00+0000,0.00645,0.006455,0.0064435,0.0064435,206
2025-11-21T09:00:00+0000,0.0064435,0.0064515,0.0064435,0.00645,242
2025-11-21T10:00:00+0000,0.00645,0.006457,0.0064465,0.006447,97
2025-11-21T11:00:00+0000,0.0064475,0.0064475,0.0064445,0.006445,11
2025-11-21T12:00:00+0000,0.006449,0.0064535,0.0064445,0.006447,377
2025-11-21T13:00:00+0000,0.0064475,0.006451,0.006445,0.0064485,157
2025-11-21T14:00:00+0000,0.0064475,0.0064525,0.0064405,0.0064505,22
2025-11-21T15:00:00+0000,0.006452,0.0064715,0.006452,0.006463,374
2025-11-21T16:00:00+0000,0.0064565,0.0064595,0.00645,0.0064585,854
2025-11-21T17:00:00+0000,0.006457,0.006459,0.0064505,0.006457,33
2025-11-21T18:00:00+0000,0.006457,0.00646,0.006455,0.006455,24
2025-11-21T19:00:00+0000,0.006459,0.0064685,0.0064585,0.006467,65
2025-11-21T20:00:00+0000,0.0064665,0.0064665,0.006463,0.006466,23
2025-11-21T21:00:00+0000,0.0064615,0.006465,0.006461,0.006465,41
2025-11-23T23:00:00+0000,0.0064565,0.0064575,0.0064515,0.0064515,43
2025-11-24T00:00:00+0000,0.0064515,0.0064515,0.006448,0.0064495,8
2025-11-24T01:00:00+0000,0.006451,0.006453,0.0064505,0.0064505,70
2025-11-24T02:00:00+0000,0.006453,0.006455,0.0064505,0.006455,22
2025-11-24T03:00:00+0000,0.0064545,0.0064555,0.0064545,0.0064555,13
2025-11-24T04:00:00+0000,0.006456,0.0064585,0.006455,0.0064585,22
2025-11-24T05:00:00+0000,0.0064585,0.0064585,0.0064575,0.0064575,14
2025-11-24T06:00:00+0000,0.0064555,0.0064555,0.0064495,0.0064495,15
2025-11-24T07:00:00+0000,0.006452,0.006452,0.006446,0.006446,57
2025-11-24T08:00:00+0000,0.006448,0.006453,0.006442,0.006442,13
2025-11-24T09:00:00+0000,0.0064445,0.0064515,0.0064435,0.00645,75
2025-11-24T10:00:00+0000,0.0064515,0.0064515,0.006449,0.0064495,20
2025-11-24T11:00:00+0000,0.00645,0.00645,0.006445,0.006445,5
2025-11-24T12:00:00+0000,0.006445,0.0064475,0.006445,0.006447,25
2025-11-24T13:00:00+0000,0.006442,0.006444,0.0064395,0.006443,89
2025-11-24T14:00:00+0000,0.0064425,0.0064425,0.006432,0.006437,100
2025-11-24T15:00:00+0000,0.006435,0.0064495,0.006432,0.006447,121
2025-11-24T16:00:00+0000,0.006447,0.006448,0.006444,0.0064445,9
2025-11-24T17:00:00+0000,0.006441,0.006445,0.00644,0.006443,65
2025-11-24T18:00:00+0000,0.006444,0.006446,0.006444,0.006446,9
2025-11-24T19:00:00+0000,0.006445,0.0064495,0.006444,0.0064495,67
2025-11-24T20:00:00+0000,0.006449,0.006449,0.006445,0.006445,35
2025-11-24T21:00:00+0000,0.006445,0.006445,0.006442,0.006442,16
2025-11-24T23:00:00+0000,0.0064415,0.0064415,0.0064405,0.0064405,17
2025-11-25T00:00:00+0000,0.006442,0.0064485,0.006439,0.0064485,65
2025-11-25T01:00:00+0000,0.0064515,0.0064545,0.006448,0.006454,24
2025-11-25T02:00:00+0000,0.00645,0.0064525,0.006449,0.0064495,19
2025-11-25T03:00:00+0000,0.006449,0.006449,0.006447,0.0064475,31
2025-11-25T04:00:00+0000,0.006444,0.0064465,0.006444,0.006445,106
2025-11-25T05:00:00+0000,0.0064445,0.0064485,0.0064445,0.0064485,60
2025-11-25T06:00:00+0000,0.006447,0.006449,0.0064465,0.0064465,6
2025-11-25T07:00:00+0000,0.006453,0.0064555,0.0064525,0.0064525,15
2025-11-25T08:00:00+0000,0.006451,0.00646,0.006451,0.0064585,45
2025-11-25T09:00:00+0000,0.006461,0.006472,0.006461,0.0064675,110
2025-11-25T10:00:00+0000,0.0064695,0.0064695,0.006463,0.006463,175
2025-11-25T11:00:00+0000,0.006463,0.006463,0.0064575,0.00646,70
2025-11-25T12:00:00+0000,0.0064605,0.0064635,0.006458,0.0064625,54
2025-11-25T13:00:00+0000,0.0064665,0.0064775,0.006465,0.0064725,188
2025-11-25T14:00:00+0000,0.006475,0.0064825,0.0064675,0.006476,129
2025-11-25T15:00:00+0000,0.0064785,0.006482,0.006472,0.006472,281
2025-11-25T16:00:00+0000,0.006471,0.006475,0.006467,0.0064675,41
2025-11-25T17:00:00+0000,0.0064645,0.006485,0.0064645,0.006479,129
2025-11-25T18:00:00+0000,0.006484,0.0064845,0.0064805,0.006482,86
2025-11-25T19:00:00+0000,0.0064815,0.0064855,0.00648,0.0064855,259
2025-11-25T20:00:00+0000,0.006485,0.006485,0.0064705,0.0064735,106
2025-11-25T21:00:00+0000,0.006475,0.006476,0.0064735,0.006476,18
2025-11-25T23:00:00+0000,0.0064765,0.0064765,0.006469,0.006469,41
2025-11-26T00:00:00+0000,0.006472,0.006473,0.0064635,0.0064675,75
2025-11-26T01:00:00+0000,0.0064695,0.006485,0.006462,0.006481,1167
2025-11-26T02:00:00+0000,0.006481,0.006492,0.0064775,0.006484,104
2025-11-26T03:00:00+0000,0.0064845,0.006488,0.006482,0.006484,140
2025-11-26T04:00:00+0000,0.0064825,0.0064825,0.0064735,0.0064755,125
2025-11-26T05:00:00+0000,0.006475,0.006475,0.0064705,0.006474,80
2025-11-26T06:00:00+0000,0.0064725,0.006474,0.0064665,0.006468,117
2025-11-26T07:00:00+0000,0.00647,0.00647,0.0064585,0.006462,130
2025-11-26T08:00:00+0000,0.0064605,0.0064635,0.0064575,0.006459,25
2025-11-26T09:00:00+0000,0.0064605,0.0064635,0.006457,0.006457,33
2025-11-26T10:00:00+0000,0.0064625,0.0064635,0.0064565,0.0064575,252
2025-11-26T11:00:00+0000,0.0064575,0.00646,0.006454,0.0064585,22
2025-11-26T12:00:00+0000,0.006458,0.006458,0.0064535,0.0064575,74
2025-11-26T13:00:00+0000,0.0064575,0.006464,0.0064495,0.00645,378
2025-11-26T14:00:00+0000,0.0064515,0.0064565,0.0064475,0.006455,182
2025-11-26T15:00:00+0000,0.0064515,0.00646,0.0064515,0.00646,75
2025-11-26T16:00:00+0000,0.0064605,0.0064645,0.0064595,0.0064615,65
2025-11-26T17:00:00+0000,0.006462,0.0064635,0.006459,0.0064615,81
2025-11-26T18:00:00+0000,0.006461,0.006463,0.0064565,0.006457,12
2025-11-26T19:00:00+0000,0.0064575,0.006459,0.0064575,0.0064585,9
2025-11-26T20:00:00+0000,0.0064575,0.00646,0.0064575,0.0064595,21
2025-11-26T21:00:00+0000,0.006459,0.00646,0.006458,0.0064585,9
2025-11-26T23:00:00+0000,0.006461,0.0064645,0.006461,0.0064645,8
2025-11-27T00:00:00+0000,0.0064705,0.0064815,0.00647,0.006476,98
2025-11-27T01:00:00+0000,0.006475,0.0064855,0.006469,0.006472,247
2025-11-27T02:00:00+0000,0.0064765,0.0064765,0.006468,0.0064705,115
2025-11-27T03:00:00+0000,0.006471,0.006473,0.006469,0.0064715,11
2025-11-27T04:00:00+0000,0.006472,0.0064765,0.006472,0.006475,47
2025-11-27T05:00:00+0000,0.0064775,0.006483,0.006477,0.006479,63
2025-11-27T06:00:00+0000,0.0064785,0.0064785,0.0064675,0.0064675,50
2025-11-27T07:00:00+0000,0.00647,0.00647,0.006465,0.0064695,169
2025-11-27T08:00:00+0000,0.0064705,0.0064705,0.006461,0.006462,42
2025-11-27T09:00:00+0000,0.0064615,0.0064615,0.0064595,0.0064605,34
2025-11-27T10:00:00+0000,0.006462,0.0064625,0.006462,0.006462,10
2025-11-27T11:00:00+0000,0.0064635,0.006464,0.006463,0.006463,29
2025-11-27T12:00:00+0000,0.006462,0.006463,0.0064585,0.0064585,18
2025-11-27T13:00:00+0000,0.0064595,0.0064645,0.0064595,0.0064645,28
2025-11-27T14:00:00+0000,0.006464,0.006464,0.006461,0.006462,38
2025-11-27T15:00:00+0000,0.006462,0.006463,0.006462,0.0064625,35
2025-11-27T16:00:00+0000,0.006462,0.006462,0.006462,0.006462,1
2025-11-27T17:00:00+0000,0.0064615,0.0064615,0.0064605,0.0064605,5
2025-11-27T18:00:00+0000,0.006461,0.006461,0.006461,0.006461,2
2025-11-27T20:00:00+0000,0.0064625,0.006463,0.006462,0.006462,5
2025-11-27T21:00:00+0000,0.0064635,0.0064635,0.0064625,0.006463,7
2025-11-27T23:00:00+0000,0.006465,0.006467,0.006462,0.0064635,166
2025-11-28T00:00:00+0000,0.006463,0.006467,0.006451,0.0064555,304
2025-11-28T01:00:00+0000,0.0064575,0.0064605,0.006457,0.006458,74
2025-11-28T02:00:00+0000,0.0064605,0.006472,0.006459,0.0064625,69
2025-11-28T13:00:00+0000,0.006468,0.0064735,0.0064665,0.006471,182
2025-11-28T14:00:00+0000,0.006473,0.0064755,0.006458,0.0064645,282
2025-11-28T15:00:00+0000,0.0064635,0.006473,0.0064605,0.006472,162
2025-11-28T16:00:00+0000,0.0064725,0.006474,0.0064645,0.0064675,335
2025-11-28T17:00:00+0000,0.006467,0.0064685,0.006463,0.006465,485
2025-11-28T18:00:00+0000,0.0064645,0.00647,0.0064635,0.0064675,185
2025-11-28T19:00:00+0000,0.006469,0.00647,0.006468,0.00647,16
2025-11-30T23:00:00+0000,0.006472,0.006477,0.0064675,0.006477,216
2025-12-01T00:00:00+0000,0.006477,0.006487,0.006477,0.006481,339
2025-12-01T01:00:00+0000,0.0064795,0.0064945,0.0064735,0.0064895,633
2025-12-01T02:00:00+0000,0.0064875,0.006497,0.0064875,0.0064945,516
2025-12-01T03:00:00+0000,0.0064925,0.006497,0.00649,0.0064955,128
2025-12-01T04:00:00+0000,0.0064955,0.006498,0.00649,0.0064905,204
2025-12-01T05:00:00+0000,0.0064925,0.0064975,0.0064885,0.0064895,135
2025-12-01T06:00:00+0000,0.006489,0.006491,0.006486,0.006491,1021
2025-12-01T07:00:00+0000,0.0064915,0.006502,0.006489,0.0065,2660
2025-12-01T08:00:00+0000,0.006499,0.006504,0.0064915,0.0064935,1990
2025-12-01T09:00:00+0000,0.006495,0.006504,0.006493,0.0065035,1061
2025-12-01T10:00:00+0000,0.0065035,0.0065075,0.0065025,0.006504,739
2025-12-01T11:00:00+0000,0.006504,0.0065105,0.006501,0.0065105,2130
2025-12-01T12:00:00+0000,0.00651,0.006525,0.006509,0.0065235,2415
2025-12-01T13:00:00+0000,0.0065235,0.0065275,0.006519,0.006522,2211
2025-12-01T14:00:00+0000,0.0065215,0.0065215,0.006512,0.0065155,1304
2025-12-01T15:00:00+0000,0.00652,0.00652,0.0065065,0.006511,340
2025-12-01T16:00:00+0000,0.00651,0.00651,0.0065015,0.006503,276
2025-12-01T17:00:00+0000,0.0065025,0.006503,0.0064985,0.0065,261
2025-12-01T18:00:00+0000,0.0065,0.0065,0.0064935,0.006494,360
2025-12-01T19:00:00+0000,0.006494,0.0064955,0.006493,0.006495,105
2025-12-01T20:00:00+0000,0.0064945,0.006496,0.006493,0.006496,71
2025-12-01T21:00:00+0000,0.006496,0.006496,0.0064925,0.006494,241
2025-12-01T23:00:00+0000,0.006496,0.006496,0.00649,0.0064905,206
2025-12-02T00:00:00+0000,0.0064915,0.0064945,0.006486,0.006487,1567
2025-12-02T01:00:00+0000,0.006487,0.006489,0.0064815,0.0064875,662
2025-12-02T02:00:00+0000,0.006488,0.0064895,0.0064845,0.006486,128
2025-12-02T03:00:00+0000,0.006487,0.0064905,0.006484,0.0064885,234
2025-12-02T04:00:00+0000,0.006489,0.0064895,0.0064865,0.0064875,104
2025-12-02T05:00:00+0000,0.0064875,0.0064875,0.0064835,0.0064865,139
2025-12-02T06:00:00+0000,0.0064875,0.0064875,0.00648,0.006482,1506
2025-12-02T07:00:00+0000,0.0064825,0.0064845,0.0064795,0.006484,1132
2025-12-02T08:00:00+0000,0.0064815,0.0064815,0.006472,0.006472,1435
2025-12-02T09:00:00+0000,0.006473,0.006475,0.006469,0.0064745,1271
2025-12-02T10:00:00+0000,0.006475,0.006475,0.00647,0.0064705,146
2025-12-02T11:00:00+0000,0.006471,0.0064765,0.006471,0.006475,113
2025-12-02T12:00:00+0000,0.0064755,0.006476,0.006471,0.006472,223
2025-12-02T13:00:00+0000,0.006472,0.006473,0.0064695,0.0064725,233
2025-12-02T14:00:00+0000,0.006473,0.006475,0.0064685,0.006474,175
2025-12-02T15:00:00+0000,0.0064735,0.0064795,0.0064645,0.0064775,614
2025-12-02T16:00:00+0000,0.0064775,0.0064825,0.0064725,0.0064745,252
2025-12-02T17:00:00+0000,0.0064755,0.0064755,0.0064685,0.006474,125
2025-12-02T18:00:00+0000,0.006475,0.0064755,0.0064715,0.006472,88
2025-12-02T19:00:00+0000,0.0064725,0.0064785,0.0064725,0.006476,226
2025-12-02T20:00:00+0000,0.0064765,0.00648,0.0064765,0.0064785,71
2025-12-02T21:00:00+0000,0.0064785,0.0064785,0.006476,0.006477,19
2025-12-02T23:00:00+0000,0.0064765,0.0064805,0.0064765,0.0064805,97
2025-12-03T00:00:00+0000,0.006481,0.006485,0.0064795,0.0064825,213
2025-12-03T01:00:00+0000,0.006481,0.006488,0.0064805,0.006486,213
2025-12-03T02:00:00+0000,0.006486,0.006486,0.00648,0.0064835,812
2025-12-03T03:00:00+0000,0.0064835,0.0064865,0.006483,0.006486,236
2025-12-03T04:00:00+0000,0.006486,0.006486,0.0064825,0.0064855,598
2025-12-03T05:00:00+0000,0.006485,0.006487,0.006484,0.0064845,365
2025-12-03T06:00:00+0000,0.006485,0.0064915,0.006485,0.006488,258
2025-12-03T07:00:00+0000,0.006489,0.0064915,0.006484,0.0064845,1426
2025-12-03T08:00:00+0000,0.006485,0.0064855,0.006482,0.0064855,399
2025-12-03T09:00:00+0000,0.006486,0.0064905,0.0064855,0.0064875,124
2025-12-03T10:00:00+0000,0.006487,0.006492,0.006487,0.006492,33
2025-12-03T11:00:00+0000,0.0064925,0.006496,0.0064925,0.0064955,151
2025-12-03T12:00:00+0000,0.006496,0.006498,0.0064955,0.0064965,343
2025-12-03T13:00:00+0000,0.0064955,0.006502,0.0064915,0.006493,287
2025-12-03T14:00:00+0000,0.0064925,0.0065015,0.0064915,0.006499,220
2025-12-03T15:00:00+0000,0.006491,0.0065045,0.0064845,0.0065045,802
2025-12-03T16:00:00+0000,0.006504,0.006513,0.0065035,0.0065065,4807
2025-12-03T17:00:00+0000,0.0065065,0.006509,0.0065055,0.0065085,241
2025-12-03T18:00:00+0000,0.006509,0.0065105,0.006506,0.0065085,296
2025-12-03T19:00:00+0000,0.0065085,0.00651,0.0065065,0.006507,160
2025-12-03T20:00:00+0000,0.0065065,0.0065075,0.0065035,0.006504,69
2025-12-03T21:00:00+0000,0.006503,0.0065045,0.0065,0.0065035,71
2025-12-03T23:00:00+0000,0.006505,0.0065075,0.006502,0.006507,116
2025-12-04T00:00:00+0000,0.006508,0.00651,0.006502,0.0065055,84
2025-12-04T01:00:00+0000,0.0065065,0.0065065,0.006494,0.0065,280
2025-12-04T02:00:00+0000,0.006499,0.006499,0.006494,0.006494,514
2025-12-04T03:00:00+0000,0.006493,0.0064955,0.0064885,0.0064945,206
2025-12-04T04:00:00+0000,0.0064965,0.0064975,0.0064925,0.0064925,47
2025-12-04T05:00:00+0000,0.006491,0.006503,0.0064905,0.006502,411
2025-12-04T06:00:00+0000,0.006502,0.006502,0.0064925,0.006499,1343
2025-12-04T07:00:00+0000,0.006499,0.006502,0.0064965,0.006501,1409
2025-12-04T08:00:00+0000,0.006501,0.0065205,0.006501,0.0065125,1042
2025-12-04T09:00:00+0000,0.0065115,0.0065195,0.0065095,0.006519,394
2025-12-04T10:00:00+0000,0.006519,0.0065215,0.006516,0.006521,365
2025-12-04T11:00:00+0000,0.006522,0.0065315,0.006521,0.0065305,294
2025-12-04T12:00:00+0000,0.0065315,0.0065315,0.006521,0.0065255,664
2025-12-04T13:00:00+0000,0.0065255,0.0065255,0.0065095,0.006519,820
2025-12-04T14:00:00+0000,0.00652,0.006529,0.006517,0.0065215,438
2025-12-04T15:00:00+0000,0.006522,0.00653,0.0065155,0.0065265,292
2025-12-04T16:00:00+0000,0.006526,0.0065265,0.006515,0.0065155,490
2025-12-04T17:00:00+0000,0.006515,0.0065155,0.0065125,0.0065145,74
2025-12-04T18:00:00+0000,0.0065135,0.0065155,0.0065115,0.0065115,154
2025-12-04T19:00:00+0000,0.006512,0.006513,0.0065095,0.0065105,95
2025-12-04T20:00:00+0000,0.0065095,0.006511,0.006506,0.006507,478
2025-12-04T21:00:00+0000,0.006507,0.006508,0.0065055,0.006506,44
2025-12-04T23:00:00+0000,0.006508,0.006508,0.0065035,0.0065045,369
2025-12-05T00:00:00+0000,0.006505,0.006512,0.0065015,0.006512,607
2025-12-05T01:00:00+0000,0.0065125,0.006514,0.006507,0.00651,160
2025-12-05T02:00:00+0000,0.0065095,0.00651,0.0065065,0.006509,473
2025-12-05T03:00:00+0000,0.0065085,0.006509,0.006504,0.006505,732
2025-12-05T04:00:00+0000,0.006506,0.006519,0.006506,0.006514,361
2025-12-05T05:00:00+0000,0.006515,0.006529,0.0065145,0.0065265,511
2025-12-05T06:00:00+0000,0.0065275,0.006533,0.006523,0.0065295,1346
2025-12-05T07:00:00+0000,0.006529,0.0065385,0.0065255,0.0065265,909
2025-12-05T08:00:00+0000,0.0065265,0.0065265,0.006515,0.0065165,2519
2025-12-05T09:00:00+0000,0.0065165,0.0065175,0.006512,0.006514,1863
2025-12-05T10:00:00+0000,0.0065145,0.006515,0.006504,0.0065055,843
2025-12-05T11:00:00+0000,0.006505,0.0065055,0.0065015,0.006504,237
2025-12-05T12:00:00+0000,0.0065045,0.006507,0.0064995,0.0065035,538
2025-12-05T13:00:00+0000,0.006504,0.006505,0.0065,0.0065025,479
2025-12-05T14:00:00+0000,0.0065025,0.006506,0.0064985,0.006501,565
2025-12-05T15:00:00+0000,0.0065,0.006506,0.006496,0.0065,763
2025-12-05T16:00:00+0000,0.006499,0.0065015,0.00649,0.006498,1093
2025-12-05T17:00:00+0000,0.0064975,0.0064995,0.0064965,0.0064985,277
2025-12-05T18:00:00+0000,0.0064985,0.0065,0.0064975,0.006499,127
2025-12-05T19:00:00+0000,0.006499,0.0065,0.006497,0.006498,800
2025-12-05T20:00:00+0000,0.006498,0.006499,0.0064975,0.006498,85
2025-12-05T21:00:00+0000,0.0064985,0.0064985,0.006495,0.006496,79
2025-12-07T23:00:00+0000,0.0064965,0.0065025,0.0064935,0.006496,232
2025-12-08T00:00:00+0000,0.006496,0.0065065,0.006496,0.0065065,479
2025-12-08T01:00:00+0000,0.0065065,0.0065135,0.0065045,0.006513,388
2025-12-08T02:00:00+0000,0.006514,0.0065145,0.0065075,0.00651,216
2025-12-08T03:00:00+0000,0.00651,0.006511,0.0065055,0.006506,97
2025-12-08T04:00:00+0000,0.0065055,0.006508,0.006505,0.0065065,78
2025-12-08T05:00:00+0000,0.0065065,0.006507,0.0064985,0.006501,176
2025-12-08T06:00:00+0000,0.006502,0.006506,0.006498,0.0065005,125
2025-12-08T07:00:00+0000,0.0065005,0.0065025,0.0064955,0.0064955,161
2025-12-08T08:00:00+0000,0.006495,0.0064985,0.006491,0.006494,313
2025-12-08T09:00:00+0000,0.006493,0.006493,0.006488,0.00649,223
2025-12-08T10:00:00+0000,0.0064895,0.006493,0.0064885,0.0064885,514
2025-12-08T11:00:00+0000,0.006489,0.00649,0.006486,0.006486,332
2025-12-08T12:00:00+0000,0.0064865,0.006488,0.006483,0.0064865,581
2025-12-08T13:00:00+0000,0.006487,0.00649,0.0064825,0.0064835,476
2025-12-08T14:00:00+0000,0.006484,0.006494,0.0064735,0.0064755,1610
2025-12-08T15:00:00+0000,0.006476,0.0064785,0.0064695,0.0064745,1539
2025-12-08T16:00:00+0000,0.006475,0.006476,0.006471,0.006473,484
2025-12-08T17:00:00+0000,0.0064735,0.00648,0.0064725,0.006479,653
2025-12-08T18:00:00+0000,0.0064795,0.006481,0.006478,0.006479,296
2025-12-08T19:00:00+0000,0.006479,0.00648,0.006472,0.006472,823
2025-12-08T20:00:00+0000,0.0064725,0.006475,0.0064715,0.0064715,230
2025-12-08T21:00:00+0000,0.0064715,0.0064725,0.0064705,0.0064715,240
2025-12-08T23:00:00+0000,0.0064715,0.006474,0.006469,0.006474,283
2025-12-09T00:00:00+0000,0.006474,0.0064775,0.0064675,0.0064675,900
2025-12-09T01:00:00+0000,0.0064675,0.0064775,0.0064665,0.0064765,439
2025-12-09T02:00:00+0000,0.006476,0.0064785,0.0064715,0.006474,298
2025-12-09T03:00:00+0000,0.0064735,0.006476,0.006473,0.006475,237
2025-12-09T04:00:00+0000,0.0064755,0.006476,0.0064685,0.0064705,305
2025-12-09T05:00:00+0000,0.0064705,0.0064735,0.006463,0.006468,1023
2025-12-09T06:00:00+0000,0.006467,0.006469,0.0064625,0.0064675,514
2025-12-09T07:00:00+0000,0.006467,0.0064675,0.00646,0.00646,1832
2025-12-09T08:00:00+0000,0.00646,0.0064605,0.0064505,0.006454,1309
2025-12-09T09:00:00+0000,0.0064545,0.006469,0.006454,0.006465,2583
2025-12-09T10:00:00+0000,0.0064645,0.006466,0.00646,0.006464,679
2025-12-09T11:00:00+0000,0.006465,0.006465,0.0064605,0.006461,234
2025-12-09T12:00:00+0000,0.0064595,0.0064595,0.006454,0.006454,427
2025-12-09T13:00:00+0000,0.0064535,0.006456,0.006447,0.0064535,1631
2025-12-09T14:00:00+0000,0.006454,0.006455,0.006446,0.0064515,2049
2025-12-09T15:00:00+0000,0.0064505,0.006452,0.0064305,0.0064325,7421
2025-12-09T16:00:00+0000,0.006433,0.0064355,0.00643,0.006433,2512
2025-12-09T17:00:00+0000,0.006433,0.006434,0.00643,0.00643,1279
2025-12-09T18:00:00+0000,0.0064305,0.006432,0.00643,0.006431,422
2025-12-09T19:00:00+0000,0.006432,0.006435,0.006429,0.0064335,706
2025-12-09T20:00:00+0000,0.0064335,0.0064345,0.0064305,0.0064315,620
2025-12-09T21:00:00+0000,0.006431,0.0064315,0.0064295,0.0064305,252
2025-12-09T23:00:00+0000,0.006433,0.0064345,0.00643,0.0064325,187
2025-12-10T00:00:00+0000,0.0064345,0.006439,0.0064295,0.0064385,455
2025-12-10T01:00:00+0000,0.006438,0.0064405,0.0064365,0.006439,616
2025-12-10T02:00:00+0000,0.006439,0.0064415,0.0064385,0.0064415,629
2025-12-10T03:00:00+0000,0.0064415,0.0064445,0.00644,0.0064435,2631
2025-12-10T04:00:00+0000,0.0064435,0.006444,0.006441,0.0064425,283
2025-12-10T05:00:00+0000,0.006442,0.006443,0.006439,0.006439,143
2025-12-10T06:00:00+0000,0.006439,0.00644,0.006436,0.0064395,595
2025-12-10T07:00:00+0000,0.00644,0.0064415,0.006437,0.0064405,677
2025-12-10T08:00:00+0000,0.0064405,0.0064435,0.006439,0.00644,649
2025-12-10T09:00:00+0000,0.00644,0.00644,0.0064315,0.006434,1089
2025-12-10T10:00:00+0000,0.0064335,0.006437,0.006433,0.006436,3998
2025-12-10T11:00:00+0000,0.0064365,0.0064395,0.006436,0.0064385,354
2025-12-10T12:00:00+0000,0.0064395,0.0064405,0.0064375,0.006439,265
2025-12-10T13:00:00+0000,0.006439,0.006445,0.006438,0.006445,566
2025-12-10T14:00:00+0000,0.0064455,0.00645,0.006442,0.0064465,1630
2025-12-10T15:00:00+0000,0.006447,0.006453,0.006446,0.006448,1368
2025-12-10T16:00:00+0000,0.0064475,0.0064545,0.0064475,0.006454,1350
2025-12-10T17:00:00+0000,0.0064535,0.006457,0.0064515,0.006455,680
2025-12-10T18:00:00+0000,0.0064545,0.0064555,0.006448,0.0064505,341
2025-12-10T19:00:00+0000,0.0064505,0.0064625,0.0064385,0.0064555,4047
2025-12-10T20:00:00+0000,0.0064555,0.0064755,0.0064545,0.00647,2488
2025-12-10T21:00:00+0000,0.0064705,0.0064705,0.0064635,0.006468,781
2025-12-10T23:00:00+0000,0.0064635,0.00648,0.0064635,0.006475,1314
2025-12-11T00:00:00+0000,0.0064755,0.0064825,0.00647,0.006473,1956
2025-12-11T01:00:00+0000,0.006474,0.0064825,0.0064725,0.0064765,1113
2025-12-11T02:00:00+0000,0.006477,0.006486,0.0064745,0.0064745,1536
2025-12-11T03:00:00+0000,0.0064745,0.0064805,0.0064735,0.006478,1650
2025-12-11T04:00:00+0000,0.0064775,0.006481,0.006471,0.0064715,807
2025-12-11T05:00:00+0000,0.0064715,0.0064715,0.006462,0.0064625,765
2025-12-11T06:00:00+0000,0.0064625,0.006467,0.0064585,0.0064665,1073
2025-12-11T07:00:00+0000,0.006466,0.00647,0.0064625,0.006464,960
2025-12-11T08:00:00+0000,0.0064635,0.006474,0.006462,0.00647,1287
2025-12-11T09:00:00+0000,0.00647,0.0064715,0.006464,0.0064705,924
2025-12-11T10:00:00+0000,0.006471,0.006473,0.006467,0.0064705,703
2025-12-11T11:00:00+0000,0.00647,0.0064755,0.00647,0.006475,733
2025-12-11T12:00:00+0000,0.006475,0.0064855,0.0064725,0.0064825,2398
2025-12-11T13:00:00+0000,0.0064825,0.006497,0.006481,0.0064955,3543
2025-12-11T14:00:00+0000,0.0064945,0.006509,0.0064945,0.006508,6139
2025-12-11T15:00:00+0000,0.0065075,0.006509,0.0064995,0.0065,6131
2025-12-11T16:00:00+0000,0.0065,0.006502,0.0064945,0.006501,3465
2025-12-11T17:00:00+0000,0.0065005,0.006504,0.006495,0.0064965,2397
2025-12-11T18:00:00+0000,0.0064965,0.006498,0.0064895,0.006492,1747
2025-12-11T19:00:00+0000,0.006491,0.006491,0.0064815,0.0064815,2228
2025-12-11T20:00:00+0000,0.0064815,0.0064855,0.0064785,0.006482,1285
2025-12-11T21:00:00+0000,0.0064815,0.006483,0.0064805,0.006482,563
2025-12-11T23:00:00+0000,0.006482,0.006487,0.00648,0.006485,3201
2025-12-12T00:00:00+0000,0.006485,0.0064865,0.0064755,0.0064775,4555
2025-12-12T01:00:00+0000,0.0064775,0.0064835,0.006474,0.006478,3686
2025-12-12T02:00:00+0000,0.0064785,0.006479,0.006475,0.0064775,2039
2025-12-12T03:00:00+0000,0.0064775,0.0064795,0.0064755,0.006476,1084
2025-12-12T04:00:00+0000,0.0064765,0.006477,0.006474,0.0064745,1291
2025-12-12T05:00:00+0000,0.006475,0.0064775,0.0064735,0.006475,1707
2025-12-12T06:00:00+0000,0.0064745,0.0064785,0.006471,0.0064785,2164
2025-12-12T07:00:00+0000,0.006479,0.0064835,0.006476,0.0064785,5681
2025-12-12T08:00:00+0000,0.006479,0.00648,0.0064705,0.006471,3698
2025-12-12T09:00:00+0000,0.0064705,0.006474,0.006468,0.0064685,3272
2025-12-12T10:00:00+0000,0.006468,0.00647,0.0064655,0.006468,1884
2025-12-12T11:00:00+0000,0.006468,0.006468,0.006464,0.0064675,1515
2025-12-12T12:00:00+0000,0.0064675,0.006474,0.006459,0.0064625,8762
2025-12-12T13:00:00+0000,0.0064625,0.0064685,0.0064615,0.006462,4173
2025-12-12T14:00:00+0000,0.006462,0.0064705,0.00646,0.0064685,7651
2025-12-12T15:00:00+0000,0.006468,0.006472,0.0064615,0.006469,12068
2025-12-12T16:00:00+0000,0.006469,0.0064775,0.0064685,0.0064715,8641
2025-12-12T17:00:00+0000,0.006472,0.0064745,0.006468,0.006473,3477
2025-12-12T18:00:00+0000,0.0064735,0.006476,0.006472,0.006473,3123
2025-12-12T19:00:00+0000,0.006473,0.0064735,0.0064665,0.0064685,3891
2025-12-12T20:00:00+0000,0.0064685,0.0064735,0.006468,0.0064695,4004
2025-12-12T21:00:00+0000,0.006469,0.006473,0.006469,0.006471,2236
2025-12-14T23:00:00+0000,0.006471,0.006474,0.006468,0.006469,1872
2025-12-15T00:00:00+0000,0.0064685,0.0064695,0.006464,0.006468,4101
2025-12-15T01:00:00+0000,0.006468,0.0064805,0.0064675,0.0064795,4514
2025-12-15T02:00:00+0000,0.0064795,0.0064905,0.0064785,0.006487,4969
2025-12-15T03:00:00+0000,0.0064875,0.006493,0.0064855,0.006488,2714
2025-12-15T04:00:00+0000,0.006488,0.006498,0.006488,0.006495,3678
2025-12-15T05:00:00+0000,0.006495,0.0065045,0.006495,0.0065035,3951
2025-12-15T06:00:00+0000,0.006504,0.006508,0.006499,0.0065015,4430
2025-12-15T07:00:00+0000,0.006501,0.0065025,0.006493,0.006494,4720
2025-12-15T08:00:00+0000,0.0064945,0.0065005,0.006493,0.0064975,3402
2025-12-15T09:00:00+0000,0.006497,0.006508,0.006497,0.006507,5287
2025-12-15T10:00:00+0000,0.0065065,0.006507,0.006499,0.0065015,2604
2025-12-15T11:00:00+0000,0.0065015,0.006511,0.006501,0.006508,3631
2025-12-15T12:00:00+0000,0.006508,0.0065095,0.006501,0.006502,3057
2025-12-15T13:00:00+0000,0.0065015,0.0065065,0.0064985,0.0064985,4389
2025-12-15T14:00:00+0000,0.006498,0.0065115,0.0064955,0.0065085,7804
2025-12-15T15:00:00+0000,0.0065085,0.006512,0.006498,0.0064985,16695
2025-12-15T16:00:00+0000,0.006499,0.006499,0.0064905,0.006493,9114
2025-12-15T17:00:00+0000,0.0064925,0.0064945,0.0064895,0.0064925,3100
2025-12-15T18:00:00+0000,0.0064925,0.006493,0.0064885,0.0064905,1493
2025-12-15T19:00:00+0000,0.00649,0.006496,0.006488,0.006495,5971
2025-12-15T20:00:00+0000,0.006495,0.006496,0.0064935,0.006495,1606
2025-12-15T21:00:00+0000,0.006494,0.006497,0.0064935,0.0064955,1390
2025-12-15T23:00:00+0000,0.006495,0.006505,0.006495,0.0065025,2207
2025-12-16T00:00:00+0000,0.0065025,0.0065155,0.0065,0.006504,8983
2025-12-16T01:00:00+0000,0.006504,0.0065105,0.0064995,0.0065105,5570
2025-12-16T02:00:00+0000,0.00651,0.0065145,0.0065075,0.006514,3335
2025-12-16T03:00:00+0000,0.0065135,0.006517,0.006508,0.0065085,3645
2025-12-16T04:00:00+0000,0.006509,0.0065135,0.006508,0.006512,1799
2025-12-16T05:00:00+0000,0.006512,0.0065175,0.0065105,0.006511,3345
2025-12-16T06:00:00+0000,0.006511,0.006512,0.0065065,0.0065105,4506
2025-12-16T07:00:00+0000,0.00651,0.006511,0.006505,0.006509,4407
2025-12-16T08:00:00+0000,0.0065095,0.006513,0.0065065,0.00651,4863
2025-12-16T09:00:00+0000,0.0065105,0.006514,0.006509,0.006511,2794
2025-12-16T10:00:00+0000,0.0065115,0.006514,0.006508,0.00651,3598
2025-12-16T11:00:00+0000,0.0065095,0.006513,0.0065085,0.006512,2206
2025-12-16T12:00:00+0000,0.0065125,0.0065215,0.0065105,0.0065205,5207
2025-12-16T13:00:00+0000,0.006521,0.00653,0.00651,0.0065165,19728
2025-12-16T14:00:00+0000,0.006516,0.006524,0.006504,0.006521,12890
2025-12-16T15:00:00+0000,0.006521,0.0065265,0.0065135,0.0065135,14973
2025-12-16T16:00:00+0000,0.006514,0.0065145,0.006508,0.0065125,9965
2025-12-16T17:00:00+0000,0.0065125,0.006522,0.006511,0.0065175,4197
2025-12-16T18:00:00+0000,0.006517,0.006518,0.006512,0.006515,4138
2025-12-16T19:00:00+0000,0.0065145,0.0065205,0.006507,0.006518,9772
2025-12-16T20:00:00+0000,0.0065185,0.006522,0.0065125,0.006513,4975
2025-12-16T21:00:00+0000,0.006513,0.0065165,0.0065115,0.0065165,1602
2025-12-16T23:00:00+0000,0.006516,0.006517,0.0065115,0.006513,1450
2025-12-17T00:00:00+0000,0.0065135,0.0065215,0.006509,0.006521,6994
2025-12-17T01:00:00+0000,0.006521,0.0065245,0.006516,0.0065175,4290
2025-12-17T02:00:00+0000,0.006517,0.006517,0.006502,0.0065025,7603
2025-12-17T03:00:00+0000,0.0065025,0.0065095,0.006502,0.0065085,2912
2025-12-17T04:00:00+0000,0.0065085,0.006509,0.006497,0.006498,3443
2025-12-17T05:00:00+0000,0.006498,0.0065005,0.006496,0.006497,2559
2025-12-17T06:00:00+0000,0.0064975,0.0064985,0.0064845,0.0064875,5519
2025-12-17T07:00:00+0000,0.006488,0.0064885,0.0064795,0.0064825,5791
2025-12-17T08:00:00+0000,0.006482,0.0064855,0.0064785,0.0064815,5446
2025-12-17T09:00:00+0000,0.006482,0.006484,0.00648,0.006481,2457
2025-12-17T10:00:00+0000,0.006481,0.0064855,0.0064805,0.0064845,2540
2025-12-17T11:00:00+0000,0.0064845,0.006485,0.0064785,0.0064805,2878
2025-12-17T12:00:00+0000,0.006481,0.0064845,0.0064795,0.0064835,3904
2025-12-17T13:00:00+0000,0.006483,0.0064875,0.006477,0.0064855,10986
2025-12-17T14:00:00+0000,0.006486,0.006489,0.006477,0.006483,6263
2025-12-17T15:00:00+0000,0.0064835,0.006489,0.0064805,0.0064865,8962
2025-12-17T16:00:00+0000,0.006487,0.006488,0.0064785,0.0064785,7232
2025-12-17T17:00:00+0000,0.006479,0.006482,0.0064785,0.006481,2908
2025-12-17T18:00:00+0000,0.0064815,0.006483,0.0064755,0.006477,3724
2025-12-17T19:00:00+0000,0.006477,0.006479,0.006475,0.006477,3410
2025-12-17T20:00:00+0000,0.006477,0.0064775,0.006472,0.006474,3202
2025-12-17T21:00:00+0000,0.006474,0.006476,0.0064725,0.0064735,1421
2025-12-17T23:00:00+0000,0.006476,0.006482,0.0064745,0.0064815,1945
2025-12-18T00:00:00+0000,0.0064815,0.006484,0.0064775,0.006482,3538
2025-12-18T01:00:00+0000,0.006482,0.006483,0.0064695,0.00647,4223
2025-12-18T02:00:00+0000,0.0064695,0.0064745,0.006468,0.0064695,2762
2025-12-18T03:00:00+0000,0.006469,0.0064725,0.006469,0.0064705,1810
2025-12-18T04:00:00+0000,0.00647,0.006473,0.006469,0.006471,1301
2025-12-18T05:00:00+0000,0.006471,0.0064725,0.006465,0.006468,3328
2025-12-18T06:00:00+0000,0.0064685,0.00647,0.006464,0.006464,2220
2025-12-18T07:00:00+0000,0.006464,0.006468,0.006462,0.0064635,3780
2025-12-18T08:00:00+0000,0.006463,0.0064685,0.0064625,0.0064665,6561
2025-12-18T09:00:00+0000,0.0064665,0.0064685,0.006462,0.006463,4013
2025-12-18T10:00:00+0000,0.0064625,0.0064665,0.006461,0.006466,2228
2025-12-18T11:00:00+0000,0.006466,0.0064715,0.0064655,0.0064695,2543
2025-12-18T12:00:00+0000,0.0064685,0.006471,0.006466,0.0064675,4020
2025-12-18T13:00:00+0000,0.0064675,0.006494,0.006467,0.006477,23946
2025-12-18T14:00:00+0000,0.006477,0.00649,0.0064765,0.0064815,17909
2025-12-18T15:00:00+0000,0.0064815,0.006483,0.006473,0.0064795,9511
2025-12-18T16:00:00+0000,0.0064795,0.0064865,0.0064775,0.0064795,6561
2025-12-18T17:00:00+0000,0.0064795,0.0064795,0.0064725,0.0064745,4324
2025-12-18T18:00:00+0000,0.006475,0.0064775,0.006472,0.006475,2449
2025-12-18T19:00:00+0000,0.006475,0.006481,0.006474,0.00648,3614
2025-12-18T20:00:00+0000,0.00648,0.006481,0.006475,0.0064755,2285
2025-12-18T21:00:00+0000,0.0064765,0.006479,0.0064755,0.006479,850
2025-12-18T23:00:00+0000,0.006479,0.0064795,0.0064745,0.0064765,1336
2025-12-19T00:00:00+0000,0.0064765,0.0064775,0.006467,0.0064695,6969
2025-12-19T01:00:00+0000,0.0064695,0.0064725,0.006468,0.00647,3826
2025-12-19T02:00:00+0000,0.00647,0.006473,0.0064655,0.006466,1916
2025-12-19T03:00:00+0000,0.006466,0.0064765,0.00645,0.006464,16344
2025-12-19T04:00:00+0000,0.0064645,0.0064705,0.006455,0.006456,3656
2025-12-19T05:00:00+0000,0.0064565,0.006464,0.006456,0.0064595,2137
2025-12-19T06:00:00+0000,0.0064595,0.006466,0.006441,0.0064585,16215
2025-12-19T07:00:00+0000,0.006458,0.006461,0.0064285,0.006429,16700
2025-12-19T08:00:00+0000,0.006429,0.0064295,0.00642,0.0064205,17776
2025-12-19T09:00:00+0000,0.0064205,0.0064235,0.006409,0.0064095,18938
2025-12-19T10:00:00+0000,0.006409,0.0064125,0.006401,0.006405,13148
2025-12-19T11:00:00+0000,0.006405,0.006408,0.0064025,0.006405,7765
2025-12-19T12:00:00+0000,0.0064045,0.0064105,0.0064035,0.006408,6213
2025-12-19T13:00:00+0000,0.006408,0.0064095,0.006402,0.0064045,11378
2025-12-19T14:00:00+0000,0.0064045,0.006421,0.0064,0.006401,23014
2025-12-19T15:00:00+0000,0.0064015,0.0064035,0.0063975,0.0063985,16268
2025-12-19T16:00:00+0000,0.0063985,0.006401,0.006398,0.0064,7270
2025-12-19T17:00:00+0000,0.0064,0.006401,0.0063905,0.0064,12198
2025-12-19T18:00:00+0000,0.0063995,0.0064015,0.006396,0.006396,5263
2025-12-19T19:00:00+0000,0.0063965,0.0063975,0.0063935,0.0063965,6975
2025-12-19T20:00:00+0000,0.0063965,0.0063985,0.006389,0.00639,6485
2025-12-19T21:00:00+0000,0.0063895,0.006392,0.0063855,0.006388,2632
2025-12-21T23:00:00+0000,0.0063965,0.006398,0.0063885,0.006392,3669
2025-12-22T00:00:00+0000,0.0063915,0.006397,0.00639,0.0063945,11052
2025-12-22T01:00:00+0000,0.006395,0.0064065,0.006394,0.006405,5486
2025-12-22T02:00:00+0000,0.0064055,0.006408,0.0064,0.0064,3301
2025-12-22T03:00:00+0000,0.0064,0.006406,0.006398,0.006404,2366
2025-12-22T04:00:00+0000,0.0064035,0.0064065,0.0064025,0.006405,1889
2025-12-22T05:00:00+0000,0.0064045,0.0064065,0.0064015,0.0064025,2182
2025-12-22T06:00:00+0000,0.0064025,0.0064065,0.0063995,0.0064035,4733
2025-12-22T07:00:00+0000,0.006403,0.006405,0.0063945,0.0063975,4588
2025-12-22T08:00:00+0000,0.006397,0.006402,0.0063955,0.0063955,5238
2025-12-22T09:00:00+0000,0.006395,0.0064005,0.006394,0.0063985,3302
2025-12-22T10:00:00+0000,0.0063985,0.006403,0.0063985,0.006401,2564
2025-12-22T11:00:00+0000,0.006401,0.0064035,0.0064,0.0064005,2506
2025-12-22T12:00:00+0000,0.006401,0.006403,0.0064,0.0064015,4918
2025-12-22T13:00:00+0000,0.006402,0.0064235,0.006402,0.00641,33323
2025-12-22T14:00:00+0000,0.00641,0.006421,0.0064085,0.006417,8416
2025-12-22T15:00:00+0000,0.0064165,0.0064205,0.006412,0.006418,10837
2025-12-22T16:00:00+0000,0.0064175,0.006423,0.006415,0.0064195,8336
2025-12-22T17:00:00+0000,0.006419,0.006429,0.006419,0.0064235,7674
2025-12-22T18:00:00+0000,0.006423,0.006423,0.006416,0.0064195,4069
2025-12-22T19:00:00+0000,0.0064195,0.006422,0.0064155,0.0064215,11552
2025-12-22T20:00:00+0000,0.0064215,0.0064215,0.006417,0.0064175,3145
2025-12-22T21:00:00+0000,0.0064175,0.006418,0.006415,0.0064175,2362
2025-12-22T23:00:00+0000,0.006416,0.006423,0.006415,0.0064195,3013
2025-12-23T00:00:00+0000,0.006419,0.0064325,0.006419,0.006432,7381
2025-12-23T01:00:00+0000,0.006432,0.0064395,0.00643,0.006438,6045
2025-12-23T02:00:00+0000,0.0064385,0.006446,0.006437,0.006443,6668
2025-12-23T03:00:00+0000,0.006443,0.006449,0.0064425,0.006449,3901
2025-12-23T04:00:00+0000,0.0064495,0.006459,0.0064495,0.0064575,9157
2025-12-23T05:00:00+0000,0.0064575,0.0064615,0.006454,0.0064565,6602
2025-12-23T06:00:00+0000,0.006457,0.0064575,0.0064495,0.0064525,6365
2025-12-23T07:00:00+0000,0.006452,0.0064595,0.00645,0.0064535,4305
2025-12-23T08:00:00+0000,0.006454,0.006459,0.0064525,0.0064585,4941
2025-12-23T09:00:00+0000,0.006459,0.006472,0.0064565,0.0064585,9101
2025-12-23T10:00:00+0000,0.0064585,0.0064625,0.006455,0.0064605,3635
2025-12-23T11:00:00+0000,0.00646,0.006462,0.006456,0.0064585,1992
2025-12-23T12:00:00+0000,0.006458,0.006462,0.006456,0.006456,2547
2025-12-23T13:00:00+0000,0.006456,0.006459,0.006442,0.006443,11643
2025-12-23T14:00:00+0000,0.006443,0.006443,0.006434,0.0064405,12208
2025-12-23T15:00:00+0000,0.006441,0.0064485,0.0064385,0.006441,8914
2025-12-23T16:00:00+0000,0.006441,0.0064445,0.0064395,0.0064435,3754
2025-12-23T17:00:00+0000,0.006443,0.0064465,0.0064425,0.0064455,2084
2025-12-23T18:00:00+0000,0.0064445,0.006448,0.006443,0.0064475,2244
2025-12-23T19:00:00+0000,0.0064475,0.0064495,0.0064465,0.006449,3680
2025-12-23T20:00:00+0000,0.0064495,0.00645,0.006444,0.006445,2544
2025-12-23T21:00:00+0000,0.0064445,0.006449,0.006443,0.006443,2241
2025-12-23T23:00:00+0000,0.0064485,0.0064535,0.006446,0.00645,2143
2025-12-24T00:00:00+0000,0.00645,0.006458,0.006445,0.0064575,7795
2025-12-24T01:00:00+0000,0.0064575,0.0064735,0.0064505,0.006471,8399
2025-12-24T02:00:00+0000,0.0064715,0.0064755,0.006468,0.006468,3980
2025-12-24T03:00:00+0000,0.006468,0.006468,0.0064575,0.006458,3928
2025-12-24T04:00:00+0000,0.006458,0.006465,0.0064545,0.006464,2468
2025-12-24T05:00:00+0000,0.0064635,0.0064675,0.0064635,0.0064655,2228
2025-12-24T06:00:00+0000,0.006466,0.006472,0.0064655,0.0064685,3748
2025-12-24T07:00:00+0000,0.006469,0.00647,0.0064625,0.0064645,3582
2025-12-24T08:00:00+0000,0.006465,0.0064685,0.0064585,0.006468,6618
2025-12-24T09:00:00+0000,0.006468,0.0064705,0.0064625,0.0064645,3182
2025-12-24T10:00:00+0000,0.0064645,0.006465,0.0064585,0.0064605,1881
2025-12-24T11:00:00+0000,0.0064605,0.006463,0.006459,0.006461,2297
2025-12-24T12:00:00+0000,0.006461,0.0064625,0.0064555,0.006456,2897
2025-12-24T13:00:00+0000,0.006456,0.0064585,0.0064545,0.0064575,3998
2025-12-24T14:00:00+0000,0.006457,0.0064715,0.006456,0.006468,6269
2025-12-24T15:00:00+0000,0.006468,0.0064695,0.006462,0.006465,7555
2025-12-24T16:00:00+0000,0.006465,0.006468,0.006461,0.0064645,5167
2025-12-24T17:00:00+0000,0.0064645,0.0064645,0.006457,0.006459,2653
2025-12-24T18:00:00+0000,0.0064595,0.00646,0.0064565,0.006459,590
2025-12-25T23:00:00+0000,0.0064605,0.006466,0.0064495,0.006451,4080
2025-12-26T00:00:00+0000,0.006451,0.006451,0.006435,0.0064385,8342
2025-12-26T01:00:00+0000,0.0064385,0.0064485,0.0064375,0.006443,4762
2025-12-26T02:00:00+0000,0.0064435,0.0064485,0.0064425,0.006446,4596
2025-12-26T03:00:00+0000,0.006446,0.0064535,0.006445,0.006453,4312
2025-12-26T04:00:00+0000,0.006453,0.006456,0.0064475,0.0064485,2816
2025-12-26T05:00:00+0000,0.006448,0.006451,0.0064435,0.006446,2892
2025-12-26T06:00:00+0000,0.006447,0.0064515,0.0064415,0.0064435,2507
2025-12-26T07:00:00+0000,0.0064435,0.006446,0.0064365,0.0064395,3361
2025-12-26T08:00:00+0000,0.0064395,0.006443,0.0064365,0.0064415,2314
2025-12-26T09:00:00+0000,0.0064415,0.0064415,0.006435,0.0064355,2652
2025-12-26T10:00:00+0000,0.0064355,0.00644,0.006435,0.0064385,1273
2025-12-26T11:00:00+0000,0.0064385,0.0064415,0.0064375,0.006438,1656
2025-12-26T12:00:00+0000,0.0064385,0.0064385,0.0064345,0.006438,2018
2025-12-26T13:00:00+0000,0.006438,0.0064455,0.0064365,0.0064415,5319
2025-12-26T14:00:00+0000,0.006442,0.006444,0.006435,0.006436,3405
2025-12-26T15:00:00+0000,0.006436,0.006443,0.006433,0.0064375,5098
2025-12-26T16:00:00+0000,0.0064375,0.00644,0.0064275,0.0064285,4880
2025-12-26T17:00:00+0000,0.006429,0.006432,0.006425,0.006431,4133
2025-12-26T18:00:00+0000,0.0064315,0.0064365,0.0064305,0.006432,2494
2025-12-26T19:00:00+0000,0.0064325,0.0064345,0.00643,0.006434,2627
2025-12-26T20:00:00+0000,0.0064345,0.0064365,0.006433,0.0064345,2169
2025-12-26T21:00:00+0000,0.006434,0.0064345,0.006428,0.006428,1207
2025-12-28T23:00:00+0000,0.0064255,0.0064335,0.0064255,0.00643,1905
2025-12-29T00:00:00+0000,0.0064305,0.006448,0.0064305,0.0064385,12636
2025-12-29T01:00:00+0000,0.006439,0.006443,0.006435,0.006438,3915
2025-12-29T02:00:00+0000,0.0064375,0.0064385,0.0064295,0.006433,3558
2025-12-29T03:00:00+0000,0.0064325,0.0064375,0.0064325,0.006435,2517
2025-12-29T04:00:00+0000,0.006435,0.0064405,0.006431,0.0064355,1883
2025-12-29T05:00:00+0000,0.006435,0.0064405,0.0064345,0.0064375,1606
2025-12-29T06:00:00+0000,0.006438,0.0064435,0.006437,0.006443,3317
2025-12-29T07:00:00+0000,0.0064425,0.006449,0.006441,0.0064475,4483
2025-12-29T08:00:00+0000,0.0064475,0.006448,0.0064385,0.0064395,4526
2025-12-29T09:00:00+0000,0.006439,0.0064465,0.0064345,0.0064375,4076
2025-12-29T10:00:00+0000,0.006437,0.0064425,0.0064365,0.006437,2090
2025-12-29T11:00:00+0000,0.006437,0.006439,0.0064335,0.0064345,1914
2025-12-29T12:00:00+0000,0.006434,0.006438,0.006433,0.006437,2037
2025-12-29T13:00:00+0000,0.006437,0.0064425,0.006435,0.006441,4420
2025-12-29T14:00:00+0000,0.006441,0.00645,0.006441,0.006445,8777
2025-12-29T15:00:00+0000,0.006445,0.0064545,0.006439,0.0064535,9718
2025-12-29T16:00:00+0000,0.006453,0.006454,0.006446,0.0064465,5921
2025-12-29T17:00:00+0000,0.006446,0.006448,0.006442,0.0064435,3067
2025-12-29T18:00:00+0000,0.0064425,0.0064455,0.006441,0.006441,2307
2025-12-29T19:00:00+0000,0.006441,0.0064505,0.00644,0.0064495,4849
2025-12-29T20:00:00+0000,0.0064495,0.0064515,0.006447,0.0064475,2825
2025-12-29T21:00:00+0000,0.006448,0.006451,0.0064475,0.0064495,1302
2025-12-29T23:00:00+0000,0.0064495,0.006452,0.0064445,0.00645,2027
2025-12-30T00:00:00+0000,0.0064505,0.006453,0.0064365,0.00644,6897
2025-12-30T01:00:00+0000,0.0064395,0.0064415,0.0064365,0.006441,3436
2025-12-30T02:00:00+0000,0.0064415,0.0064435,0.006436,0.006437,2478
2025-12-30T03:00:00+0000,0.0064375,0.006441,0.006436,0.006439,1284
2025-12-30T04:00:00+0000,0.0064385,0.006448,0.006438,0.0064465,2387
2025-12-30T05:00:00+0000,0.006447,0.00645,0.006446,0.0064485,3244
2025-12-30T06:00:00+0000,0.0064485,0.006453,0.006446,0.0064485,3392
2025-12-30T07:00:00+0000,0.006449,0.0064535,0.0064455,0.006451,2643
2025-12-30T08:00:00+0000,0.006451,0.006456,0.0064485,0.006451,4317
2025-12-30T09:00:00+0000,0.0064505,0.0064555,0.0064495,0.0064535,1783
2025-12-30T10:00:00+0000,0.006453,0.006461,0.0064525,0.0064565,2955
2025-12-30T11:00:00+0000,0.0064565,0.0064575,0.0064525,0.006454,2208
2025-12-30T12:00:00+0000,0.0064545,0.006455,0.0064495,0.006452,2545
2025-12-30T13:00:00+0000,0.006452,0.006452,0.0064415,0.006442,5179
2025-12-30T14:00:00+0000,0.006442,0.006445,0.0064365,0.006439,7426
2025-12-30T15:00:00+0000,0.0064385,0.0064385,0.0064265,0.006436,10100
2025-12-30T16:00:00+0000,0.006436,0.006441,0.0064345,0.00644,5122
2025-12-30T17:00:00+0000,0.0064395,0.00644,0.0064335,0.006436,3346
2025-12-30T18:00:00+0000,0.006436,0.006437,0.006432,0.0064335,1998
2025-12-30T19:00:00+0000,0.006433,0.006434,0.006428,0.0064295,4547
2025-12-30T20:00:00+0000,0.0064295,0.006432,0.006429,0.006431,2186
2025-12-30T21:00:00+0000,0.0064305,0.0064345,0.0064305,0.0064315,825
2025-12-30T23:00:00+0000,0.0064355,0.0064365,0.0064305,0.006433,527
2025-12-31T00:00:00+0000,0.0064335,0.0064365,0.0064305,0.006434,1436
2025-12-31T01:00:00+0000,0.006434,0.0064355,0.0064315,0.006432,1808
2025-12-31T02:00:00+0000,0.006432,0.0064325,0.006429,0.00643,1361
2025-12-31T03:00:00+0000,0.00643,0.0064315,0.006429,0.0064295,756
2025-12-31T04:00:00+0000,0.0064295,0.0064295,0.006423,0.0064245,2057
2025-12-31T05:00:00+0000,0.0064245,0.006427,0.0064235,0.0064255,1333
2025-12-31T06:00:00+0000,0.006425,0.006426,0.0064225,0.0064245,1257
2025-12-31T07:00:00+0000,0.006425,0.006426,0.006423,0.006426,1892
2025-12-31T08:00:00+0000,0.0064265,0.006429,0.006425,0.006425,2357
2025-12-31T09:00:00+0000,0.006425,0.0064265,0.006423,0.006424,1552
2025-12-31T10:00:00+0000,0.006424,0.006425,0.006422,0.006423,1422
2025-12-31T11:00:00+0000,0.0064225,0.006425,0.006422,0.006425,1275
2025-12-31T12:00:00+0000,0.006425,0.006427,0.006423,0.0064255,2055
2025-12-31T13:00:00+0000,0.0064255,0.006426,0.0064155,0.0064165,4705
2025-12-31T14:00:00+0000,0.0064165,0.006417,0.0064105,0.0064115,4813
2025-12-31T15:00:00+0000,0.006412,0.0064205,0.006409,0.0064195,7404
2025-12-31T16:00:00+0000,0.0064195,0.006423,0.006415,0.0064165,6216
2025-12-31T17:00:00+0000,0.0064165,0.006418,0.0064145,0.006416,2742
2025-12-31T18:00:00+0000,0.0064155,0.0064165,0.006412,0.006413,2263
2025-12-31T19:00:00+0000,0.006414,0.006422,0.0064135,0.0064185,2824
2025-12-31T20:00:00+0000,0.0064185,0.006424,0.0064185,0.006423,1609
2025-12-31T21:00:00+0000,0.006423,0.0064245,0.0064195,0.006423,1234
2026-01-01T23:00:00+0000,0.006422,0.006422,0.0064125,0.0064195,3448
2026-01-02T00:00:00+0000,0.0064195,0.0064275,0.006418,0.0064265,3280
2026-01-02T01:00:00+0000,0.0064265,0.0064285,0.0064225,0.006424,3083
2026-01-02T02:00:00+0000,0.0064235,0.0064255,0.0064215,0.0064215,1433
2026-01-02T03:00:00+0000,0.006422,0.006423,0.00642,0.00642,1416
2026-01-02T04:00:00+0000,0.00642,0.00642,0.006414,0.0064155,1452
2026-01-02T05:00:00+0000,0.0064155,0.006416,0.006411,0.0064115,1633
2026-01-02T06:00:00+0000,0.0064115,0.006412,0.0064085,0.00641,3045
2026-01-02T07:00:00+0000,0.00641,0.006415,0.0064085,0.006414,3142
2026-01-02T08:00:00+0000,0.006414,0.0064155,0.0064085,0.0064135,4834
2026-01-02T09:00:00+0000,0.0064135,0.006418,0.006412,0.006412,3040
2026-01-02T10:00:00+0000,0.006412,0.0064165,0.0064115,0.006415,1530
2026-01-02T11:00:00+0000,0.0064155,0.0064155,0.006411,0.006412,1340
2026-01-02T12:00:00+0000,0.0064125,0.006414,0.0064085,0.006411,2509
2026-01-02T13:00:00+0000,0.0064105,0.0064155,0.00641,0.006412,3855
2026-01-02T14:00:00+0000,0.0064125,0.0064165,0.0064115,0.006414,3625
2026-01-02T15:00:00+0000,0.0064145,0.0064265,0.0064125,0.006425,8713
2026-01-02T16:00:00+0000,0.006425,0.0064265,0.0064175,0.00642,4926
2026-01-02T17:00:00+0000,0.0064195,0.0064205,0.006417,0.0064175,3362
2026-01-02T18:00:00+0000,0.006418,0.006418,0.0064105,0.0064125,3856
2026-01-02T19:00:00+0000,0.006413,0.006415,0.00641,0.0064145,4117
2026-01-02T20:00:00+0000,0.006414,0.006415,0.006412,0.0064135,1842
2026-01-02T21:00:00+0000,0.006413,0.006419,0.006413,0.006417,1299
2026-01-04T23:00:00+0000,0.0064155,0.006419,0.0064065,0.0064075,4862
2026-01-05T00:00:00+0000,0.0064075,0.0064105,0.006398,0.006402,9954
2026-01-05T01:00:00+0000,0.0064015,0.0064105,0.0064005,0.006407,7145
2026-01-05T02:00:00+0000,0.0064075,0.0064095,0.0063995,0.0064015,3969
2026-01-05T03:00:00+0000,0.0064015,0.0064025,0.006398,0.006398,3020
2026-01-05T04:00:00+0000,0.006398,0.0063985,0.006394,0.0063965,3413
2026-01-05T05:00:00+0000,0.006396,0.006403,0.0063955,0.0064005,2779
2026-01-05T06:00:00+0000,0.0064,0.006407,0.0063985,0.0064065,3442
2026-01-05T07:00:00+0000,0.006407,0.006409,0.006404,0.006408,4232
2026-01-05T08:00:00+0000,0.0064085,0.006421,0.006406,0.0064145,10855
2026-01-05T09:00:00+0000,0.006415,0.006417,0.006408,0.0064105,5106
2026-01-05T10:00:00+0000,0.006411,0.0064255,0.0064105,0.0064245,5971
2026-01-05T11:00:00+0000,0.0064245,0.0064275,0.0064215,0.0064235,7696
2026-01-05T12:00:00+0000,0.0064235,0.0064295,0.0064205,0.0064225,4196
2026-01-05T13:00:00+0000,0.0064225,0.0064225,0.0064085,0.006415,9833
2026-01-05T14:00:00+0000,0.0064155,0.00642,0.006414,0.006418,7508
2026-01-05T15:00:00+0000,0.0064185,0.0064305,0.006418,0.0064255,11971
2026-01-05T16:00:00+0000,0.006425,0.006437,0.0064245,0.0064355,9477
2026-01-05T17:00:00+0000,0.0064355,0.006438,0.006433,0.0064355,4375
2026-01-05T18:00:00+0000,0.0064355,0.006442,0.006434,0.0064415,2991
2026-01-05T19:00:00+0000,0.0064415,0.0064445,0.0064385,0.0064385,13049
2026-01-05T20:00:00+0000,0.006439,0.0064415,0.006435,0.006435,3002
2026-01-05T21:00:00+0000,0.0064355,0.006436,0.0064315,0.006432,2043
2026-01-05T23:00:00+0000,0.00643,0.00643,0.0064165,0.006423,4156
2026-01-06T00:00:00+0000,0.0064235,0.0064265,0.0064155,0.0064265,9242
2026-01-06T01:00:00+0000,0.0064265,0.0064295,0.0064195,0.0064295,5422
2026-01-06T02:00:00+0000,0.00643,0.006437,0.0064275,0.006436,3179
2026-01-06T03:00:00+0000,0.0064355,0.0064365,0.0064305,0.0064335,2991
2026-01-06T04:00:00+0000,0.0064335,0.0064385,0.00643,0.006433,2114
2026-01-06T05:00:00+0000,0.0064325,0.0064365,0.00643,0.006431,3010
2026-01-06T06:00:00+0000,0.006431,0.006435,0.0064285,0.006433,2807
2026-01-06T07:00:00+0000,0.0064335,0.006439,0.0064335,0.006435,3465
2026-01-06T08:00:00+0000,0.0064345,0.006442,0.0064325,0.006435,5064
2026-01-06T09:00:00+0000,0.006435,0.0064385,0.0064285,0.006433,3610
2026-01-06T10:00:00+0000,0.0064325,0.006437,0.006429,0.0064295,3364
2026-01-06T11:00:00+0000,0.0064295,0.0064315,0.006426,0.0064295,3127
2026-01-06T12:00:00+0000,0.00643,0.006436,0.006427,0.006428,3911
2026-01-06T13:00:00+0000,0.006428,0.006434,0.0064245,0.0064335,7010
2026-01-06T14:00:00+0000,0.0064335,0.006436,0.0064285,0.0064325,6477
2026-01-06T15:00:00+0000,0.0064315,0.0064315,0.00642,0.0064245,12413
2026-01-06T16:00:00+0000,0.0064245,0.006425,0.006418,0.006419,8063
2026-01-06T17:00:00+0000,0.0064195,0.0064205,0.0064175,0.0064195,8472
2026-01-06T18:00:00+0000,0.00642,0.006421,0.006417,0.0064175,5049
2026-01-06T19:00:00+0000,0.0064175,0.0064235,0.006417,0.006422,3008
2026-01-06T20:00:00+0000,0.006422,0.006425,0.0064215,0.0064215,2869
2026-01-06T21:00:00+0000,0.006422,0.0064225,0.0064195,0.0064205,1360
2026-01-06T23:00:00+0000,0.0064215,0.0064225,0.0064185,0.00642,1240
2026-01-07T00:00:00+0000,0.00642,0.0064255,0.0064145,0.0064215,6528
2026-01-07T01:00:00+0000,0.006422,0.0064245,0.006417,0.006418,4636
2026-01-07T02:00:00+0000,0.006418,0.0064215,0.0064175,0.006421,2470
2026-01-07T03:00:00+0000,0.006421,0.006427,0.0064205,0.0064245,3117
2026-01-07T04:00:00+0000,0.0064245,0.006427,0.006424,0.006426,2412
2026-01-07T05:00:00+0000,0.006426,0.0064325,0.006426,0.006432,3916
2026-01-07T06:00:00+0000,0.006432,0.0064355,0.0064315,0.0064335,4528
2026-01-07T07:00:00+0000,0.006434,0.006436,0.0064265,0.0064275,4205
2026-01-07T08:00:00+0000,0.006428,0.006429,0.0064235,0.006426,5026
2026-01-07T09:00:00+0000,0.006426,0.00643,0.006424,0.0064285,3363
2026-01-07T10:00:00+0000,0.0064285,0.0064295,0.006426,0.006426,2098
2026-01-07T11:00:00+0000,0.006426,0.0064265,0.006424,0.0064265,2157
2026-01-07T12:00:00+0000,0.006427,0.006428,0.0064245,0.0064265,1854
2026-01-07T13:00:00+0000,0.0064265,0.0064335,0.0064205,0.006431,7257
2026-01-07T14:00:00+0000,0.0064305,0.0064315,0.006425,0.0064315,5595
2026-01-07T15:00:00+0000,0.0064305,0.006431,0.0064175,0.00642,14014
2026-01-07T16:00:00+0000,0.0064195,0.0064215,0.0064145,0.006417,9125
2026-01-07T17:00:00+0000,0.006418,0.006424,0.006418,0.006422,3298
2026-01-07T18:00:00+0000,0.006422,0.0064235,0.0064185,0.006419,2697
2026-01-07T19:00:00+0000,0.0064195,0.00642,0.0064165,0.0064175,3232
2026-01-07T20:00:00+0000,0.0064175,0.006418,0.006415,0.0064165,2240
2026-01-07T21:00:00+0000,0.0064155,0.006417,0.0064145,0.0064155,1425
2026-01-07T23:00:00+0000,0.006418,0.0064185,0.0064145,0.0064165,1235
2026-01-08T00:00:00+0000,0.006417,0.006418,0.0064125,0.0064135,3774
2026-01-08T01:00:00+0000,0.006413,0.006416,0.0064065,0.006408,4545
2026-01-08T02:00:00+0000,0.006408,0.006412,0.006406,0.0064115,3041
2026-01-08T03:00:00+0000,0.006411,0.0064195,0.006411,0.006417,4754
2026-01-08T04:00:00+0000,0.006416,0.0064185,0.0064155,0.006417,2391
2026-01-08T05:00:00+0000,0.006417,0.006419,0.0064155,0.006418,2601
2026-01-08T06:00:00+0000,0.006418,0.0064255,0.0064175,0.0064215,5360
2026-01-08T07:00:00+0000,0.006422,0.006426,0.006417,0.006426,4571
2026-01-08T08:00:00+0000,0.0064265,0.006427,0.006416,0.0064165,5163
2026-01-08T09:00:00+0000,0.006416,0.0064195,0.006413,0.006415,3209
2026-01-08T10:00:00+0000,0.0064145,0.0064175,0.006413,0.0064175,2902
2026-01-08T11:00:00+0000,0.0064175,0.006418,0.0064135,0.006414,3096
2026-01-08T12:00:00+0000,0.006414,0.006417,0.006413,0.0064155,2188
2026-01-08T13:00:00+0000,0.006416,0.0064185,0.0064055,0.006406,8964
2026-01-08T14:00:00+0000,0.0064055,0.006407,0.006401,0.006406,14476
2026-01-08T15:00:00+0000,0.006406,0.006411,0.0064015,0.00641,7769
2026-01-08T16:00:00+0000,0.00641,0.0064105,0.006405,0.0064085,4700
2026-01-08T17:00:00+0000,0.0064085,0.0064135,0.006408,0.006412,3717
2026-01-08T18:00:00+0000,0.006412,0.006413,0.0064085,0.0064085,2204
2026-01-08T19:00:00+0000,0.0064085,0.0064085,0.0064045,0.006406,2104
2026-01-08T20:00:00+0000,0.0064055,0.0064075,0.0064045,0.0064065,2738
2026-01-08T21:00:00+0000,0.006406,0.0064115,0.0064045,0.0064095,1752
2026-01-08T23:00:00+0000,0.0064115,0.006412,0.0064065,0.0064095,1290
2026-01-09T00:00:00+0000,0.0064095,0.0064095,0.0064015,0.006404,4876
2026-01-09T01:00:00+0000,0.0064035,0.006404,0.0063965,0.006397,4272
2026-01-09T02:00:00+0000,0.0063975,0.006399,0.006393,0.006396,6598
2026-01-09T03:00:00+0000,0.0063965,0.006397,0.0063935,0.0063935,2349
2026-01-09T04:00:00+0000,0.006394,0.006396,0.0063915,0.006395,3581
2026-01-09T05:00:00+0000,0.006395,0.006395,0.0063875,0.0063885,5354
2026-01-09T06:00:00+0000,0.0063885,0.0063895,0.0063855,0.0063875,9674
2026-01-09T07:00:00+0000,0.0063875,0.006388,0.00638,0.006384,10309
2026-01-09T08:00:00+0000,0.006384,0.006385,0.006376,0.0063775,13952
2026-01-09T09:00:00+0000,0.0063775,0.00638,0.006374,0.006375,8986
2026-01-09T10:00:00+0000,0.0063745,0.006378,0.006374,0.0063775,4648
2026-01-09T11:00:00+0000,0.0063775,0.0063805,0.006376,0.0063805,1794
2026-01-09T12:00:00+0000,0.00638,0.006381,0.006375,0.0063775,4102
2026-01-09T13:00:00+0000,0.006377,0.006389,0.00636,0.006384,21355
2026-01-09T14:00:00+0000,0.006384,0.006389,0.006361,0.0063665,48806
2026-01-09T15:00:00+0000,0.006366,0.0063705,0.0063555,0.0063685,23507
2026-01-09T16:00:00+0000,0.006369,0.0063705,0.006358,0.00636,7957
2026-01-09T17:00:00+0000,0.0063605,0.0063635,0.006359,0.006361,4996
2026-01-09T18:00:00+0000,0.0063615,0.006369,0.0063605,0.006367,4783
2026-01-09T19:00:00+0000,0.006367,0.0063705,0.0063665,0.0063685,5943
2026-01-09T20:00:00+0000,0.006368,0.0063695,0.006367,0.006368,3974
2026-01-09T21:00:00+0000,0.0063685,0.0063695,0.006365,0.006368,2150
2026-01-11T23:00:00+0000,0.006363,0.006365,0.0063565,0.006358,4255
2026-01-12T00:00:00+0000,0.006358,0.0063815,0.0063555,0.006381,12573
2026-01-12T01:00:00+0000,0.006381,0.006383,0.0063735,0.006374,12016
2026-01-12T02:00:00+0000,0.006374,0.006377,0.0063605,0.0063615,8981
2026-01-12T03:00:00+0000,0.006362,0.0063655,0.0063585,0.006359,3435
2026-01-12T04:00:00+0000,0.0063585,0.006359,0.006356,0.006359,1446
2026-01-12T05:00:00+0000,0.006359,0.0063635,0.0063575,0.0063635,2408
2026-01-12T06:00:00+0000,0.006363,0.006365,0.0063605,0.006363,2660
2026-01-12T07:00:00+0000,0.006363,0.0063715,0.0063625,0.00637,4814
2026-01-12T08:00:00+0000,0.0063705,0.0063765,0.006369,0.006373,5776
2026-01-12T09:00:00+0000,0.0063725,0.006375,0.0063675,0.006368,3022
2026-01-12T10:00:00+0000,0.006368,0.00637,0.006365,0.0063695,2102
2026-01-12T11:00:00+0000,0.0063695,0.0063725,0.006367,0.006368,1983
2026-01-12T12:00:00+0000,0.0063675,0.0063715,0.0063655,0.0063695,2818
2026-01-12T13:00:00+0000,0.0063695,0.0063755,0.006368,0.00637,4767
2026-01-12T14:00:00+0000,0.00637,0.0063705,0.0063615,0.006366,8629
2026-01-12T15:00:00+0000,0.006366,0.0063695,0.006364,0.006365,8326
2026-01-12T16:00:00+0000,0.0063645,0.006366,0.006357,0.006357,6232
2026-01-12T17:00:00+0000,0.006357,0.006361,0.0063565,0.00636,3617
2026-01-12T18:00:00+0000,0.00636,0.0063615,0.0063575,0.006358,1929
2026-01-12T19:00:00+0000,0.006358,0.0063595,0.006357,0.006358,2023
2026-01-12T20:00:00+0000,0.0063575,0.006359,0.0063545,0.0063555,9538
2026-01-12T21:00:00+0000,0.0063555,0.0063585,0.006355,0.0063565,1708
2026-01-12T23:00:00+0000,0.006357,0.006367,0.0063555,0.0063635,5664
2026-01-13T00:00:00+0000,0.0063635,0.006364,0.0063515,0.0063565,7747
2026-01-13T01:00:00+0000,0.0063565,0.0063565,0.0063425,0.0063435,7668
2026-01-13T02:00:00+0000,0.006343,0.0063495,0.006335,0.0063355,8011
2026-01-13T03:00:00+0000,0.0063355,0.006337,0.0063295,0.00633,5874
2026-01-13T04:00:00+0000,0.00633,0.0063375,0.006325,0.0063335,10554
2026-01-13T05:00:00+0000,0.0063335,0.0063345,0.006329,0.0063315,3458
2026-01-13T06:00:00+0000,0.006331,0.0063325,0.006324,0.0063325,5504
2026-01-13T07:00:00+0000,0.006332,0.0063335,0.0063245,0.006325,7512
2026-01-13T08:00:00+0000,0.006325,0.006328,0.006321,0.0063255,9957
2026-01-13T09:00:00+0000,0.006325,0.00633,0.006322,0.006327,3618
2026-01-13T10:00:00+0000,0.0063275,0.0063305,0.0063255,0.0063305,2708
2026-01-13T11:00:00+0000,0.0063305,0.0063305,0.006325,0.0063285,1973
2026-01-13T12:00:00+0000,0.006329,0.006329,0.0063255,0.006327,2237
2026-01-13T13:00:00+0000,0.006327,0.0063415,0.0063245,0.0063275,15853
2026-01-13T14:00:00+0000,0.0063275,0.006331,0.0063225,0.006326,10397
2026-01-13T15:00:00+0000,0.006326,0.0063285,0.006319,0.006326,13782
2026-01-13T16:00:00+0000,0.0063255,0.006327,0.006315,0.00632,9293
2026-01-13T17:00:00+0000,0.00632,0.006324,0.006317,0.0063215,4765
2026-01-13T18:00:00+0000,0.0063215,0.006323,0.006319,0.0063215,2484
2026-01-13T19:00:00+0000,0.006321,0.006321,0.006317,0.0063185,2703
2026-01-13T20:00:00+0000,0.0063185,0.0063195,0.0063165,0.0063185,2718
2026-01-13T21:00:00+0000,0.006318,0.0063185,0.0063155,0.0063165,1024
2026-01-13T23:00:00+0000,0.0063175,0.0063185,0.006314,0.0063145,1700
2026-01-14T00:00:00+0000,0.0063145,0.0063185,0.0063105,0.006315,7634
2026-01-14T01:00:00+0000,0.0063145,0.0063145,0.006304,0.006309,9001
2026-01-14T02:00:00+0000,0.006309,0.006315,0.006307,0.006314,5274
2026-01-14T03:00:00+0000,0.006314,0.006319,0.006314,0.0063155,2777
2026-01-14T04:00:00+0000,0.006316,0.006317,0.0063125,0.006314,1705
2026-01-14T05:00:00+0000,0.006314,0.006316,0.0063085,0.006309,2288
2026-01-14T06:00:00+0000,0.0063085,0.006317,0.0063085,0.0063165,3449
2026-01-14T07:00:00+0000,0.006316,0.0063175,0.0063145,0.006315,2792
2026-01-14T08:00:00+0000,0.0063155,0.0063275,0.0063145,0.0063245,15227
2026-01-14T09:00:00+0000,0.0063255,0.0063355,0.006324,0.006332,11235
2026-01-14T10:00:00+0000,0.006332,0.006339,0.0063295,0.006335,7956
2026-01-14T11:00:00+0000,0.0063345,0.0063395,0.006329,0.0063335,7955
2026-01-14T12:00:00+0000,0.0063335,0.00636,0.0063335,0.00634,20762
2026-01-14T13:00:00+0000,0.00634,0.006342,0.0063325,0.0063385,7545
2026-01-14T14:00:00+0000,0.006338,0.0063555,0.0063355,0.006354,26313
2026-01-14T15:00:00+0000,0.0063535,0.006358,0.0063455,0.0063575,10556
2026-01-14T16:00:00+0000,0.006357,0.0063585,0.0063505,0.006357,7639
2026-01-14T17:00:00+0000,0.0063565,0.0063575,0.0063485,0.0063505,3528
2026-01-14T18:00:00+0000,0.00635,0.00635,0.006343,0.006343,3459
2026-01-14T19:00:00+0000,0.006343,0.006345,0.0063415,0.006342,4149
2026-01-14T20:00:00+0000,0.006342,0.0063435,0.006338,0.0063385,6349
2026-01-14T21:00:00+0000,0.0063385,0.0063445,0.006338,0.0063425,2088
2026-01-14T23:00:00+0000,0.006348,0.006351,0.006343,0.0063435,2752
2026-01-15T00:00:00+0000,0.006343,0.006345,0.006337,0.0063435,6852
2026-01-15T01:00:00+0000,0.0063435,0.0063515,0.0063425,0.006346,5846
2026-01-15T02:00:00+0000,0.0063455,0.006348,0.0063385,0.006339,4704
2026-01-15T03:00:00+0000,0.0063395,0.00634,0.0063345,0.0063395,3236
2026-01-15T04:00:00+0000,0.0063395,0.0063405,0.0063335,0.006336,1817
2026-01-15T05:00:00+0000,0.006336,0.006345,0.006335,0.0063425,3195
2026-01-15T06:00:00+0000,0.006343,0.0063445,0.0063335,0.006335,3632
2026-01-15T07:00:00+0000,0.0063355,0.0063415,0.0063305,0.0063365,4588
2026-01-15T08:00:00+0000,0.0063365,0.0063385,0.0063315,0.006332,4612
2026-01-15T09:00:00+0000,0.006332,0.0063485,0.006332,0.0063445,14768
2026-01-15T10:00:00+0000,0.0063445,0.006346,0.006341,0.0063415,2637
2026-01-15T11:00:00+0000,0.0063415,0.0063425,0.006337,0.0063375,2255
2026-01-15T12:00:00+0000,0.0063375,0.0063405,0.0063355,0.006336,3325
2026-01-15T13:00:00+0000,0.0063355,0.006338,0.0063255,0.0063265,8525
2026-01-15T14:00:00+0000,0.0063265,0.006334,0.0063245,0.00633,7669
2026-01-15T15:00:00+0000,0.00633,0.006341,0.00633,0.0063385,7210
2026-01-15T16:00:00+0000,0.006338,0.006343,0.006337,0.00634,5965
2026-01-15T17:00:00+0000,0.00634,0.006342,0.0063385,0.0063395,2247
2026-01-15T18:00:00+0000,0.0063395,0.006341,0.006339,0.00634,2320
2026-01-15T19:00:00+0000,0.00634,0.0063415,0.0063375,0.006339,1983
2026-01-15T20:00:00+0000,0.0063385,0.0063395,0.006334,0.006334,2035
2026-01-15T21:00:00+0000,0.0063345,0.006336,0.006333,0.0063355,2051
2026-01-15T23:00:00+0000,0.006335,0.006338,0.0063325,0.0063365,2792
2026-01-16T00:00:00+0000,0.006336,0.006339,0.0063315,0.006334,7938
2026-01-16T01:00:00+0000,0.006334,0.006341,0.0063325,0.006336,6681
2026-01-16T02:00:00+0000,0.0063365,0.006363,0.0063345,0.0063475,18470
2026-01-16T03:00:00+0000,0.006348,0.0063555,0.0063475,0.0063555,5516
2026-01-16T04:00:00+0000,0.0063555,0.0063565,0.006348,0.006349,3110
2026-01-16T05:00:00+0000,0.0063485,0.0063505,0.0063445,0.006345,3536
2026-01-16T06:00:00+0000,0.006345,0.0063465,0.0063415,0.0063445,4405
2026-01-16T07:00:00+0000,0.006345,0.0063565,0.0063435,0.006353,9808
2026-01-16T08:00:00+0000,0.006353,0.00636,0.00635,0.0063515,13161
2026-01-16T09:00:00+0000,0.0063515,0.006357,0.0063515,0.006352,7505
2026-01-16T10:00:00+0000,0.006352,0.006357,0.006351,0.006355,7698
2026-01-16T11:00:00+0000,0.006355,0.006358,0.006354,0.0063565,9751
2026-01-16T12:00:00+0000,0.006356,0.006357,0.006351,0.006354,15664
2026-01-16T13:00:00+0000,0.0063535,0.006362,0.0063535,0.0063595,7087
2026-01-16T14:00:00+0000,0.0063595,0.0063665,0.0063555,0.006364,8692
2026-01-16T15:00:00+0000,0.006364,0.0063675,0.006349,0.006357,26982
2026-01-16T16:00:00+0000,0.006357,0.006362,0.006356,0.006359,6499
2026-01-16T17:00:00+0000,0.006359,0.006359,0.0063535,0.0063545,2661
2026-01-16T18:00:00+0000,0.006354,0.006355,0.00635,0.0063525,3442
2026-01-16T19:00:00+0000,0.0063525,0.006356,0.006351,0.006355,4079
2026-01-16T20:00:00+0000,0.006355,0.0063585,0.006355,0.006357,2212
2026-01-16T21:00:00+0000,0.0063565,0.0063575,0.006354,0.0063565,1446
2026-01-18T23:00:00+0000,0.0063785,0.006396,0.006364,0.0063775,11287
2026-01-19T00:00:00+0000,0.0063775,0.0063815,0.0063635,0.0063805,9501
2026-01-19T01:00:00+0000,0.0063805,0.0063825,0.0063715,0.006372,5558
2026-01-19T02:00:00+0000,0.006372,0.006372,0.006362,0.0063645,4639
2026-01-19T03:00:00+0000,0.0063645,0.006367,0.0063615,0.006364,2928
2026-01-19T04:00:00+0000,0.006364,0.0063665,0.006362,0.0063665,2205
2026-01-19T05:00:00+0000,0.0063665,0.006369,0.0063615,0.006363,1398
2026-01-19T06:00:00+0000,0.0063625,0.0063685,0.006362,0.006367,1875
2026-01-19T07:00:00+0000,0.006367,0.0063695,0.0063545,0.0063565,7774
2026-01-19T08:00:00+0000,0.0063565,0.0063595,0.006353,0.0063585,10381
2026-01-19T09:00:00+0000,0.006358,0.006366,0.0063525,0.0063625,23492
2026-01-19T10:00:00+0000,0.0063625,0.0063665,0.0063595,0.0063645,6722
2026-01-19T11:00:00+0000,0.0063645,0.0063645,0.006355,0.006358,7611
2026-01-19T12:00:00+0000,0.0063575,0.0063625,0.006357,0.006359,5859
2026-01-19T13:00:00+0000,0.006359,0.006365,0.0063585,0.0063625,4487
2026-01-19T14:00:00+0000,0.0063625,0.006365,0.006361,0.0063635,6875
2026-01-19T15:00:00+0000,0.0063635,0.006365,0.006356,0.0063565,7827
2026-01-19T16:00:00+0000,0.006357,0.006358,0.0063535,0.006356,10841
2026-01-19T17:00:00+0000,0.0063565,0.006359,0.006355,0.006358,2776
2026-01-19T18:00:00+0000,0.006358,0.006359,0.006356,0.006356,358
2026-01-19T19:00:00+0000,0.0063565,0.0063565,0.0063545,0.006356,635
2026-01-19T20:00:00+0000,0.0063565,0.0063565,0.0063535,0.0063545,484
2026-01-19T21:00:00+0000,0.006354,0.006355,0.006353,0.006353,386
2026-01-19T23:00:00+0000,0.006353,0.0063545,0.0063495,0.006352,4958
2026-01-20T00:00:00+0000,0.0063525,0.006363,0.0063475,0.0063615,13308
2026-01-20T01:00:00+0000,0.006361,0.0063655,0.006351,0.006361,13041
2026-01-20T02:00:00+0000,0.006361,0.006361,0.006356,0.0063575,4616
2026-01-20T03:00:00+0000,0.006358,0.006363,0.006358,0.00636,5008
2026-01-20T04:00:00+0000,0.0063605,0.0063635,0.0063545,0.006358,5635
2026-01-20T05:00:00+0000,0.006358,0.006361,0.006354,0.006355,6200
2026-01-20T06:00:00+0000,0.006355,0.006355,0.0063395,0.006342,12169
2026-01-20T07:00:00+0000,0.0063425,0.0063465,0.0063345,0.0063445,16200
2026-01-20T08:00:00+0000,0.0063445,0.0063695,0.006343,0.0063665,35344
2026-01-20T09:00:00+0000,0.006367,0.006377,0.006367,0.00637,26445
2026-01-20T10:00:00+0000,0.00637,0.0063715,0.006361,0.006367,10268
2026-01-20T11:00:00+0000,0.006367,0.006372,0.0063625,0.0063695,14766
2026-01-20T12:00:00+0000,0.0063695,0.006373,0.0063635,0.0063645,14498
2026-01-20T13:00:00+0000,0.0063645,0.006381,0.0063595,0.0063655,41491
2026-01-20T14:00:00+0000,0.0063655,0.0063705,0.006356,0.0063575,44820
2026-01-20T15:00:00+0000,0.0063575,0.006365,0.006354,0.006362,12794
2026-01-20T16:00:00+0000,0.006362,0.006365,0.006356,0.0063635,7048
2026-01-20T17:00:00+0000,0.006363,0.006365,0.0063595,0.006361,3706
2026-01-20T18:00:00+0000,0.006361,0.006361,0.0063565,0.006357,4151
2026-01-20T19:00:00+0000,0.006357,0.006357,0.0063465,0.0063475,12838
2026-01-20T20:00:00+0000,0.006347,0.0063515,0.006347,0.006351,5855
2026-01-20T21:00:00+0000,0.0063505,0.0063535,0.00635,0.0063515,1125
2026-01-20T23:00:00+0000,0.006352,0.006357,0.00635,0.0063525,4425
2026-01-21T00:00:00+0000,0.006352,0.006354,0.0063475,0.006354,8083
2026-01-21T01:00:00+0000,0.006354,0.0063645,0.0063515,0.00636,9223
2026-01-21T02:00:00+0000,0.00636,0.006363,0.0063555,0.006362,3408
2026-01-21T03:00:00+0000,0.006362,0.0063625,0.0063525,0.006355,4159
2026-01-21T04:00:00+0000,0.0063545,0.0063585,0.006353,0.006357,3072
2026-01-21T05:00:00+0000,0.0063565,0.006357,0.006349,0.00635,3812
2026-01-21T06:00:00+0000,0.00635,0.006355,0.006348,0.0063525,2893
2026-01-21T07:00:00+0000,0.006352,0.0063635,0.0063515,0.0063615,6358
2026-01-21T08:00:00+0000,0.006362,0.006366,0.006359,0.0063635,6646
2026-01-21T09:00:00+0000,0.0063635,0.006365,0.006357,0.006358,3989
2026-01-21T10:00:00+0000,0.0063585,0.006359,0.0063545,0.0063575,3118
2026-01-21T11:00:00+0000,0.006357,0.006362,0.006355,0.0063615,3613
2026-01-21T12:00:00+0000,0.006362,0.006369,0.006361,0.006367,6132
2026-01-21T13:00:00+0000,0.006367,0.006368,0.006361,0.0063625,5886
2026-01-21T14:00:00+0000,0.0063625,0.006363,0.006352,0.006354,13882
2026-01-21T15:00:00+0000,0.0063535,0.0063555,0.006346,0.00635,15538
2026-01-21T16:00:00+0000,0.00635,0.006356,0.006348,0.0063515,8408
2026-01-21T17:00:00+0000,0.006352,0.006357,0.00635,0.0063525,4192
2026-01-21T18:00:00+0000,0.0063525,0.006354,0.0063485,0.0063495,2123
2026-01-21T19:00:00+0000,0.0063495,0.006353,0.006337,0.006343,13992
2026-01-21T20:00:00+0000,0.006343,0.006345,0.006338,0.006343,3388
2026-01-21T21:00:00+0000,0.0063435,0.0063475,0.0063415,0.006345,2225
2026-01-21T23:00:00+0000,0.006345,0.006346,0.0063375,0.006338,1671
2026-01-22T00:00:00+0000,0.0063385,0.0063495,0.006337,0.006347,6323
2026-01-22T01:00:00+0000,0.006347,0.006348,0.006342,0.0063425,3633
2026-01-22T02:00:00+0000,0.0063425,0.006343,0.0063375,0.0063375,3414
2026-01-22T03:00:00+0000,0.0063375,0.0063405,0.006333,0.006334,6071
2026-01-22T04:00:00+0000,0.006334,0.006334,0.0063285,0.0063305,4590
2026-01-22T05:00:00+0000,0.00633,0.0063315,0.006327,0.006328,2752
2026-01-22T06:00:00+0000,0.0063275,0.0063285,0.006323,0.0063255,3490
2026-01-22T07:00:00+0000,0.006325,0.006326,0.006321,0.0063255,5037
2026-01-22T08:00:00+0000,0.0063255,0.006327,0.0063225,0.006326,3659
2026-01-22T09:00:00+0000,0.006326,0.0063325,0.0063255,0.006329,4947
2026-01-22T10:00:00+0000,0.006329,0.0063315,0.006326,0.0063315,3017
2026-01-22T11:00:00+0000,0.0063315,0.0063355,0.0063285,0.0063335,5303
2026-01-22T12:00:00+0000,0.006333,0.006335,0.0063235,0.006324,4337
2026-01-22T13:00:00+0000,0.006324,0.006332,0.00631,0.0063285,7977
2026-01-22T14:00:00+0000,0.006329,0.0063355,0.006326,0.006332,6864
2026-01-22T15:00:00+0000,0.0063325,0.006343,0.0063305,0.0063405,12070
2026-01-22T16:00:00+0000,0.0063405,0.0063465,0.00634,0.006342,7337
2026-01-22T17:00:00+0000,0.0063425,0.006348,0.0063355,0.006344,12490
2026-01-22T18:00:00+0000,0.0063445,0.006346,0.0063435,0.0063445,3271
2026-01-22T19:00:00+0000,0.0063445,0.006345,0.006338,0.00634,4384
2026-01-22T20:00:00+0000,0.00634,0.0063435,0.006339,0.0063395,3250
2026-01-22T21:00:00+0000,0.0063395,0.0063415,0.006338,0.00634,2021
2026-01-22T23:00:00+0000,0.00634,0.006342,0.0063345,0.0063365,2368
2026-01-23T00:00:00+0000,0.0063365,0.0063385,0.0063325,0.006335,5049
2026-01-23T01:00:00+0000,0.0063355,0.006337,0.006329,0.0063305,4120
2026-01-23T02:00:00+0000,0.0063305,0.006336,0.0063285,0.006332,4152
2026-01-23T03:00:00+0000,0.006332,0.0063365,0.0063255,0.006331,5639
2026-01-23T04:00:00+0000,0.006331,0.0063345,0.006329,0.0063345,2004
2026-01-23T05:00:00+0000,0.006334,0.006337,0.006331,0.006331,2686
2026-01-23T06:00:00+0000,0.006331,0.006334,0.0063175,0.006321,9013
2026-01-23T07:00:00+0000,0.006321,0.006389,0.0063065,0.0063405,46159
2026-01-23T08:00:00+0000,0.0063405,0.0063525,0.006336,0.006351,18625
2026-01-23T09:00:00+0000,0.006351,0.006362,0.00635,0.006356,14069
2026-01-23T10:00:00+0000,0.006356,0.006356,0.006346,0.0063485,5756
2026-01-23T11:00:00+0000,0.0063485,0.0063505,0.006343,0.0063505,8112
2026-01-23T12:00:00+0000,0.0063505,0.006352,0.0063455,0.0063495,3793
2026-01-23T13:00:00+0000,0.0063495,0.0063525,0.0063445,0.0063455,4906
2026-01-23T14:00:00+0000,0.006345,0.0063475,0.0063425,0.0063455,6819
2026-01-23T15:00:00+0000,0.006346,0.0063525,0.006344,0.0063515,6983
2026-01-23T16:00:00+0000,0.006352,0.0063815,0.006347,0.006374,25321
2026-01-23T17:00:00+0000,0.0063735,0.0064325,0.0063715,0.0064225,57740
2026-01-23T18:00:00+0000,0.0064225,0.006437,0.0064115,0.0064315,21450
2026-01-23T19:00:00+0000,0.0064315,0.006452,0.006427,0.0064425,22936
2026-01-23T20:00:00+0000,0.006442,0.0064505,0.006439,0.0064455,12158
2026-01-23T21:00:00+0000,0.006445,0.006454,0.006443,0.0064495,4648
2026-01-25T23:00:00+0000,0.0065,0.006501,0.0064665,0.0064725,18938
2026-01-26T00:00:00+0000,0.0064725,0.0064925,0.006464,0.006485,23104
2026-01-26T01:00:00+0000,0.0064855,0.006508,0.0064815,0.0065025,20069
2026-01-26T02:00:00+0000,0.0065025,0.0065255,0.0065005,0.006521,20908
2026-01-26T03:00:00+0000,0.0065215,0.0065225,0.0065065,0.006512,10906
2026-01-26T04:00:00+0000,0.006512,0.006529,0.006509,0.006519,10259
2026-01-26T05:00:00+0000,0.0065195,0.0065235,0.006516,0.006516,5578
2026-01-26T06:00:00+0000,0.006516,0.0065195,0.006503,0.0065105,8738
2026-01-26T07:00:00+0000,0.0065105,0.0065245,0.0065075,0.0065105,10722
2026-01-26T08:00:00+0000,0.00651,0.0065465,0.006506,0.006524,24864
2026-01-26T09:00:00+0000,0.0065245,0.0065405,0.006515,0.006535,19897
2026-01-26T10:00:00+0000,0.006535,0.006541,0.006526,0.0065395,9804
2026-01-26T11:00:00+0000,0.0065395,0.0065505,0.006528,0.006532,10971
2026-01-26T12:00:00+0000,0.006532,0.006532,0.006513,0.006515,11825
2026-01-26T13:00:00+0000,0.0065155,0.0065225,0.0065065,0.0065185,13438
2026-01-26T14:00:00+0000,0.0065185,0.006534,0.006515,0.006532,9712
2026-01-26T15:00:00+0000,0.006532,0.006537,0.0065255,0.006529,15174
2026-01-26T16:00:00+0000,0.0065285,0.006533,0.0065195,0.006526,12754
2026-01-26T17:00:00+0000,0.006526,0.006527,0.006516,0.006522,7337
2026-01-26T18:00:00+0000,0.006522,0.0065255,0.0065125,0.0065135,5536
2026-01-26T19:00:00+0000,0.006514,0.00652,0.006509,0.0065195,25293
2026-01-26T20:00:00+0000,0.006519,0.0065265,0.0065145,0.0065175,9314
2026-01-26T21:00:00+0000,0.006517,0.0065185,0.0065095,0.0065135,2460
2026-01-26T23:00:00+0000,0.0065135,0.0065165,0.006502,0.006504,4486
2026-01-27T00:00:00+0000,0.006504,0.0065155,0.006501,0.006508,9603
2026-01-27T01:00:00+0000,0.006508,0.0065105,0.006503,0.006506,10061
2026-01-27T02:00:00+0000,0.006506,0.006517,0.006505,0.0065095,6215
2026-01-27T03:00:00+0000,0.0065095,0.00651,0.0065005,0.006503,4101
2026-01-27T04:00:00+0000,0.0065025,0.006503,0.0064935,0.006495,5126
2026-01-27T05:00:00+0000,0.0064955,0.006502,0.0064935,0.006499,3749
2026-01-27T06:00:00+0000,0.0064995,0.006505,0.006495,0.006498,4810
2026-01-27T07:00:00+0000,0.006498,0.0065005,0.0064875,0.0064895,6618
2026-01-27T08:00:00+0000,0.00649,0.0064935,0.006483,0.006491,7392
2026-01-27T09:00:00+0000,0.006491,0.0065565,0.006489,0.0065315,30289
2026-01-27T10:00:00+0000,0.006531,0.006539,0.006512,0.0065315,17228
2026-01-27T11:00:00+0000,0.0065315,0.0065385,0.00653,0.0065315,6859
2026-01-27T12:00:00+0000,0.006532,0.006552,0.0065285,0.00655,14698
2026-01-27T13:00:00+0000,0.00655,0.006563,0.0065445,0.006552,30258
2026-01-27T14:00:00+0000,0.006552,0.006566,0.0065465,0.0065535,18499
2026-01-27T15:00:00+0000,0.0065535,0.0065685,0.0065485,0.0065525,19588
2026-01-27T16:00:00+0000,0.0065525,0.006565,0.0065515,0.0065615,8334
2026-01-27T17:00:00+0000,0.006561,0.00658,0.0065565,0.006573,16376
2026-01-27T18:00:00+0000,0.006573,0.0065815,0.0065675,0.006573,7585
2026-01-27T19:00:00+0000,0.0065725,0.0065755,0.0065695,0.0065755,7137
2026-01-27T20:00:00+0000,0.0065745,0.0066025,0.0065695,0.0065895,33193
2026-01-27T21:00:00+0000,0.0065895,0.006599,0.0065855,0.0065975,4852
2026-01-27T23:00:00+0000,0.0065945,0.006596,0.0065785,0.006584,6592
2026-01-28T00:00:00+0000,0.006584,0.0065865,0.006574,0.006578,11810
2026-01-28T01:00:00+0000,0.006578,0.0065795,0.0065625,0.0065625,9788
2026-01-28T02:00:00+0000,0.0065625,0.006571,0.0065595,0.0065695,6572
2026-01-28T03:00:00+0000,0.0065695,0.006577,0.0065695,0.0065745,5150
2026-01-28T04:00:00+0000,0.0065745,0.0065825,0.006569,0.006581,3317
2026-01-28T05:00:00+0000,0.0065815,0.0065845,0.006574,0.0065785,5603
2026-01-28T06:00:00+0000,0.006578,0.006581,0.006574,0.0065775,3580
2026-01-28T07:00:00+0000,0.006578,0.0065935,0.0065735,0.0065775,7292
2026-01-28T08:00:00+0000,0.006578,0.006588,0.0065705,0.006578,13995
2026-01-28T09:00:00+0000,0.0065775,0.0065815,0.0065725,0.0065745,8368
2026-01-28T10:00:00+0000,0.0065745,0.0065905,0.0065745,0.006581,8538
2026-01-28T11:00:00+0000,0.0065805,0.0065815,0.006574,0.0065795,7003
2026-01-28T12:00:00+0000,0.0065795,0.0065885,0.006578,0.006581,9970
2026-01-28T13:00:00+0000,0.006581,0.0065815,0.006566,0.0065685,12764
2026-01-28T14:00:00+0000,0.0065685,0.006577,0.0065625,0.00657,21573
2026-01-28T15:00:00+0000,0.00657,0.006572,0.006531,0.0065425,92649
2026-01-28T16:00:00+0000,0.006542,0.0065445,0.0065285,0.0065365,20105
2026-01-28T17:00:00+0000,0.0065365,0.0065395,0.0065295,0.0065395,7038
2026-01-28T18:00:00+0000,0.00654,0.00654,0.0065215,0.0065255,8006
2026-01-28T19:00:00+0000,0.006528,0.0065425,0.0065175,0.006541,19784
2026-01-28T20:00:00+0000,0.0065415,0.0065495,0.006538,0.006546,11846
2026-01-28T21:00:00+0000,0.0065465,0.00655,0.0065425,0.006544,4760
2026-01-28T23:00:00+0000,0.006546,0.0065595,0.0065425,0.006557,7074
2026-01-29T00:00:00+0000,0.006557,0.006571,0.0065515,0.006557,17366
2026-01-29T01:00:00+0000,0.0065565,0.0065575,0.0065455,0.0065495,11375
2026-01-29T02:00:00+0000,0.006549,0.0065595,0.006544,0.006556,9803
2026-01-29T03:00:00+0000,0.0065555,0.006565,0.006553,0.006564,5780
2026-01-29T04:00:00+0000,0.006564,0.006565,0.0065505,0.006562,7013
2026-01-29T05:00:00+0000,0.0065615,0.006565,0.0065565,0.0065595,3756
2026-01-29T06:00:00+0000,0.0065595,0.006564,0.006554,0.006559,6033
2026-01-29T07:00:00+0000,0.0065585,0.006561,0.0065425,0.0065475,5916
2026-01-29T08:00:00+0000,0.006547,0.0065535,0.006541,0.006547,9351
2026-01-29T09:00:00+0000,0.006547,0.0065545,0.0065445,0.0065475,6304
2026-01-29T10:00:00+0000,0.006547,0.006549,0.0065415,0.006542,4730
2026-01-29T11:00:00+0000,0.006542,0.0065445,0.006538,0.0065405,6158
2026-01-29T12:00:00+0000,0.006541,0.006551,0.0065405,0.006551,5991
2026-01-29T13:00:00+0000,0.006551,0.0065525,0.006543,0.0065465,7898
2026-01-29T14:00:00+0000,0.0065465,0.0065605,0.006544,0.006558,12742
2026-01-29T15:00:00+0000,0.006557,0.0065745,0.0065385,0.006569,41106
2026-01-29T16:00:00+0000,0.0065685,0.006572,0.0065585,0.006566,15471
2026-01-29T17:00:00+0000,0.006565,0.006569,0.0065615,0.006565,8053
2026-01-29T18:00:00+0000,0.0065645,0.006565,0.006554,0.00656,5832
2026-01-29T19:00:00+0000,0.0065595,0.0065595,0.006553,0.0065575,6743
2026-01-29T20:00:00+0000,0.0065575,0.0065595,0.0065515,0.006556,6166
2026-01-29T21:00:00+0000,0.0065555,0.006558,0.006553,0.006557,2651
2026-01-29T23:00:00+0000,0.0065575,0.0065655,0.006552,0.0065535,4218
2026-01-30T00:00:00+0000,0.0065535,0.0065565,0.006532,0.0065385,15098
2026-01-30T01:00:00+0000,0.0065385,0.0065405,0.006526,0.006528,10565
2026-01-30T02:00:00+0000,0.006528,0.0065325,0.006518,0.006525,15754
2026-01-30T03:00:00+0000,0.006525,0.006527,0.0065185,0.0065195,5605
2026-01-30T04:00:00+0000,0.006519,0.006524,0.0065185,0.0065205,3355
2026-01-30T05:00:00+0000,0.0065205,0.006527,0.0065115,0.0065205,7762
2026-01-30T06:00:00+0000,0.006521,0.0065285,0.006518,0.006521,8752
2026-01-30T07:00:00+0000,0.006521,0.0065295,0.0065155,0.006526,8824
2026-01-30T08:00:00+0000,0.006526,0.00653,0.006519,0.00652,9812
2026-01-30T09:00:00+0000,0.00652,0.00652,0.0065055,0.0065055,11877
2026-01-30T10:00:00+0000,0.006506,0.0065135,0.006501,0.006511,10076
2026-01-30T11:00:00+0000,0.0065105,0.0065235,0.00651,0.0065235,7603
2026-01-30T12:00:00+0000,0.006523,0.006526,0.0065145,0.0065155,8795
2026-01-30T13:00:00+0000,0.006516,0.006518,0.0065015,0.0065015,13539
2026-01-30T14:00:00+0000,0.006502,0.006507,0.006495,0.0064975,12698
2026-01-30T15:00:00+0000,0.0064975,0.006508,0.006485,0.0065075,29031
2026-01-30T16:00:00+0000,0.0065075,0.00651,0.006501,0.006503,19521
2026-01-30T17:00:00+0000,0.006503,0.006504,0.006495,0.0064985,9953
2026-01-30T18:00:00+0000,0.0064985,0.0065055,0.00649,0.0065005,14719
2026-01-30T19:00:00+0000,0.0065005,0.0065025,0.006488,0.0064945,11830
2026-01-30T20:00:00+0000,0.0064945,0.006495,0.0064845,0.0064855,8414
2026-01-30T21:00:00+0000,0.006485,0.0064875,0.0064835,0.006485,3106
2026-02-01T23:00:00+0000,0.006468,0.0064715,0.006453,0.006466,14286
2026-02-02T00:00:00+0000,0.006466,0.0064825,0.0064635,0.0064655,12675
2026-02-02T01:00:00+0000,0.006465,0.006475,0.006458,0.0064735,9243
2026-02-02T02:00:00+0000,0.0064735,0.0064815,0.0064685,0.006469,10922
2026-02-02T03:00:00+0000,0.0064695,0.006479,0.0064685,0.0064755,6105
2026-02-02T04:00:00+0000,0.0064765,0.0064855,0.006476,0.0064815,7671
2026-02-02T05:00:00+0000,0.0064815,0.006485,0.006476,0.0064795,7128
2026-02-02T06:00:00+0000,0.00648,0.0064935,0.0064755,0.0064915,10034
2026-02-02T07:00:00+0000,0.0064915,0.0064925,0.0064785,0.006479,7150
2026-02-02T08:00:00+0000,0.006479,0.0064855,0.006472,0.006476,10124
2026-02-02T09:00:00+0000,0.006476,0.0064855,0.006475,0.0064845,8921
2026-02-02T10:00:00+0000,0.0064845,0.0064865,0.0064795,0.006485,6311
2026-02-02T11:00:00+0000,0.0064845,0.0064865,0.00648,0.006485,5795
2026-02-02T12:00:00+0000,0.006485,0.006487,0.0064745,0.006477,3632
2026-02-02T13:00:00+0000,0.0064775,0.0064775,0.006462,0.006466,8458
2026-02-02T14:00:00+0000,0.006465,0.0064685,0.006458,0.0064615,7253
2026-02-02T15:00:00+0000,0.0064615,0.006462,0.006445,0.006447,14624
2026-02-02T16:00:00+0000,0.006447,0.0064545,0.0064465,0.0064535,6075
2026-02-02T17:00:00+0000,0.0064535,0.0064575,0.0064515,0.006453,4117
2026-02-02T18:00:00+0000,0.0064535,0.006454,0.0064435,0.006447,3674
2026-02-02T19:00:00+0000,0.0064475,0.006449,0.006442,0.0064485,7307
2026-02-02T20:00:00+0000,0.006449,0.006453,0.006447,0.0064505,3967
2026-02-02T21:00:00+0000,0.006451,0.006453,0.0064485,0.006449,1560
2026-02-02T23:00:00+0000,0.0064525,0.0064565,0.006449,0.0064545,1553
2026-02-03T00:00:00+0000,0.0064545,0.006456,0.0064495,0.006455,4753
2026-02-03T01:00:00+0000,0.006455,0.006457,0.0064485,0.0064545,3359
2026-02-03T02:00:00+0000,0.006454,0.006459,0.0064515,0.0064515,4387
2026-02-03T03:00:00+0000,0.006452,0.0064575,0.0064505,0.0064545,2322
2026-02-03T04:00:00+0000,0.0064545,0.006464,0.0064535,0.006457,2262
2026-02-03T05:00:00+0000,0.0064575,0.00646,0.0064545,0.0064565,1135
2026-02-03T06:00:00+0000,0.006456,0.0064595,0.006454,0.006457,1619
2026-02-03T07:00:00+0000,0.006457,0.0064615,0.0064525,0.0064575,3040
2026-02-03T08:00:00+0000,0.0064575,0.0064585,0.0064495,0.006452,5253
2026-02-03T09:00:00+0000,0.006452,0.0064525,0.0064375,0.006438,6119
2026-02-03T10:00:00+0000,0.006438,0.006441,0.0064345,0.0064355,3408
2026-02-03T11:00:00+0000,0.0064355,0.0064375,0.0064325,0.0064345,2843
2026-02-03T12:00:00+0000,0.0064345,0.0064385,0.0064345,0.006438,2985
2026-02-03T13:00:00+0000,0.0064375,0.006442,0.006437,0.0064375,5617
2026-02-03T14:00:00+0000,0.0064375,0.006441,0.006429,0.006438,8405
2026-02-03T15:00:00+0000,0.006439,0.006445,0.006435,0.006444,8047
2026-02-03T16:00:00+0000,0.0064445,0.006447,0.0064415,0.0064445,5556
2026-02-03T17:00:00+0000,0.006445,0.006452,0.006444,0.006444,5085
2026-02-03T18:00:00+0000,0.006444,0.006449,0.0064405,0.0064475,4682
2026-02-03T19:00:00+0000,0.006447,0.0064475,0.0064405,0.006442,4704
2026-02-03T20:00:00+0000,0.006442,0.0064455,0.0064405,0.006444,2693
2026-02-03T21:00:00+0000,0.006444,0.006445,0.00644,0.0064445,842
2026-02-03T23:00:00+0000,0.0064435,0.006445,0.006438,0.00644,1080
2026-02-04T00:00:00+0000,0.00644,0.00644,0.0064305,0.006431,4656
2026-02-04T01:00:00+0000,0.0064305,0.006431,0.006424,0.0064265,6446
2026-02-04T02:00:00+0000,0.0064265,0.006427,0.00642,0.006421,4251
2026-02-04T03:00:00+0000,0.006421,0.0064215,0.0064155,0.006419,4586
2026-02-04T04:00:00+0000,0.0064185,0.006422,0.006417,0.0064205,2315
2026-02-04T05:00:00+0000,0.0064205,0.006422,0.006417,0.0064195,2306
2026-02-04T06:00:00+0000,0.0064195,0.0064225,0.006416,0.0064175,2865
2026-02-04T07:00:00+0000,0.006417,0.0064195,0.0064125,0.0064145,3464
2026-02-04T08:00:00+0000,0.0064145,0.006416,0.0064115,0.006413,3711
2026-02-04T09:00:00+0000,0.006413,0.0064155,0.0064045,0.006406,4223
2026-02-04T10:00:00+0000,0.0064055,0.0064065,0.006399,0.0064015,4125
2026-02-04T11:00:00+0000,0.0064015,0.006403,0.0063965,0.006399,3367
2026-02-04T12:00:00+0000,0.0063985,0.0064075,0.006398,0.006406,3569
2026-02-04T13:00:00+0000,0.0064065,0.006413,0.006401,0.0064125,5332
2026-02-04T14:00:00+0000,0.0064125,0.006415,0.006408,0.006413,8046
2026-02-04T15:00:00+0000,0.006413,0.006418,0.006403,0.0064045,11449
2026-02-04T16:00:00+0000,0.006405,0.0064095,0.006402,0.0064065,7246
2026-02-04T17:00:00+0000,0.006407,0.0064135,0.0064035,0.006404,5443
2026-02-04T18:00:00+0000,0.0064045,0.006406,0.0064,0.0064,3332
2026-02-04T19:00:00+0000,0.0064,0.0064015,0.0063955,0.0063985,4439
2026-02-04T20:00:00+0000,0.006398,0.006399,0.006393,0.006394,2411
2026-02-04T21:00:00+0000,0.0063935,0.0063965,0.006393,0.006396,709
2026-02-04T23:00:00+0000,0.006396,0.006398,0.006392,0.006393,2176
2026-02-05T00:00:00+0000,0.0063935,0.006401,0.0063895,0.006398,4270
2026-02-05T01:00:00+0000,0.0063985,0.0063985,0.006391,0.0063945,3195
2026-02-05T02:00:00+0000,0.006395,0.0063985,0.0063905,0.006394,4664
2026-02-05T03:00:00+0000,0.0063945,0.0064025,0.0063925,0.006398,3343
2026-02-05T04:00:00+0000,0.006398,0.006398,0.0063945,0.0063965,1778
2026-02-05T05:00:00+0000,0.0063965,0.006397,0.0063895,0.00639,1674
2026-02-05T06:00:00+0000,0.0063905,0.0063955,0.0063865,0.006389,3651
2026-02-05T07:00:00+0000,0.006389,0.0063925,0.006381,0.006385,5093
2026-02-05T08:00:00+0000,0.0063845,0.006389,0.006383,0.0063885,3914
2026-02-05T09:00:00+0000,0.006389,0.0063895,0.0063755,0.0063755,3337
2026-02-05T10:00:00+0000,0.0063765,0.0063825,0.0063755,0.0063795,2195
2026-02-05T11:00:00+0000,0.0063795,0.0063845,0.0063775,0.0063835,1926
2026-02-05T12:00:00+0000,0.006383,0.006395,0.006378,0.0063915,7687
2026-02-05T13:00:00+0000,0.0063915,0.0064105,0.0063915,0.0064065,14209
2026-02-05T14:00:00+0000,0.0064065,0.0064065,0.0063925,0.006394,9929
2026-02-05T15:00:00+0000,0.0063945,0.006408,0.006394,0.0063965,16663
2026-02-05T16:00:00+0000,0.0063965,0.0063975,0.0063885,0.006393,6176
2026-02-05T17:00:00+0000,0.0063925,0.006398,0.006392,0.006397,2725
2026-02-05T18:00:00+0000,0.006398,0.006399,0.0063935,0.0063955,2297
2026-02-05T19:00:00+0000,0.006396,0.006398,0.0063925,0.0063935,2165
2026-02-05T20:00:00+0000,0.0063935,0.0063945,0.006387,0.006388,3346
2026-02-05T21:00:00+0000,0.006388,0.006389,0.0063855,0.0063885,1956
2026-02-05T23:00:00+0000,0.006389,0.0064005,0.0063865,0.0063975,4161
2026-02-06T00:00:00+0000,0.006397,0.0064055,0.0063955,0.006403,9382
2026-02-06T01:00:00+0000,0.0064025,0.006409,0.006397,0.0064025,6794
2026-02-06T02:00:00+0000,0.006403,0.006403,0.0063955,0.0063995,5082
2026-02-06T03:00:00+0000,0.0064,0.006402,0.006398,0.0063995,2448
2026-02-06T04:00:00+0000,0.0064,0.006404,0.0063985,0.0064025,1735
2026-02-06T05:00:00+0000,0.006403,0.006405,0.006398,0.0063985,2072
2026-02-06T06:00:00+0000,0.0063985,0.0063985,0.0063925,0.0063975,3937
2026-02-06T07:00:00+0000,0.006397,0.0064025,0.006393,0.006393,3454
2026-02-06T08:00:00+0000,0.0063935,0.0063975,0.0063895,0.0063895,3230
2026-02-06T09:00:00+0000,0.0063895,0.00639,0.0063855,0.006387,4233
2026-02-06T10:00:00+0000,0.0063865,0.0063925,0.0063855,0.0063905,1660
2026-02-06T11:00:00+0000,0.0063905,0.006391,0.006382,0.006387,4971
2026-02-06T12:00:00+0000,0.0063875,0.006389,0.006383,0.0063855,3459
2026-02-06T13:00:00+0000,0.0063855,0.006393,0.0063835,0.0063915,5651
2026-02-06T14:00:00+0000,0.006392,0.0063975,0.006391,0.006394,6174
2026-02-06T15:00:00+0000,0.0063945,0.0063955,0.0063845,0.0063955,11250
2026-02-06T16:00:00+0000,0.006395,0.0063955,0.006384,0.006385,5680
2026-02-06T17:00:00+0000,0.0063845,0.006389,0.0063835,0.0063865,3646
2026-02-06T18:00:00+0000,0.006387,0.0063885,0.0063845,0.006385,2946
2026-02-06T19:00:00+0000,0.006385,0.006386,0.006383,0.0063845,3207
2026-02-06T20:00:00+0000,0.0063845,0.006386,0.006383,0.0063845,2810
2026-02-06T21:00:00+0000,0.0063845,0.0063855,0.006378,0.0063795,2549
2026-02-08T23:00:00+0000,0.006364,0.006385,0.0063585,0.0063775,8568
2026-02-09T00:00:00+0000,0.006378,0.006402,0.006376,0.006393,12193
2026-02-09T01:00:00+0000,0.0063925,0.0064205,0.006391,0.006403,12195
2026-02-09T02:00:00+0000,0.006403,0.0064035,0.0063895,0.0063945,4890
2026-02-09T03:00:00+0000,0.006394,0.0063975,0.006391,0.006393,2075
2026-02-09T04:00:00+0000,0.0063925,0.006402,0.0063925,0.0064005,2215
2026-02-09T05:00:00+0000,0.0064005,0.006408,0.0064,0.006404,2321
2026-02-09T06:00:00+0000,0.006404,0.0064165,0.006404,0.0064075,6394
2026-02-09T07:00:00+0000,0.006408,0.006416,0.006401,0.006404,4028
2026-02-09T08:00:00+0000,0.0064045,0.006406,0.0063965,0.0064045,5062
2026-02-09T09:00:00+0000,0.006405,0.0064125,0.0064005,0.0064025,4030
2026-02-09T10:00:00+0000,0.0064025,0.006405,0.006398,0.006401,3202
2026-02-09T11:00:00+0000,0.0064005,0.006412,0.006398,0.0064095,2825
2026-02-09T12:00:00+0000,0.00641,0.006415,0.006406,0.006413,5313
2026-02-09T13:00:00+0000,0.0064135,0.006433,0.0064125,0.006432,19187
2026-02-09T14:00:00+0000,0.006432,0.006449,0.0064315,0.0064445,20703
2026-02-09T15:00:00+0000,0.0064455,0.0064465,0.006433,0.0064355,11431
2026-02-09T16:00:00+0000,0.006435,0.006436,0.006423,0.0064255,6608
2026-02-09T17:00:00+0000,0.0064255,0.0064305,0.006423,0.00643,3651
2026-02-09T18:00:00+0000,0.00643,0.006433,0.0064275,0.006433,3855
2026-02-09T19:00:00+0000,0.0064325,0.0064435,0.006431,0.006441,11170
2026-02-09T20:00:00+0000,0.0064405,0.006441,0.0064335,0.006434,4123
2026-02-09T21:00:00+0000,0.0064345,0.006435,0.006432,0.0064345,2538
2026-02-09T23:00:00+0000,0.0064325,0.0064365,0.006422,0.006423,2948
2026-02-10T00:00:00+0000,0.0064225,0.0064295,0.0064165,0.006429,7102
2026-02-10T01:00:00+0000,0.006429,0.0064415,0.006426,0.0064395,8094
2026-02-10T02:00:00+0000,0.006439,0.0064545,0.006435,0.0064545,8571
2026-02-10T03:00:00+0000,0.006454,0.0064635,0.0064535,0.006456,8454
2026-02-10T04:00:00+0000,0.006456,0.0064655,0.0064545,0.006459,5362
2026-02-10T05:00:00+0000,0.006459,0.0064665,0.006456,0.006457,4752
2026-02-10T06:00:00+0000,0.006457,0.006458,0.0064515,0.0064525,4748
2026-02-10T07:00:00+0000,0.0064525,0.0064585,0.006444,0.0064465,5395
2026-02-10T08:00:00+0000,0.0064465,0.0064495,0.006443,0.006447,5446
2026-02-10T09:00:00+0000,0.006447,0.0064595,0.0064465,0.006458,5249
2026-02-10T10:00:00+0000,0.0064575,0.006468,0.0064575,0.006464,6910
2026-02-10T11:00:00+0000,0.006464,0.006465,0.006457,0.0064585,3940
2026-02-10T12:00:00+0000,0.0064585,0.006467,0.0064565,0.0064625,5130
2026-02-10T13:00:00+0000,0.006462,0.0064815,0.0064605,0.00648,19030
2026-02-10T14:00:00+0000,0.0064805,0.006503,0.006478,0.0064955,25424
2026-02-10T15:00:00+0000,0.006495,0.006509,0.006492,0.006503,25099
2026-02-10T16:00:00+0000,0.0065035,0.0065095,0.0064975,0.0065,13685
2026-02-10T17:00:00+0000,0.0064995,0.0065055,0.006494,0.0064955,7831
2026-02-10T18:00:00+0000,0.006496,0.006496,0.0064885,0.0064905,6035
2026-02-10T19:00:00+0000,0.00649,0.0064995,0.0064865,0.006498,8359
2026-02-10T20:00:00+0000,0.006498,0.0065015,0.006496,0.0064975,6320
2026-02-10T21:00:00+0000,0.0064975,0.0064985,0.0064935,0.006496,3732
2026-02-10T23:00:00+0000,0.006493,0.006496,0.00649,0.006491,2143
2026-02-11T00:00:00+0000,0.006491,0.006512,0.00649,0.0065095,8792
2026-02-11T01:00:00+0000,0.00651,0.006519,0.0065095,0.006513,12025
2026-02-11T02:00:00+0000,0.006513,0.0065285,0.0065125,0.0065285,11986
2026-02-11T03:00:00+0000,0.0065285,0.0065315,0.006523,0.006531,8015
2026-02-11T04:00:00+0000,0.0065305,0.0065435,0.00653,0.006541,8665
2026-02-11T05:00:00+0000,0.006541,0.0065545,0.006538,0.0065525,12305
2026-02-11T06:00:00+0000,0.0065525,0.006563,0.0065465,0.0065485,15846
2026-02-11T07:00:00+0000,0.0065485,0.006551,0.0065405,0.00655,11022
2026-02-11T08:00:00+0000,0.0065495,0.006553,0.006541,0.006548,8582
2026-02-11T09:00:00+0000,0.006548,0.00655,0.006537,0.006546,5151
2026-02-11T10:00:00+0000,0.0065455,0.006547,0.00654,0.0065415,5191
2026-02-11T11:00:00+0000,0.0065405,0.0065405,0.006532,0.006533,5559
2026-02-11T12:00:00+0000,0.006533,0.0065345,0.006526,0.0065285,9389
2026-02-11T13:00:00+0000,0.006529,0.006564,0.006484,0.006519,78796
2026-02-11T14:00:00+0000,0.0065185,0.0065395,0.006513,0.0065355,25268
2026-02-11T15:00:00+0000,0.006535,0.006547,0.006525,0.006528,20329
2026-02-11T16:00:00+0000,0.0065285,0.006557,0.006525,0.006557,14757
2026-02-11T17:00:00+0000,0.0065575,0.006574,0.006553,0.0065615,18909
2026-02-11T18:00:00+0000,0.006562,0.006573,0.0065555,0.006567,6216
2026-02-11T19:00:00+0000,0.006567,0.006567,0.0065565,0.006557,9210
2026-02-11T20:00:00+0000,0.0065565,0.006558,0.0065435,0.006546,6444
2026-02-11T21:00:00+0000,0.006545,0.0065455,0.0065405,0.0065425,3005
2026-02-11T23:00:00+0000,0.0065465,0.006549,0.0065395,0.006541,2680
2026-02-12T00:00:00+0000,0.0065405,0.0065485,0.006533,0.006547,11237
2026-02-12T01:00:00+0000,0.006547,0.006561,0.006545,0.0065585,12143
2026-02-12T02:00:00+0000,0.006558,0.006573,0.006557,0.006572,9120
2026-02-12T03:00:00+0000,0.006572,0.0065835,0.0065675,0.006571,10838
2026-02-12T04:00:00+0000,0.006571,0.006577,0.006558,0.0065585,8970
2026-02-12T05:00:00+0000,0.0065585,0.00656,0.006544,0.0065475,6693
2026-02-12T06:00:00+0000,0.0065475,0.0065545,0.006529,0.0065385,20571
2026-02-12T07:00:00+0000,0.006539,0.0065585,0.0065375,0.0065505,8170
2026-02-12T08:00:00+0000,0.006551,0.00656,0.0065495,0.006556,9321
2026-02-12T09:00:00+0000,0.0065555,0.006561,0.006552,0.0065555,5367
2026-02-12T10:00:00+0000,0.006556,0.0065565,0.0065475,0.0065475,5334
2026-02-12T11:00:00+0000,0.006547,0.0065505,0.006538,0.0065385,5443
2026-02-12T12:00:00+0000,0.0065385,0.00654,0.0065195,0.0065235,9929
2026-02-12T13:00:00+0000,0.006524,0.0065425,0.0065215,0.0065405,13169
2026-02-12T14:00:00+0000,0.0065405,0.006554,0.006535,0.006551,15053
2026-02-12T15:00:00+0000,0.006551,0.006568,0.006549,0.0065675,15189
2026-02-12T16:00:00+0000,0.006567,0.006579,0.00656,0.006567,31944
2026-02-12T17:00:00+0000,0.006567,0.0065715,0.0065565,0.006558,10454
2026-02-12T18:00:00+0000,0.0065585,0.006563,0.0065535,0.0065545,6499
2026-02-12T19:00:00+0000,0.006555,0.0065575,0.0065525,0.006556,4434
2026-02-12T20:00:00+0000,0.006556,0.0065655,0.006555,0.0065655,4886
2026-02-12T21:00:00+0000,0.006565,0.0065665,0.006561,0.006563,2482
2026-02-12T23:00:00+0000,0.0065645,0.0065655,0.006557,0.006561,3738
2026-02-13T00:00:00+0000,0.0065615,0.0065635,0.0065535,0.006562,10389
2026-02-13T01:00:00+0000,0.006562,0.0065625,0.006537,0.0065405,9773
2026-02-13T02:00:00+0000,0.006541,0.00655,0.006539,0.006545,4189
2026-02-13T03:00:00+0000,0.0065455,0.0065585,0.0065455,0.006554,5091
2026-02-13T04:00:00+0000,0.0065545,0.0065585,0.0065415,0.0065415,5039
2026-02-13T05:00:00+0000,0.0065415,0.006549,0.006535,0.00654,5002
2026-02-13T06:00:00+0000,0.006539,0.006547,0.0065345,0.006535,5537
2026-02-13T07:00:00+0000,0.0065355,0.006538,0.0065265,0.0065345,6297
2026-02-13T08:00:00+0000,0.0065345,0.0065365,0.006524,0.006527,7591
2026-02-13T09:00:00+0000,0.006527,0.0065325,0.0065235,0.0065305,4938
2026-02-13T10:00:00+0000,0.0065305,0.0065335,0.0065265,0.006533,3837
2026-02-13T11:00:00+0000,0.0065335,0.0065425,0.0065325,0.0065365,5659
2026-02-13T12:00:00+0000,0.006537,0.006542,0.006535,0.0065415,5043
2026-02-13T13:00:00+0000,0.0065415,0.0065565,0.0065375,0.0065495,17630
2026-02-13T14:00:00+0000,0.006549,0.0065615,0.006547,0.0065505,17231
2026-02-13T15:00:00+0000,0.0065505,0.0065565,0.006546,0.006547,29237
2026-02-13T16:00:00+0000,0.006547,0.0065635,0.006543,0.006561,12227
2026-02-13T17:00:00+0000,0.0065615,0.00657,0.006558,0.0065605,7734
2026-02-13T18:00:00+0000,0.0065605,0.0065625,0.006557,0.0065595,4816
2026-02-13T19:00:00+0000,0.006559,0.006564,0.006558,0.0065615,4457
2026-02-13T20:00:00+0000,0.006562,0.006567,0.006559,0.0065625,5540
2026-02-13T21:00:00+0000,0.0065625,0.0065685,0.006562,0.0065665,2879
2026-02-15T23:00:00+0000,0.006568,0.0065705,0.006557,0.00656,3415
2026-02-16T00:00:00+0000,0.0065605,0.0065615,0.006547,0.0065475,4979
2026-02-16T01:00:00+0000,0.006547,0.006553,0.0065445,0.0065505,3294
2026-02-16T02:00:00+0000,0.006551,0.006553,0.0065465,0.0065505,2366
2026-02-16T03:00:00+0000,0.006551,0.0065515,0.006547,0.0065485,2004
2026-02-16T04:00:00+0000,0.006548,0.006552,0.006541,0.0065415,2773
2026-02-16T05:00:00+0000,0.006542,0.006545,0.006541,0.006543,2566
2026-02-16T06:00:00+0000,0.0065425,0.0065485,0.0065415,0.0065455,1671
2026-02-16T07:00:00+0000,0.006546,0.006546,0.0065345,0.0065365,2777
2026-02-16T08:00:00+0000,0.006537,0.0065425,0.006532,0.006537,3854
2026-02-16T09:00:00+0000,0.006537,0.006539,0.006525,0.006527,6630
2026-02-16T10:00:00+0000,0.0065265,0.006529,0.006524,0.006529,3988
2026-02-16T11:00:00+0000,0.0065285,0.0065365,0.0065275,0.0065355,4039
2026-02-16T12:00:00+0000,0.006536,0.0065375,0.006534,0.0065355,2111
2026-02-16T13:00:00+0000,0.006535,0.0065385,0.0065325,0.006537,3165
2026-02-16T14:00:00+0000,0.0065375,0.006541,0.0065345,0.006536,2903
2026-02-16T15:00:00+0000,0.0065365,0.0065385,0.006531,0.0065315,4042
2026-02-16T16:00:00+0000,0.006532,0.0065345,0.006527,0.0065305,4312
2026-02-16T17:00:00+0000,0.0065305,0.006532,0.0065275,0.0065315,1265
2026-02-16T18:00:00+0000,0.0065315,0.0065315,0.0065285,0.0065295,972
2026-02-16T19:00:00+0000,0.00653,0.006531,0.0065285,0.0065305,696
2026-02-16T20:00:00+0000,0.0065305,0.006532,0.00653,0.00653,548
2026-02-16T21:00:00+0000,0.00653,0.00653,0.006528,0.0065295,408
2026-02-16T23:00:00+0000,0.0065285,0.006529,0.0065185,0.006527,3200
2026-02-17T00:00:00+0000,0.0065275,0.006544,0.006526,0.006543,10383
2026-02-17T01:00:00+0000,0.0065435,0.006545,0.006534,0.0065445,7017
2026-02-17T02:00:00+0000,0.006545,0.006549,0.0065395,0.006545,5006
2026-02-17T03:00:00+0000,0.0065455,0.0065505,0.006543,0.0065435,6593
2026-02-17T04:00:00+0000,0.006543,0.0065515,0.006541,0.006547,4676
2026-02-17T05:00:00+0000,0.006547,0.0065555,0.0065445,0.006553,5690
2026-02-17T06:00:00+0000,0.006553,0.0065575,0.0065525,0.006553,7234
2026-02-17T07:00:00+0000,0.006553,0.0065585,0.0065465,0.0065475,4318
2026-02-17T08:00:00+0000,0.0065475,0.0065625,0.0065435,0.0065625,8045
2026-02-17T09:00:00+0000,0.0065625,0.0065635,0.006553,0.006555,4222
2026-02-17T10:00:00+0000,0.0065545,0.006557,0.006547,0.006551,4590
2026-02-17T11:00:00+0000,0.0065505,0.0065525,0.006543,0.006545,5126
2026-02-17T12:00:00+0000,0.0065455,0.006548,0.0065425,0.006548,4745
2026-02-17T13:00:00+0000,0.0065475,0.0065495,0.006534,0.006539,12073
2026-02-17T14:00:00+0000,0.006539,0.006539,0.006528,0.0065315,13095
2026-02-17T15:00:00+0000,0.006531,0.0065315,0.006511,0.006517,20671
2026-02-17T16:00:00+0000,0.0065165,0.00653,0.006515,0.0065265,9806
2026-02-17T17:00:00+0000,0.006527,0.0065325,0.006526,0.0065305,4416
2026-02-17T18:00:00+0000,0.006531,0.006538,0.0065305,0.0065355,3801
2026-02-17T19:00:00+0000,0.006536,0.006542,0.006534,0.00654,16041
2026-02-17T20:00:00+0000,0.00654,0.006543,0.006538,0.0065385,5730
2026-02-17T21:00:00+0000,0.0065385,0.0065415,0.0065375,0.0065395,1730
2026-02-17T23:00:00+0000,0.0065395,0.0065455,0.0065375,0.006545,3644
2026-02-18T00:00:00+0000,0.006545,0.0065475,0.006537,0.0065405,10001
2026-02-18T01:00:00+0000,0.0065405,0.0065405,0.0065305,0.0065315,5834
2026-02-18T02:00:00+0000,0.006531,0.006531,0.0065205,0.006528,5943
2026-02-18T03:00:00+0000,0.006528,0.0065305,0.0065245,0.0065245,3618
2026-02-18T04:00:00+0000,0.0065245,0.006528,0.0065235,0.0065255,2665
2026-02-18T05:00:00+0000,0.0065245,0.006531,0.006524,0.006531,1654
2026-02-18T06:00:00+0000,0.006531,0.0065335,0.006528,0.0065325,2985
2026-02-18T07:00:00+0000,0.006532,0.006533,0.0065195,0.006522,4756
2026-02-18T08:00:00+0000,0.0065215,0.0065255,0.0065165,0.0065195,7536
2026-02-18T09:00:00+0000,0.0065195,0.006523,0.006516,0.0065195,4017
2026-02-18T10:00:00+0000,0.006519,0.006521,0.0065135,0.0065155,4020
2026-02-18T11:00:00+0000,0.0065155,0.0065225,0.006515,0.0065205,2877
2026-02-18T12:00:00+0000,0.0065205,0.006527,0.0065165,0.0065215,5220
2026-02-18T13:00:00+0000,0.0065215,0.006524,0.00651,0.00651,13051
2026-02-18T14:00:00+0000,0.0065105,0.0065115,0.006489,0.0064915,24913
2026-02-18T15:00:00+0000,0.0064915,0.0064975,0.0064895,0.0064955,13031
2026-02-18T16:00:00+0000,0.0064955,0.006498,0.006487,0.0064885,7282
2026-02-18T17:00:00+0000,0.006489,0.0064905,0.006482,0.006485,5751
2026-02-18T18:00:00+0000,0.006485,0.0064855,0.0064745,0.0064755,5900
2026-02-18T19:00:00+0000,0.0064765,0.0064945,0.006471,0.0064775,30248
2026-02-18T20:00:00+0000,0.006477,0.0064785,0.0064725,0.0064735,6816
2026-02-18T21:00:00+0000,0.006474,0.006475,0.006472,0.0064725,2261
2026-02-18T23:00:00+0000,0.0064665,0.006477,0.0064665,0.006477,3345
2026-02-19T00:00:00+0000,0.0064765,0.0064795,0.0064705,0.0064745,7232
2026-02-19T01:00:00+0000,0.0064745,0.006478,0.006464,0.0064655,6859
2026-02-19T02:00:00+0000,0.0064655,0.0064735,0.0064615,0.006464,5851
2026-02-19T03:00:00+0000,0.0064635,0.0064665,0.006452,0.0064575,7063
2026-02-19T04:00:00+0000,0.006458,0.006459,0.0064515,0.0064585,3732
2026-02-19T05:00:00+0000,0.0064585,0.0064595,0.00645,0.006451,4337
2026-02-19T06:00:00+0000,0.006451,0.0064655,0.006449,0.0064605,5836
2026-02-19T07:00:00+0000,0.0064605,0.006466,0.006456,0.0064645,4926
2026-02-19T08:00:00+0000,0.0064645,0.006476,0.0064625,0.0064715,9667
2026-02-19T09:00:00+0000,0.0064715,0.006474,0.006465,0.006472,4895
2026-02-19T10:00:00+0000,0.0064715,0.0064775,0.00647,0.006476,3771
2026-02-19T11:00:00+0000,0.006476,0.006482,0.006475,0.0064795,4161
2026-02-19T12:00:00+0000,0.0064795,0.006483,0.0064715,0.006472,6075
2026-02-19T13:00:00+0000,0.006472,0.0064725,0.006462,0.0064675,10497
2026-02-19T14:00:00+0000,0.006467,0.006468,0.0064515,0.006455,12712
2026-02-19T15:00:00+0000,0.0064545,0.0064655,0.006453,0.0064635,9578
2026-02-19T16:00:00+0000,0.0064635,0.0064695,0.006463,0.0064645,5358
2026-02-19T17:00:00+0000,0.006465,0.006467,0.0064625,0.0064625,2894
2026-02-19T18:00:00+0000,0.006463,0.006471,0.0064625,0.0064685,3414
2026-02-19T19:00:00+0000,0.006469,0.006471,0.006458,0.0064605,4283
2026-02-19T20:00:00+0000,0.00646,0.006463,0.0064585,0.00646,2027
2026-02-19T21:00:00+0000,0.00646,0.0064655,0.0064595,0.0064635,1736
2026-02-19T23:00:00+0000,0.0064645,0.0064665,0.006454,0.006455,3311
2026-02-20T00:00:00+0000,0.0064545,0.0064675,0.0064535,0.00646,7907
2026-02-20T01:00:00+0000,0.00646,0.0064645,0.00645,0.006457,6703
2026-02-20T02:00:00+0000,0.0064575,0.0064605,0.0064535,0.0064545,2035
2026-02-20T03:00:00+0000,0.006455,0.006459,0.006454,0.006457,1019
2026-02-20T04:00:00+0000,0.006457,0.00646,0.0064535,0.0064545,1317
2026-02-20T05:00:00+0000,0.0064545,0.0064555,0.0064475,0.0064505,2010
2026-02-20T06:00:00+0000,0.0064505,0.006457,0.006447,0.006456,3099
2026-02-20T07:00:00+0000,0.0064565,0.006465,0.006442,0.006443,7340
2026-02-20T08:00:00+0000,0.0064425,0.0064505,0.0064375,0.0064395,10663
2026-02-20T09:00:00+0000,0.00644,0.0064475,0.0064365,0.0064465,4714
2026-02-20T10:00:00+0000,0.0064465,0.0064565,0.006445,0.0064555,2826
2026-02-20T11:00:00+0000,0.006456,0.006458,0.006452,0.006454,3327
2026-02-20T12:00:00+0000,0.0064535,0.0064555,0.00645,0.006453,3044
2026-02-20T13:00:00+0000,0.0064525,0.006466,0.0064445,0.0064455,7893
2026-02-20T14:00:00+0000,0.006446,0.006455,0.006441,0.0064465,5744
2026-02-20T15:00:00+0000,0.0064475,0.006473,0.0064405,0.0064695,32549
2026-02-20T16:00:00+0000,0.006469,0.006475,0.006459,0.0064635,9762
2026-02-20T17:00:00+0000,0.0064635,0.0064655,0.006455,0.006463,5372
2026-02-20T18:00:00+0000,0.006463,0.006471,0.0064595,0.0064625,4158
2026-02-20T19:00:00+0000,0.0064625,0.0064645,0.006455,0.006458,4290
2026-02-20T20:00:00+0000,0.0064575,0.0064635,0.006456,0.0064605,3292
2026-02-20T21:00:00+0000,0.00646,0.006465,0.0064595,0.0064605,1324
2026-02-22T23:00:00+0000,0.006467,0.0064915,0.0064645,0.0064905,5310
2026-02-23T00:00:00+0000,0.0064905,0.0065025,0.0064855,0.0065025,8138
2026-02-23T01:00:00+0000,0.006503,0.0065055,0.0064935,0.006496,6944
2026-02-23T02:00:00+0000,0.0064965,0.0065025,0.0064935,0.0064965,3732
2026-02-23T03:00:00+0000,0.0064955,0.0064955,0.006487,0.0064945,3357
2026-02-23T04:00:00+0000,0.0064945,0.006496,0.006486,0.0064885,1835
2026-02-23T05:00:00+0000,0.0064885,0.006489,0.0064845,0.0064865,1532
2026-02-23T06:00:00+0000,0.0064865,0.0064955,0.006484,0.0064855,2805
2026-02-23T07:00:00+0000,0.006486,0.006486,0.0064795,0.006485,4996
2026-02-23T08:00:00+0000,0.006485,0.0064855,0.0064725,0.0064745,6492
2026-02-23T09:00:00+0000,0.0064745,0.0064785,0.0064685,0.006471,3376
2026-02-23T10:00:00+0000,0.006471,0.0064735,0.0064675,0.0064715,2512
2026-02-23T11:00:00+0000,0.0064715,0.0064735,0.006465,0.0064665,2652
2026-02-23T12:00:00+0000,0.006466,0.0064695,0.0064615,0.0064675,4212
2026-02-23T13:00:00+0000,0.006467,0.006481,0.006465,0.006479,7515
2026-02-23T14:00:00+0000,0.006479,0.006482,0.0064705,0.006482,6214
2026-02-23T15:00:00+0000,0.006482,0.00649,0.0064815,0.006487,10734
2026-02-23T16:00:00+0000,0.0064875,0.0064935,0.0064855,0.0064925,8155
2026-02-23T17:00:00+0000,0.006493,0.006496,0.0064875,0.0064885,6182
2026-02-23T18:00:00+0000,0.0064885,0.0064885,0.006478,0.0064845,6645
2026-02-23T19:00:00+0000,0.006484,0.006485,0.006477,0.006479,5703
2026-02-23T20:00:00+0000,0.006479,0.0064795,0.0064745,0.0064755,3109
2026-02-23T21:00:00+0000,0.006475,0.0064785,0.006473,0.0064775,2325
2026-02-23T23:00:00+0000,0.0064785,0.0064825,0.006475,0.0064765,4193
2026-02-24T00:00:00+0000,0.0064765,0.006478,0.006468,0.0064685,5726
2026-02-24T01:00:00+0000,0.0064685,0.006469,0.006457,0.0064635,9361
2026-02-24T02:00:00+0000,0.0064635,0.006468,0.006458,0.006466,4795
2026-02-24T03:00:00+0000,0.0064665,0.0064685,0.0064575,0.0064575,2891
2026-02-24T04:00:00+0000,0.0064575,0.00646,0.0064495,0.0064525,4232
2026-02-24T05:00:00+0000,0.006452,0.0064555,0.0064495,0.0064555,2576
2026-02-24T06:00:00+0000,0.0064555,0.0064635,0.0064545,0.0064635,3049
2026-02-24T07:00:00+0000,0.006463,0.006465,0.006414,0.006417,34865
2026-02-24T08:00:00+0000,0.006417,0.0064245,0.006409,0.006423,15828
2026-02-24T09:00:00+0000,0.006423,0.006432,0.006422,0.006427,5390
2026-02-24T10:00:00+0000,0.0064265,0.0064315,0.0064235,0.0064255,5272
2026-02-24T11:00:00+0000,0.0064255,0.006434,0.0064235,0.006426,4465
2026-02-24T12:00:00+0000,0.006426,0.006428,0.00642,0.006426,5057
2026-02-24T13:00:00+0000,0.0064255,0.00643,0.006417,0.0064185,7484
2026-02-24T14:00:00+0000,0.0064185,0.0064245,0.006414,0.006422,7752
2026-02-24T15:00:00+0000,0.0064215,0.006429,0.0064165,0.0064245,10272
2026-02-24T16:00:00+0000,0.0064245,0.006438,0.006424,0.0064345,9625
2026-02-24T17:00:00+0000,0.006435,0.0064365,0.0064305,0.006431,3405
2026-02-24T18:00:00+0000,0.0064315,0.0064345,0.0064295,0.00643,2773
2026-02-24T19:00:00+0000,0.00643,0.0064335,0.0064285,0.00643,4766
2026-02-24T20:00:00+0000,0.00643,0.006432,0.006426,0.006426,4649
2026-02-24T21:00:00+0000,0.006426,0.0064275,0.006424,0.006425,1726
2026-02-24T23:00:00+0000,0.006426,0.006431,0.0064245,0.0064245,1463
2026-02-25T00:00:00+0000,0.006425,0.0064345,0.0064205,0.006434,5728
2026-02-25T01:00:00+0000,0.006434,0.0064365,0.006427,0.00643,4420
2026-02-25T02:00:00+0000,0.00643,0.006445,0.0064285,0.0064425,7750
2026-02-25T03:00:00+0000,0.006443,0.006448,0.0064185,0.006428,8560
2026-02-25T04:00:00+0000,0.0064275,0.006433,0.0064185,0.0064315,2852
2026-02-25T05:00:00+0000,0.0064315,0.006438,0.006429,0.006437,2889
2026-02-25T06:00:00+0000,0.0064375,0.00644,0.006429,0.0064325,4612
2026-02-25T07:00:00+0000,0.006432,0.0064335,0.0064235,0.006424,4040
2026-02-25T08:00:00+0000,0.006424,0.006424,0.006408,0.006408,9522
2026-02-25T09:00:00+0000,0.006408,0.006408,0.006393,0.006398,17177
2026-02-25T10:00:00+0000,0.0063975,0.006398,0.0063885,0.006389,6798
2026-02-25T11:00:00+0000,0.0063885,0.0063905,0.0063865,0.0063875,4184
2026-02-25T12:00:00+0000,0.006388,0.0063935,0.006388,0.0063925,4773
2026-02-25T13:00:00+0000,0.0063925,0.0063965,0.0063895,0.006392,5251
2026-02-25T14:00:00+0000,0.0063925,0.0064025,0.0063895,0.0063955,9869
2026-02-25T15:00:00+0000,0.0063955,0.0064065,0.0063955,0.0064055,11168
2026-02-25T16:00:00+0000,0.006405,0.006408,0.006401,0.006408,5405
2026-02-25T17:00:00+0000,0.0064075,0.006411,0.0064055,0.006407,3976
2026-02-25T18:00:00+0000,0.006407,0.0064095,0.006404,0.006404,2668
2026-02-25T19:00:00+0000,0.0064045,0.0064055,0.0063985,0.006402,3837
2026-02-25T20:00:00+0000,0.0064025,0.0064065,0.0064015,0.006402,5110
2026-02-25T21:00:00+0000,0.006402,0.006406,0.0064005,0.0064035,2227
2026-02-25T23:00:00+0000,0.0064065,0.006414,0.006404,0.006412,2606
2026-02-26T00:00:00+0000,0.0064115,0.0064205,0.0064085,0.0064195,7061
2026-02-26T01:00:00+0000,0.006419,0.0064265,0.006417,0.006426,5521
2026-02-26T02:00:00+0000,0.0064255,0.0064295,0.006417,0.0064215,4506
2026-02-26T03:00:00+0000,0.0064215,0.006427,0.006419,0.0064215,2481
2026-02-26T04:00:00+0000,0.0064215,0.0064235,0.0064145,0.006423,2437
2026-02-26T05:00:00+0000,0.0064225,0.0064315,0.00642,0.006421,4480
2026-02-26T06:00:00+0000,0.0064215,0.0064235,0.006416,0.0064195,3634
2026-02-26T07:00:00+0000,0.0064195,0.0064195,0.006412,0.0064165,3660
2026-02-26T08:00:00+0000,0.006417,0.006422,0.0064115,0.006419,4556
2026-02-26T09:00:00+0000,0.006419,0.0064225,0.0064155,0.006416,2172
2026-02-26T10:00:00+0000,0.0064155,0.0064205,0.006415,0.00642,2087
2026-02-26T11:00:00+0000,0.0064205,0.006422,0.0064155,0.0064155,2112
2026-02-26T12:00:00+0000,0.0064155,0.0064195,0.0064125,0.006416,2556
2026-02-26T13:00:00+0000,0.006416,0.0064215,0.0064115,0.006412,5613
2026-02-26T14:00:00+0000,0.006412,0.0064255,0.006408,0.006422,8146
2026-02-26T15:00:00+0000,0.006422,0.006425,0.0064135,0.006417,12297
2026-02-26T16:00:00+0000,0.006417,0.0064175,0.006407,0.0064135,5897
2026-02-26T17:00:00+0000,0.006413,0.0064135,0.006402,0.0064025,5164
2026-02-26T18:00:00+0000,0.006403,0.006407,0.0064005,0.006403,5408
2026-02-26T19:00:00+0000,0.006403,0.006414,0.006403,0.0064135,4575
2026-02-26T20:00:00+0000,0.0064135,0.0064165,0.0064125,0.0064135,3417
2026-02-26T21:00:00+0000,0.006413,0.0064165,0.0064125,0.006413,1673
2026-02-26T23:00:00+0000,0.0064165,0.0064255,0.0064145,0.0064245,4028
2026-02-27T00:00:00+0000,0.006424,0.006432,0.006419,0.006423,7681
2026-02-27T01:00:00+0000,0.006423,0.00643,0.0064185,0.006419,6114
2026-02-27T02:00:00+0000,0.0064195,0.0064295,0.006419,0.0064295,3038
2026-02-27T03:00:00+0000,0.006429,0.006431,0.006426,0.0064275,2929
2026-02-27T04:00:00+0000,0.006428,0.0064375,0.0064255,0.0064355,3891
2026-02-27T05:00:00+0000,0.0064355,0.0064355,0.006425,0.006425,2502
2026-02-27T06:00:00+0000,0.0064245,0.0064275,0.00642,0.0064235,4013
2026-02-27T07:00:00+0000,0.0064225,0.0064225,0.006413,0.006415,4439
2026-02-27T08:00:00+0000,0.0064145,0.00642,0.0064095,0.0064125,3760
2026-02-27T09:00:00+0000,0.006413,0.006416,0.0064085,0.006415,4245
2026-02-27T10:00:00+0000,0.006415,0.0064215,0.0064145,0.0064195,3009
2026-02-27T11:00:00+0000,0.0064195,0.006424,0.006418,0.006422,2193
2026-02-27T12:00:00+0000,0.006422,0.006425,0.0064205,0.0064225,2477
2026-02-27T13:00:00+0000,0.006423,0.006423,0.0064105,0.006411,9396
2026-02-27T14:00:00+0000,0.006411,0.0064215,0.006409,0.006411,9304
2026-02-27T15:00:00+0000,0.0064105,0.00642,0.0064095,0.006415,10742
2026-02-27T16:00:00+0000,0.006415,0.0064195,0.006412,0.0064165,4458
2026-02-27T17:00:00+0000,0.0064165,0.0064215,0.0064125,0.006416,4485
2026-02-27T18:00:00+0000,0.0064165,0.0064185,0.006414,0.0064185,2891
2026-02-27T19:00:00+0000,0.006418,0.006423,0.006417,0.006418,4317
2026-02-27T20:00:00+0000,0.006418,0.00642,0.006411,0.006411,3917
2026-02-27T21:00:00+0000,0.006411,0.006417,0.00641,0.006417,2692
2026-03-01T23:00:00+0000,0.0064105,0.006411,0.00639,0.006392,9006
2026-03-02T00:00:00+0000,0.0063915,0.006404,0.006385,0.0064015,11614
2026-03-02T01:00:00+0000,0.0064015,0.00641,0.006393,0.0064085,9146
2026-03-02T02:00:00+0000,0.0064085,0.006411,0.0063995,0.0064065,4343
2026-03-02T03:00:00+0000,0.0064065,0.0064115,0.0064035,0.0064045,4512
2026-03-02T04:00:00+0000,0.006404,0.006406,0.0063935,0.006396,3420
2026-03-02T05:00:00+0000,0.0063955,0.0063955,0.006382,0.006384,6919
2026-03-02T06:00:00+0000,0.0063835,0.006384,0.0063755,0.0063815,8452
2026-03-02T07:00:00+0000,0.006381,0.0063815,0.0063755,0.006378,7574
2026-03-02T08:00:00+0000,0.0063775,0.0063805,0.006366,0.006378,11308
2026-03-02T09:00:00+0000,0.0063775,0.0063855,0.006376,0.006377,5315
2026-03-02T10:00:00+0000,0.0063765,0.0063855,0.0063765,0.00638,4677
2026-03-02T11:00:00+0000,0.0063805,0.0063825,0.0063765,0.0063785,3186
2026-03-02T12:00:00+0000,0.0063785,0.0063785,0.0063605,0.0063615,8253
2026-03-02T13:00:00+0000,0.0063615,0.0063625,0.006352,0.0063555,16304
2026-03-02T14:00:00+0000,0.0063555,0.00636,0.006354,0.006357,15586
2026-03-02T15:00:00+0000,0.0063565,0.0063565,0.006346,0.006347,16757
2026-03-02T16:00:00+0000,0.006347,0.006362,0.006346,0.0063575,12522
2026-03-02T17:00:00+0000,0.006357,0.0063635,0.006357,0.0063625,6047
2026-03-02T18:00:00+0000,0.006362,0.0063635,0.006357,0.0063615,2886
2026-03-02T19:00:00+0000,0.0063615,0.006372,0.0063615,0.006371,11400
2026-03-02T20:00:00+0000,0.006371,0.0063725,0.006357,0.006363,10302
2026-03-02T21:00:00+0000,0.0063625,0.0063655,0.006361,0.0063615,2370
2026-03-02T23:00:00+0000,0.0063615,0.006369,0.006359,0.0063655,2948
2026-03-03T00:00:00+0000,0.006365,0.0063685,0.0063555,0.006357,7787
2026-03-03T01:00:00+0000,0.0063565,0.006365,0.006352,0.006365,3897
2026-03-03T02:00:00+0000,0.0063645,0.0063695,0.0063605,0.0063665,3733
2026-03-03T03:00:00+0000,0.0063665,0.006368,0.0063605,0.006365,3045
2026-03-03T04:00:00+0000,0.006365,0.0063685,0.006359,0.00636,2231
2026-03-03T05:00:00+0000,0.0063595,0.006366,0.0063585,0.0063605,2436
2026-03-03T06:00:00+0000,0.00636,0.0063675,0.0063565,0.006367,3651
2026-03-03T07:00:00+0000,0.006367,0.00637,0.006358,0.00636,4775
2026-03-03T08:00:00+0000,0.0063595,0.006364,0.0063525,0.0063555,7414
2026-03-03T09:00:00+0000,0.0063555,0.0063575,0.006343,0.006349,9358
2026-03-03T10:00:00+0000,0.006349,0.0063515,0.006341,0.0063425,7858
2026-03-03T11:00:00+0000,0.006342,0.006349,0.006337,0.0063485,10421
2026-03-03T12:00:00+0000,0.0063485,0.006356,0.0063455,0.0063505,7083
2026-03-03T13:00:00+0000,0.0063505,0.006352,0.006343,0.0063435,7318
2026-03-03T14:00:00+0000,0.006344,0.0063475,0.0063375,0.0063475,11503
2026-03-03T15:00:00+0000,0.006347,0.0063525,0.006339,0.0063425,18116
2026-03-03T16:00:00+0000,0.0063425,0.006352,0.006339,0.006348,11997
2026-03-03T17:00:00+0000,0.0063485,0.006349,0.006341,0.0063425,4590
2026-03-03T18:00:00+0000,0.0063425,0.0063565,0.0063425,0.0063495,6825
2026-03-03T19:00:00+0000,0.0063505,0.0063575,0.006343,0.0063495,8210
2026-03-03T20:00:00+0000,0.0063495,0.006357,0.006349,0.0063495,4967
2026-03-03T21:00:00+0000,0.0063495,0.006351,0.006345,0.006345,2248
2026-03-03T23:00:00+0000,0.006351,0.006355,0.0063435,0.006345,3176
2026-03-04T00:00:00+0000,0.0063445,0.006356,0.006341,0.006354,10555
2026-03-04T01:00:00+0000,0.0063535,0.006354,0.0063445,0.006352,6483
2026-03-04T02:00:00+0000,0.0063525,0.006356,0.0063505,0.0063515,4402
2026-03-04T03:00:00+0000,0.0063515,0.006361,0.0063495,0.0063595,3770
2026-03-04T04:00:00+0000,0.0063595,0.006369,0.0063585,0.0063605,4713
2026-03-04T05:00:00+0000,0.0063605,0.0063615,0.00635,0.006353,3597
2026-03-04T06:00:00+0000,0.0063525,0.0063605,0.0063485,0.0063585,5280
2026-03-04T07:00:00+0000,0.006358,0.0063655,0.0063565,0.006357,5062
2026-03-04T08:00:00+0000,0.0063575,0.0063655,0.006354,0.0063595,6131
2026-03-04T09:00:00+0000,0.0063595,0.0063725,0.0063565,0.006368,5860
2026-03-04T10:00:00+0000,0.006368,0.006382,0.006363,0.0063645,8968
2026-03-04T11:00:00+0000,0.006364,0.006373,0.006362,0.0063665,2929
2026-03-04T12:00:00+0000,0.006367,0.006374,0.006362,0.006363,2858
2026-03-04T13:00:00+0000,0.006363,0.0063725,0.006363,0.0063635,6424
2026-03-04T14:00:00+0000,0.0063635,0.0063665,0.006359,0.0063655,8849
2026-03-04T15:00:00+0000,0.006365,0.0063715,0.006356,0.006371,10838
2026-03-04T16:00:00+0000,0.0063705,0.00638,0.0063705,0.0063785,9020
2026-03-04T17:00:00+0000,0.0063785,0.0063805,0.0063745,0.006377,4142
2026-03-04T18:00:00+0000,0.006377,0.006377,0.006369,0.0063695,2751
2026-03-04T19:00:00+0000,0.0063695,0.0063775,0.0063695,0.006376,4519
2026-03-04T20:00:00+0000,0.006376,0.006377,0.0063715,0.006372,3830
2026-03-04T21:00:00+0000,0.006372,0.0063755,0.006371,0.0063745,1587
2026-03-04T23:00:00+0000,0.0063725,0.0063755,0.0063705,0.006375,1453
2026-03-05T00:00:00+0000,0.006375,0.006393,0.006374,0.006392,6398
2026-03-05T01:00:00+0000,0.006392,0.0063965,0.0063835,0.0063835,5253
2026-03-05T02:00:00+0000,0.0063835,0.0063855,0.006376,0.006376,3016
2026-03-05T03:00:00+0000,0.006376,0.0063785,0.006371,0.0063745,4706
2026-03-05T04:00:00+0000,0.0063745,0.0063745,0.0063675,0.0063695,2565
2026-03-05T05:00:00+0000,0.006369,0.0063745,0.0063655,0.0063665,3763
2026-03-05T06:00:00+0000,0.0063665,0.0063755,0.0063635,0.006373,4366
2026-03-05T07:00:00+0000,0.006373,0.0063755,0.0063625,0.0063635,3086
2026-03-05T08:00:00+0000,0.0063635,0.0063675,0.006359,0.006363,4380
2026-03-05T09:00:00+0000,0.006363,0.0063785,0.0063615,0.006368,8313
2026-03-05T10:00:00+0000,0.006368,0.00637,0.006362,0.0063625,2453
2026-03-05T11:00:00+0000,0.0063625,0.006364,0.0063595,0.00636,4368
2026-03-05T12:00:00+0000,0.0063595,0.006362,0.006354,0.006356,3407
2026-03-05T13:00:00+0000,0.006356,0.0063565,0.0063425,0.006343,10227
2026-03-05T14:00:00+0000,0.006343,0.006353,0.0063425,0.006351,9690
2026-03-05T15:00:00+0000,0.0063515,0.0063585,0.0063425,0.006349,16486
2026-03-05T16:00:00+0000,0.006349,0.0063525,0.0063385,0.0063505,8927
2026-03-05T17:00:00+0000,0.006351,0.0063525,0.00634,0.006346,7682
2026-03-05T18:00:00+0000,0.006346,0.0063485,0.00634,0.0063445,5536
2026-03-05T19:00:00+0000,0.0063445,0.006346,0.00634,0.0063415,3941
2026-03-05T20:00:00+0000,0.006341,0.006357,0.0063395,0.0063515,8223
2026-03-05T21:00:00+0000,0.0063515,0.006355,0.006351,0.006351,2054
2026-03-05T23:00:00+0000,0.006353,0.0063565,0.0063485,0.0063505,2375
2026-03-06T00:00:00+0000,0.006351,0.006358,0.0063505,0.006355,5990
2026-03-06T01:00:00+0000,0.0063545,0.006357,0.0063495,0.0063545,4011
2026-03-06T02:00:00+0000,0.006354,0.006355,0.006351,0.006353,1921
2026-03-06T03:00:00+0000,0.006353,0.0063545,0.0063525,0.006354,913
2026-03-06T04:00:00+0000,0.0063535,0.006354,0.0063455,0.0063465,2050
2026-03-06T05:00:00+0000,0.006346,0.006348,0.006338,0.0063395,4494
2026-03-06T06:00:00+0000,0.0063395,0.0063445,0.006337,0.006344,3747
2026-03-06T07:00:00+0000,0.0063445,0.006352,0.0063425,0.006352,2831
2026-03-06T08:00:00+0000,0.006352,0.0063535,0.0063465,0.006347,3994
2026-03-06T09:00:00+0000,0.006347,0.006347,0.0063365,0.0063385,4235
2026-03-06T10:00:00+0000,0.006339,0.006343,0.0063375,0.006338,3678
2026-03-06T11:00:00+0000,0.006338,0.0063395,0.0063335,0.006335,5211
2026-03-06T12:00:00+0000,0.006335,0.006339,0.0063295,0.0063335,5859
2026-03-06T13:00:00+0000,0.0063335,0.0063595,0.0063335,0.0063385,22458
2026-03-06T14:00:00+0000,0.006338,0.0063475,0.0063295,0.0063465,12895
2026-03-06T15:00:00+0000,0.006347,0.006352,0.0063425,0.00635,16386
2026-03-06T16:00:00+0000,0.0063495,0.006353,0.006345,0.006348,7437
2026-03-06T17:00:00+0000,0.0063475,0.0063495,0.006339,0.006341,5458
2026-03-06T18:00:00+0000,0.006341,0.0063485,0.006338,0.0063405,4364
2026-03-06T19:00:00+0000,0.006341,0.0063435,0.006338,0.0063385,3402
2026-03-06T20:00:00+0000,0.006338,0.0063395,0.006335,0.0063365,4290
2026-03-06T21:00:00+0000,0.006337,0.006342,0.006337,0.0063415,1460
2026-03-08T22:00:00+0000,0.006323,0.0063295,0.006312,0.00632,8349
2026-03-08T23:00:00+0000,0.0063195,0.0063245,0.006314,0.0063165,5393
2026-03-09T00:00:00+0000,0.0063165,0.00632,0.006305,0.006307,12226
2026-03-09T01:00:00+0000,0.0063065,0.00631,0.006302,0.006305,7944
2026-03-09T02:00:00+0000,0.006305,0.006307,0.0063025,0.0063045,5449
2026-03-09T03:00:00+0000,0.0063045,0.006306,0.0062965,0.0062985,6829
2026-03-09T04:00:00+0000,0.006298,0.006307,0.0062975,0.0063035,3597
2026-03-09T05:00:00+0000,0.006304,0.0063195,0.0063015,0.0063185,9119
2026-03-09T06:00:00+0000,0.0063175,0.006318,0.006307,0.006308,6551
2026-03-09T07:00:00+0000,0.0063075,0.0063165,0.006306,0.006314,5230
2026-03-09T08:00:00+0000,0.0063145,0.0063185,0.0063055,0.0063075,6490
2026-03-09T09:00:00+0000,0.006307,0.006325,0.006307,0.0063155,10689
2026-03-09T10:00:00+0000,0.0063155,0.006318,0.00631,0.006314,3760
2026-03-09T11:00:00+0000,0.0063145,0.006318,0.0063125,0.006314,3311
2026-03-09T12:00:00+0000,0.0063135,0.0063185,0.0063085,0.00631,6023
2026-03-09T13:00:00+0000,0.00631,0.0063255,0.0063095,0.00632,15063
2026-03-09T14:00:00+0000,0.00632,0.006321,0.006311,0.0063175,12400
2026-03-09T15:00:00+0000,0.0063175,0.0063335,0.006317,0.0063295,13079
2026-03-09T16:00:00+0000,0.0063295,0.006334,0.006324,0.006327,8707
2026-03-09T17:00:00+0000,0.006327,0.006328,0.0063185,0.0063195,4157
2026-03-09T18:00:00+0000,0.006319,0.006323,0.0063165,0.0063165,4427
2026-03-09T19:00:00+0000,0.006317,0.0063475,0.006316,0.0063385,22942
2026-03-09T20:00:00+0000,0.006339,0.006348,0.0063365,0.006348,5527
2026-03-09T22:00:00+0000,0.006345,0.006348,0.0063365,0.0063395,3933
2026-03-09T23:00:00+0000,0.0063395,0.006342,0.006334,0.0063375,2729
2026-03-10T00:00:00+0000,0.006337,0.0063505,0.0063345,0.006349,11081
2026-03-10T01:00:00+0000,0.0063485,0.006351,0.006341,0.006347,6054
2026-03-10T02:00:00+0000,0.0063475,0.0063485,0.006339,0.0063395,12811
2026-03-10T03:00:00+0000,0.0063395,0.00634,0.0063355,0.0063365,3284
2026-03-10T04:00:00+0000,0.0063365,0.006342,0.006335,0.0063415,1629
2026-03-10T05:00:00+0000,0.006341,0.0063475,0.006341,0.0063465,2637
2026-03-10T06:00:00+0000,0.0063465,0.006354,0.0063465,0.0063505,4762
2026-03-10T07:00:00+0000,0.00635,0.0063625,0.0063475,0.0063605,7879
2026-03-10T08:00:00+0000,0.0063605,0.006361,0.006344,0.0063445,6825
2026-03-10T09:00:00+0000,0.0063445,0.0063505,0.0063435,0.006346,4445
2026-03-10T10:00:00+0000,0.0063455,0.0063455,0.0063365,0.0063415,4862
2026-03-10T11:00:00+0000,0.0063415,0.0063475,0.0063385,0.0063405,4297
2026-03-10T12:00:00+0000,0.0063405,0.0063415,0.006333,0.00634,6070
2026-03-10T13:00:00+0000,0.0063405,0.006346,0.0063375,0.0063385,7092
2026-03-10T14:00:00+0000,0.0063385,0.0063465,0.0063355,0.0063445,9432
2026-03-10T15:00:00+0000,0.0063445,0.00635,0.0063415,0.006348,7423
2026-03-10T16:00:00+0000,0.006348,0.006351,0.0063435,0.0063495,5278
2026-03-10T17:00:00+0000,0.00635,0.006357,0.0063465,0.006348,8999
2026-03-10T18:00:00+0000,0.006348,0.0063485,0.0063325,0.0063375,13058
2026-03-10T19:00:00+0000,0.006337,0.006338,0.0063265,0.0063305,8177
2026-03-10T20:00:00+0000,0.006331,0.006333,0.006329,0.0063295,1516
2026-03-10T22:00:00+0000,0.0063265,0.00633,0.006324,0.006325,1078
2026-03-10T23:00:00+0000,0.006325,0.0063295,0.006324,0.0063275,2567
2026-03-11T00:00:00+0000,0.006328,0.006335,0.0063225,0.006324,5950
2026-03-11T01:00:00+0000,0.0063235,0.0063245,0.0063185,0.0063205,5501
2026-03-11T02:00:00+0000,0.006321,0.006323,0.006315,0.00632,2648
2026-03-11T03:00:00+0000,0.0063195,0.006325,0.0063195,0.006324,2063
2026-03-11T04:00:00+0000,0.0063235,0.006328,0.0063215,0.006328,1914
2026-03-11T05:00:00+0000,0.0063275,0.006329,0.0063245,0.006325,2627
2026-03-11T06:00:00+0000,0.006325,0.006337,0.006325,0.0063315,4070
2026-03-11T07:00:00+0000,0.006332,0.006333,0.006321,0.0063225,3701
2026-03-11T08:00:00+0000,0.0063225,0.006324,0.0063135,0.0063155,4139
2026-03-11T09:00:00+0000,0.0063155,0.0063175,0.0063115,0.006313,4679
2026-03-11T10:00:00+0000,0.0063125,0.0063215,0.006312,0.00632,3263
2026-03-11T11:00:00+0000,0.00632,0.0063215,0.0063115,0.0063115,5968
2026-03-11T12:00:00+0000,0.0063115,0.006319,0.0063065,0.006307,9426
2026-03-11T13:00:00+0000,0.006307,0.0063125,0.0063055,0.0063125,6376
2026-03-11T14:00:00+0000,0.0063125,0.0063195,0.0063035,0.0063045,10771
2026-03-11T15:00:00+0000,0.0063045,0.0063045,0.006297,0.0062985,10295
2026-03-11T16:00:00+0000,0.0062985,0.006301,0.006297,0.006298,5158
2026-03-11T17:00:00+0000,0.0062985,0.006299,0.0062925,0.0062975,5599
2026-03-11T18:00:00+0000,0.006298,0.006298,0.006294,0.0062945,3831
2026-03-11T19:00:00+0000,0.0062945,0.0062955,0.006293,0.006294,3396
2026-03-11T20:00:00+0000,0.0062935,0.006295,0.0062925,0.0062925,1416
2026-03-11T22:00:00+0000,0.006293,0.006295,0.0062895,0.006291,3195
2026-03-11T23:00:00+0000,0.0062905,0.006292,0.0062845,0.0062865,4468
2026-03-12T00:00:00+0000,0.0062865,0.0062925,0.0062805,0.0062915,6253
2026-03-12T01:00:00+0000,0.006291,0.006299,0.006291,0.0062955,3956
2026-03-12T02:00:00+0000,0.006296,0.0062965,0.006286,0.006288,3378
2026-03-12T03:00:00+0000,0.006288,0.006291,0.006287,0.006289,2066
2026-03-12T04:00:00+0000,0.006289,0.0062895,0.006284,0.006285,1401
2026-03-12T05:00:00+0000,0.0062855,0.006291,0.006285,0.0062855,3422
2026-03-12T06:00:00+0000,0.0062855,0.0062945,0.0062855,0.006294,4174
2026-03-12T07:00:00+0000,0.0062945,0.0062985,0.0062905,0.0062985,4719
2026-03-12T08:00:00+0000,0.0062985,0.006303,0.0062925,0.0062945,3841
2026-03-12T09:00:00+0000,0.006295,0.0063015,0.006293,0.0063,2932
2026-03-12T10:00:00+0000,0.0063,0.0063025,0.0062975,0.0063015,3399
2026-03-12T11:00:00+0000,0.006301,0.0063075,0.0063005,0.006302,4392
2026-03-12T12:00:00+0000,0.0063025,0.006303,0.006293,0.0062945,5127
2026-03-12T13:00:00+0000,0.0062945,0.006298,0.006288,0.0062905,6741
2026-03-12T14:00:00+0000,0.0062905,0.0062925,0.0062825,0.006283,8359
2026-03-12T15:00:00+0000,0.006283,0.006286,0.0062785,0.006282,8656
2026-03-12T16:00:00+0000,0.006282,0.006285,0.006279,0.006282,5457
2026-03-12T17:00:00+0000,0.0062815,0.006286,0.0062765,0.006278,3115
2026-03-12T18:00:00+0000,0.006278,0.006279,0.0062735,0.0062745,4699
2026-03-12T19:00:00+0000,0.0062745,0.006278,0.006273,0.0062755,3193
2026-03-12T20:00:00+0000,0.0062755,0.0062785,0.0062735,0.0062755,1627
2026-03-12T22:00:00+0000,0.006272,0.006279,0.0062715,0.006278,997
2026-03-12T23:00:00+0000,0.0062785,0.0062815,0.0062745,0.0062805,499
2026-03-13T00:00:00+0000,0.0062805,0.006289,0.0062805,0.006286,386
2026-03-13T01:00:00+0000,0.006286,0.0062885,0.0062785,0.0062795,363
2026-03-13T02:00:00+0000,0.006279,0.0062815,0.0062745,0.006278,308
2026-03-13T03:00:00+0000,0.006278,0.006279,0.006273,0.006276,3511
2026-03-13T04:00:00+0000,0.006276,0.006276,0.006264,0.00627,572
2026-03-13T05:00:00+0000,0.00627,0.006277,0.00627,0.006273,243
2026-03-13T06:00:00+0000,0.006273,0.0062765,0.006272,0.006273,225
2026-03-13T07:00:00+0000,0.0062725,0.0062755,0.006268,0.006272,662
2026-03-13T08:00:00+0000,0.006273,0.0062765,0.006269,0.006276,703
2026-03-13T09:00:00+0000,0.0062765,0.0062795,0.006271,0.0062715,376
2026-03-13T10:00:00+0000,0.006271,0.0062765,0.00627,0.0062735,530
2026-03-13T11:00:00+0000,0.006274,0.0062785,0.0062715,0.006278,1684
2026-03-13T12:00:00+0000,0.0062785,0.006281,0.006273,0.0062765,493
2026-03-13T13:00:00+0000,0.006277,0.0062895,0.006275,0.006286,922
2026-03-13T14:00:00+0000,0.006286,0.0062875,0.0062745,0.0062745,876
2026-03-13T15:00:00+0000,0.006275,0.006275,0.006266,0.006268,2242
2026-03-13T16:00:00+0000,0.006268,0.0062695,0.006265,0.006269,426
2026-03-13T17:00:00+0000,0.006265,0.0062675,0.006263,0.0062675,1554
2026-03-13T18:00:00+0000,0.0062655,0.006266,0.006263,0.006264,227
2026-03-13T19:00:00+0000,0.006265,0.0062665,0.0062615,0.006263,827
2026-03-13T20:00:00+0000,0.006262,0.0062635,0.006259,0.0062595,190
2026-03-15T22:00:00+0000,0.0062705,0.0062705,0.006259,0.006269,107
2026-03-15T23:00:00+0000,0.0062685,0.0062685,0.0062665,0.0062685,10
2026-03-16T00:00:00+0000,0.00627,0.0062785,0.0062685,0.0062765,112
2026-03-16T01:00:00+0000,0.006274,0.006274,0.006273,0.006273,9
2026-03-16T02:00:00+0000,0.0062695,0.0062695,0.0062665,0.0062675,29
2026-03-16T03:00:00+0000,0.0062675,0.006269,0.0062675,0.006269,11
2026-03-16T04:00:00+0000,0.0062655,0.0062655,0.0062655,0.0062655,8
2026-03-16T05:00:00+0000,0.006271,0.0062735,0.006271,0.0062735,4
2026-03-16T07:00:00+0000,0.0062795,0.006281,0.0062775,0.0062775,28
2026-03-16T08:00:00+0000,0.006278,0.0062795,0.0062775,0.006278,8
2026-03-16T09:00:00+0000,0.006274,0.006277,0.006274,0.0062765,22
2026-03-16T10:00:00+0000,0.00628,0.00628,0.006277,0.006279,313
2026-03-16T11:00:00+0000,0.006279,0.0062855,0.006279,0.0062845,91
2026-03-16T12:00:00+0000,0.006286,0.00629,0.006284,0.006284,51
2026-03-16T13:00:00+0000,0.0062845,0.0062895,0.0062825,0.0062895,55
2026-03-16T14:00:00+0000,0.0062925,0.006296,0.0062925,0.006296,80
