Time,Open,High,Low,Close,Volume
2025-09-11T12:00:00+0000,0.0070005,0.0070005,0.0070005,0.0070005,2
2025-09-24T09:00:00+0000,0.006952,0.006952,0.006952,0.006952,1
2025-09-30T22:00:00+0000,0.0069665,0.0069665,0.0069665,0.0069665,1
2025-10-06T15:00:00+0000,0.006867,0.006867,0.006867,0.006867,1
2025-10-07T17:00:00+0000,0.0068,0.0068,0.0068,0.0068,5
2025-10-09T13:00:00+0000,0.006745,0.006745,0.006745,0.006745,1
2025-10-09T14:00:00+0000,0.006723,0.006725,0.006723,0.006725,2
2025-10-12T22:00:00+0000,0.006774,0.006774,0.006774,0.006774,1
2025-10-13T04:00:00+0000,0.006774,0.006774,0.006774,0.006774,1
2025-10-15T01:00:00+0000,0.006796,0.006796,0.006796,0.006796,1
2025-10-15T05:00:00+0000,0.0068045,0.0068045,0.0068045,0.0068045,1
2025-10-20T13:00:00+0000,0.006819,0.006819,0.006819,0.006819,2
2025-10-22T15:00:00+0000,0.006772,0.006772,0.006772,0.006772,2
2025-10-22T19:00:00+0000,0.006763,0.006763,0.006763,0.006763,1
2025-10-23T06:00:00+0000,0.00674,0.00674,0.00674,0.00674,1
2025-10-24T06:00:00+0000,0.006717,0.006717,0.006717,0.006717,1
2025-10-27T05:00:00+0000,0.006705,0.006705,0.006705,0.006705,1
2025-10-28T08:00:00+0000,0.006758,0.006758,0.006758,0.006758,1
2025-10-28T15:00:00+0000,0.0067615,0.0067615,0.0067615,0.0067615,1
2025-10-29T12:00:00+0000,0.0067475,0.0067495,0.0067475,0.0067495,3
2025-10-30T08:00:00+0000,0.006683,0.006683,0.006683,0.006683,1
2025-10-30T12:00:00+0000,0.006666,0.006666,0.006664,0.006664,4
2025-10-30T15:00:00+0000,0.0066625,0.0066625,0.0066625,0.0066625,1
2025-10-30T20:00:00+0000,0.0066695,0.0066695,0.0066695,0.0066695,1
2025-10-31T01:00:00+0000,0.006684,0.006684,0.006684,0.006684,1
2025-10-31T02:00:00+0000,0.0066795,0.0066795,0.0066795,0.0066795,1
2025-10-31T08:00:00+0000,0.00666,0.00666,0.006658,0.006659,12
2025-10-31T12:00:00+0000,0.006668,0.0066685,0.006668,0.0066685,3
2025-10-31T13:00:00+0000,0.0066675,0.0066695,0.0066675,0.0066695,3
2025-10-31T14:00:00+0000,0.0066735,0.0066745,0.0066735,0.006674,4
2025-11-03T00:00:00+0000,0.0066645,0.0066665,0.0066635,0.0066665,17
2025-11-03T05:00:00+0000,0.0066695,0.0066695,0.006667,0.006667,3
2025-11-04T00:00:00+0000,0.0066555,0.0066575,0.0066555,0.0066575,4
2025-11-04T01:00:00+0000,0.0066525,0.0066525,0.0066525,0.0066525,1
2025-11-04T18:00:00+0000,0.006691,0.0066915,0.006691,0.0066915,2
2025-11-05T00:00:00+0000,0.006694,0.0066975,0.006694,0.0066955,3
2025-11-05T03:00:00+0000,0.0067,0.0067,0.0067,0.0067,1
2025-11-05T04:00:00+0000,0.006694,0.006694,0.006694,0.006694,1
2025-11-05T06:00:00+0000,0.0066845,0.0066845,0.0066845,0.0066845,2
2025-11-05T09:00:00+0000,0.006692,0.006692,0.006692,0.006692,1
2025-11-05T11:00:00+0000,0.006687,0.006687,0.006687,0.006687,2
2025-11-05T18:00:00+0000,0.0066735,0.0066735,0.0066735,0.0066735,1
2025-11-06T04:00:00+0000,0.006671,0.006672,0.006671,0.006672,2
2025-11-06T15:00:00+0000,0.0066975,0.006702,0.0066975,0.006702,6
2025-11-07T00:00:00+0000,0.0067005,0.0067005,0.0067005,0.0067005,1
2025-11-07T01:00:00+0000,0.006702,0.006702,0.006702,0.006702,2
2025-11-07T04:00:00+0000,0.0067045,0.0067045,0.0067045,0.0067045,5
2025-11-07T16:00:00+0000,0.00671,0.00671,0.00671,0.00671,5
2025-11-10T05:00:00+0000,0.0066695,0.0066715,0.0066695,0.0066715,10
2025-11-10T06:00:00+0000,0.0066695,0.0066695,0.0066685,0.0066685,2
2025-11-10T08:00:00+0000,0.0066635,0.0066665,0.0066635,0.0066665,4
2025-11-10T09:00:00+0000,0.006661,0.006661,0.006661,0.006661,5
2025-11-10T10:00:00+0000,0.006663,0.006663,0.006663,0.006663,1
2025-11-10T14:00:00+0000,0.006665,0.006665,0.006665,0.006665,1
2025-11-10T20:00:00+0000,0.006668,0.006668,0.006668,0.006668,3
2025-11-10T23:00:00+0000,0.006661,0.006661,0.006661,0.006661,3
2025-11-11T00:00:00+0000,0.006657,0.006657,0.006657,0.006657,2
2025-11-11T01:00:00+0000,0.0066505,0.0066505,0.0066505,0.0066505,3
2025-11-11T02:00:00+0000,0.0066515,0.006652,0.0066515,0.006652,2
2025-11-11T08:00:00+0000,0.0066525,0.0066525,0.0066525,0.0066525,2
2025-11-11T12:00:00+0000,0.0066595,0.0066595,0.0066595,0.0066595,1
2025-11-11T13:00:00+0000,0.0066605,0.0066765,0.0066605,0.0066765,6
2025-11-11T23:00:00+0000,0.006661,0.006661,0.006661,0.006661,1
2025-11-12T02:00:00+0000,0.00665,0.00665,0.00665,0.00665,2
2025-11-12T05:00:00+0000,0.0066385,0.0066385,0.0066385,0.0066385,5
2025-11-12T10:00:00+0000,0.006633,0.006633,0.006633,0.006633,5
2025-11-12T15:00:00+0000,0.0066305,0.0066355,0.0066305,0.0066355,9
2025-11-12T16:00:00+0000,0.006638,0.006638,0.006638,0.006638,6
2025-11-12T17:00:00+0000,0.0066415,0.0066415,0.0066415,0.0066415,5
2025-11-13T00:00:00+0000,0.0066295,0.006632,0.006628,0.0066285,16
2025-11-13T01:00:00+0000,0.0066235,0.0066235,0.0066235,0.0066235,5
2025-11-13T03:00:00+0000,0.006636,0.006636,0.006635,0.006635,2
2025-11-14T00:00:00+0000,0.00664,0.00664,0.00664,0.00664,2
2025-11-14T01:00:00+0000,0.0066465,0.0066465,0.0066465,0.0066465,1
2025-11-14T14:00:00+0000,0.0066595,0.0066595,0.0066515,0.0066515,3
2025-11-14T15:00:00+0000,0.006647,0.006647,0.0066465,0.0066465,10
2025-11-14T16:00:00+0000,0.0066495,0.0066495,0.0066495,0.0066495,5
2025-11-14T18:00:00+0000,0.0066425,0.0066425,0.0066425,0.0066425,5
2025-11-17T00:00:00+0000,0.0066405,0.0066505,0.0066405,0.00665,13
2025-11-17T01:00:00+0000,0.006645,0.006645,0.0066435,0.0066445,25
2025-11-17T02:00:00+0000,0.006641,0.006641,0.006641,0.006641,5
2025-11-17T03:00:00+0000,0.006636,0.006636,0.006636,0.006636,5
2025-11-17T04:00:00+0000,0.006641,0.006641,0.006641,0.006641,7
2025-11-17T05:00:00+0000,0.0066415,0.0066415,0.006641,0.006641,7
2025-11-17T08:00:00+0000,0.006636,0.006636,0.006636,0.006636,1
2025-11-17T12:00:00+0000,0.0066345,0.0066345,0.006634,0.006634,5
2025-11-17T13:00:00+0000,0.00663,0.00663,0.00663,0.00663,5
2025-11-18T03:00:00+0000,0.0066195,0.0066195,0.0066195,0.0066195,5
2025-11-18T04:00:00+0000,0.006623,0.006623,0.006623,0.006623,5
2025-11-18T06:00:00+0000,0.006627,0.006627,0.0066235,0.0066235,4
2025-11-19T05:00:00+0000,0.0066095,0.0066095,0.0066095,0.0066095,5
2025-11-19T14:00:00+0000,0.006564,0.006564,0.0065565,0.0065565,6
2025-11-19T15:00:00+0000,0.006554,0.006554,0.0065525,0.0065525,6
2025-11-19T17:00:00+0000,0.0065515,0.0065515,0.0065505,0.0065505,5
2025-11-19T19:00:00+0000,0.0065415,0.0065415,0.0065415,0.0065415,1
2025-11-20T00:00:00+0000,0.006529,0.006529,0.006529,0.006529,2
2025-11-20T02:00:00+0000,0.006521,0.006521,0.006521,0.006521,5
2025-11-20T03:00:00+0000,0.0065175,0.0065175,0.0065175,0.0065175,5
2025-11-20T12:00:00+0000,0.006511,0.006511,0.006511,0.006511,5
2025-11-20T13:00:00+0000,0.006511,0.006511,0.006511,0.006511,5
2025-11-20T15:00:00+0000,0.006505,0.006505,0.0065005,0.0065005,12
2025-11-20T16:00:00+0000,0.0065215,0.0065215,0.0065215,0.0065215,3
2025-11-21T05:00:00+0000,0.006527,0.006527,0.006527,0.006527,5
2025-11-21T08:00:00+0000,0.0065445,0.0065445,0.0065425,0.0065425,10
2025-11-21T09:00:00+0000,0.006537,0.006537,0.006537,0.006537,5
2025-11-21T14:00:00+0000,0.006541,0.006541,0.006541,0.006541,5
2025-11-25T02:00:00+0000,0.0065425,0.0065425,0.0065425,0.0065425,1
2025-11-30T23:00:00+0000,0.0065645,0.0065685,0.0065645,0.0065685,3
2025-12-01T00:00:00+0000,0.0065745,0.0065745,0.0065735,0.0065735,4
2025-12-01T01:00:00+0000,0.006578,0.006578,0.006578,0.006578,1
2025-12-01T04:00:00+0000,0.006591,0.006591,0.006591,0.006591,1
2025-12-01T14:00:00+0000,0.00661,0.00661,0.00661,0.00661,10
2025-12-04T02:00:00+0000,0.006589,0.006589,0.006589,0.006589,2
2025-12-07T23:00:00+0000,0.006588,0.006589,0.006588,0.006589,2
2025-12-08T03:00:00+0000,0.0066015,0.0066015,0.0066015,0.0066015,5
2025-12-08T05:00:00+0000,0.006598,0.006598,0.006598,0.006598,1
2025-12-09T14:00:00+0000,0.0065445,0.0065445,0.0065445,0.0065445,5
2025-12-09T15:00:00+0000,0.0065315,0.0065315,0.0065275,0.0065275,10
2025-12-09T16:00:00+0000,0.0065305,0.0065305,0.006527,0.0065275,9
2025-12-10T04:00:00+0000,0.0065355,0.0065355,0.0065355,0.0065355,14
2025-12-10T08:00:00+0000,0.006536,0.006536,0.006536,0.006536,5
2025-12-10T09:00:00+0000,0.0065335,0.0065335,0.0065335,0.0065335,5
2025-12-10T14:00:00+0000,0.006536,0.006536,0.006536,0.006536,5
2025-12-10T15:00:00+0000,0.0065445,0.0065445,0.0065445,0.0065445,5
2025-12-10T17:00:00+0000,0.00655,0.00655,0.00655,0.00655,1
2025-12-10T19:00:00+0000,0.006533,0.006533,0.006533,0.006533,5
2025-12-10T20:00:00+0000,0.006562,0.006562,0.006562,0.006562,5
2025-12-11T03:00:00+0000,0.0065715,0.0065715,0.0065705,0.0065705,5
2025-12-11T12:00:00+0000,0.006568,0.006568,0.006568,0.006568,5
2025-12-11T15:00:00+0000,0.0066025,0.0066025,0.0066025,0.0066025,5
2025-12-11T16:00:00+0000,0.0065945,0.006595,0.0065925,0.0065945,20
2025-12-11T17:00:00+0000,0.0065975,0.0065975,0.0065945,0.0065945,6
2025-12-11T18:00:00+0000,0.00659,0.006592,0.00659,0.006592,13
2025-12-12T08:00:00+0000,0.00657,0.00657,0.0065695,0.0065695,5
2025-12-12T10:00:00+0000,0.0065615,0.0065615,0.006561,0.0065615,15
2025-12-12T11:00:00+0000,0.006561,0.006562,0.006561,0.006562,10
2025-12-12T13:00:00+0000,0.0065565,0.0065615,0.0065565,0.0065605,9
2025-12-12T14:00:00+0000,0.006556,0.0065635,0.0065555,0.0065635,8
2025-12-12T15:00:00+0000,0.0065595,0.0065595,0.0065595,0.0065595,5
2025-12-12T16:00:00+0000,0.006565,0.006569,0.0065645,0.0065645,30
2025-12-12T19:00:00+0000,0.006561,0.006561,0.006561,0.006561,2
2025-12-15T15:00:00+0000,0.0066015,0.0066015,0.0066005,0.0066005,7
2025-12-15T16:00:00+0000,0.0065895,0.0065905,0.0065865,0.0065865,18
2025-12-16T00:00:00+0000,0.0066005,0.0066005,0.0066,0.0066,2
2025-12-16T01:00:00+0000,0.0066,0.0066015,0.0066,0.0066015,7
2025-12-16T02:00:00+0000,0.0066045,0.0066045,0.0066045,0.0066045,5
2025-12-16T03:00:00+0000,0.0066025,0.0066025,0.0066025,0.0066025,1
2025-12-16T04:00:00+0000,0.006604,0.006604,0.006604,0.006604,5
2025-12-16T13:00:00+0000,0.006613,0.006613,0.0066125,0.0066125,2
2025-12-17T02:00:00+0000,0.0066045,0.0066045,0.0066,0.0066,11
2025-12-17T05:00:00+0000,0.006594,0.006594,0.006594,0.006594,5
2025-12-17T13:00:00+0000,0.006574,0.006574,0.006574,0.006574,1
2025-12-17T15:00:00+0000,0.0065765,0.00658,0.0065765,0.00658,15
2025-12-17T20:00:00+0000,0.006567,0.006567,0.006567,0.006567,1
2025-12-17T23:00:00+0000,0.006574,0.006574,0.006574,0.006574,1
2025-12-18T13:00:00+0000,0.0065795,0.0065795,0.0065655,0.006569,10
2025-12-18T14:00:00+0000,0.0065775,0.0065775,0.0065765,0.0065765,10
2025-12-18T15:00:00+0000,0.0065675,0.0065675,0.0065675,0.0065675,5
2025-12-18T16:00:00+0000,0.0065755,0.0065785,0.006574,0.0065755,36
2025-12-18T17:00:00+0000,0.006564,0.006564,0.006564,0.006564,5
2025-12-19T03:00:00+0000,0.006555,0.006555,0.006555,0.006555,1
2025-12-19T04:00:00+0000,0.006556,0.0065565,0.0065495,0.0065495,8
2025-12-19T10:00:00+0000,0.006494,0.006494,0.0064935,0.0064935,10
2025-12-19T13:00:00+0000,0.0064985,0.0064985,0.0064935,0.0064935,12
2025-12-19T14:00:00+0000,0.0064965,0.006497,0.0064965,0.006497,5
2025-12-19T15:00:00+0000,0.0064905,0.0064935,0.006489,0.0064895,22
2025-12-19T16:00:00+0000,0.0064905,0.006491,0.006489,0.006489,4
2025-12-22T00:00:00+0000,0.0064805,0.006484,0.0064805,0.006484,6
2025-12-22T01:00:00+0000,0.0064905,0.0064975,0.0064905,0.0064945,17
2025-12-22T02:00:00+0000,0.006498,0.006498,0.006493,0.006493,3
2025-12-22T03:00:00+0000,0.0064895,0.0064955,0.0064895,0.0064955,2
2025-12-22T04:00:00+0000,0.0064955,0.0064955,0.0064955,0.0064955,1
2025-12-22T06:00:00+0000,0.0064925,0.0064925,0.0064925,0.0064925,1
2025-12-22T08:00:00+0000,0.00649,0.0064905,0.0064885,0.0064885,20
2025-12-22T09:00:00+0000,0.006487,0.006487,0.006487,0.006487,5
2025-12-22T21:00:00+0000,0.006509,0.006509,0.006509,0.006509,1
2025-12-23T00:00:00+0000,0.006514,0.006521,0.006514,0.006521,6
2025-12-23T01:00:00+0000,0.006524,0.006528,0.006524,0.006528,6
2025-12-23T05:00:00+0000,0.00655,0.00655,0.00655,0.00655,1
2025-12-23T07:00:00+0000,0.006543,0.00655,0.006543,0.00655,2
2025-12-23T08:00:00+0000,0.006546,0.006546,0.006546,0.006546,5
2025-12-23T09:00:00+0000,0.00656,0.00656,0.006553,0.006553,2
2025-12-23T10:00:00+0000,0.00655,0.00655,0.00655,0.00655,1
2025-12-23T13:00:00+0000,0.006545,0.006545,0.006545,0.006545,1
2025-12-23T14:00:00+0000,0.0065305,0.0065325,0.0065305,0.0065325,25
2025-12-23T15:00:00+0000,0.006535,0.006538,0.006532,0.0065375,20
2025-12-23T18:00:00+0000,0.0065395,0.0065395,0.0065395,0.0065395,1
2025-12-24T00:00:00+0000,0.0065445,0.0065485,0.0065445,0.0065485,6
2025-12-24T01:00:00+0000,0.0065485,0.006565,0.0065485,0.006565,32
2025-12-24T02:00:00+0000,0.006565,0.0065665,0.006561,0.006561,30
2025-12-24T03:00:00+0000,0.006558,0.006558,0.006552,0.006552,9
2025-12-24T05:00:00+0000,0.0065585,0.0065585,0.0065585,0.0065585,11
2025-12-24T06:00:00+0000,0.0065635,0.0065635,0.0065635,0.0065635,1
2025-12-24T08:00:00+0000,0.0065565,0.006561,0.0065535,0.006561,17
2025-12-24T09:00:00+0000,0.0065635,0.0065635,0.0065625,0.006563,19
2025-12-24T10:00:00+0000,0.0065535,0.0065535,0.0065535,0.0065535,1
2025-12-24T14:00:00+0000,0.006554,0.00656,0.006554,0.00656,6
2025-12-24T15:00:00+0000,0.006555,0.006555,0.006555,0.006555,2
2025-12-25T23:00:00+0000,0.00655,0.00655,0.00655,0.00655,1
2025-12-26T01:00:00+0000,0.0065345,0.0065345,0.006534,0.006534,10
2025-12-26T02:00:00+0000,0.006535,0.006535,0.006535,0.006535,5
2025-12-26T03:00:00+0000,0.006541,0.006541,0.006541,0.006541,2
2025-12-26T06:00:00+0000,0.006538,0.0065385,0.006538,0.0065385,5
2025-12-26T07:00:00+0000,0.0065305,0.0065305,0.0065305,0.0065305,5
2025-12-26T08:00:00+0000,0.0065345,0.0065345,0.0065345,0.0065345,5
2025-12-26T10:00:00+0000,0.0065335,0.0065335,0.0065335,0.0065335,5
2025-12-26T13:00:00+0000,0.0065395,0.0065395,0.0065395,0.0065395,5
2025-12-26T14:00:00+0000,0.0065375,0.0065375,0.0065375,0.0065375,5
2025-12-26T15:00:00+0000,0.0065335,0.0065335,0.006532,0.006532,35
2025-12-26T16:00:00+0000,0.006532,0.006532,0.006532,0.006532,1
2025-12-29T02:00:00+0000,0.0065225,0.0065245,0.0065225,0.0065245,6
2025-12-29T03:00:00+0000,0.006526,0.006526,0.006526,0.006526,5
2025-12-29T05:00:00+0000,0.0065285,0.0065285,0.0065285,0.0065285,2
2025-12-29T06:00:00+0000,0.006529,0.006529,0.006529,0.006529,5
2025-12-29T08:00:00+0000,0.006532,0.006532,0.0065295,0.0065315,38
2025-12-29T09:00:00+0000,0.006528,0.006528,0.006526,0.006526,5
2025-12-29T11:00:00+0000,0.006529,0.006529,0.0065285,0.0065285,10
2025-12-29T13:00:00+0000,0.006528,0.006529,0.006528,0.006529,5
2025-12-29T14:00:00+0000,0.006535,0.006536,0.006533,0.006536,39
2025-12-29T15:00:00+0000,0.0065325,0.006537,0.0065325,0.0065335,13
2025-12-29T16:00:00+0000,0.006542,0.006542,0.006541,0.006541,6
2025-12-29T23:00:00+0000,0.0065395,0.0065415,0.0065395,0.0065415,2
2025-12-30T00:00:00+0000,0.006537,0.006537,0.006537,0.006537,10
2025-12-30T01:00:00+0000,0.006531,0.006533,0.0065305,0.0065325,42
2025-12-30T02:00:00+0000,0.0065335,0.0065335,0.0065285,0.0065285,6
2025-12-30T08:00:00+0000,0.006545,0.006545,0.006545,0.006545,5
2025-12-30T10:00:00+0000,0.006548,0.006548,0.006548,0.006548,5
2025-12-30T13:00:00+0000,0.006535,0.006535,0.006535,0.006535,1
2025-12-30T18:00:00+0000,0.006527,0.006527,0.006527,0.006527,5
2025-12-31T02:00:00+0000,0.006523,0.0065235,0.006523,0.0065235,10
2025-12-31T03:00:00+0000,0.006522,0.006522,0.006522,0.006522,10
2026-01-04T23:00:00+0000,0.0065025,0.006503,0.006497,0.0064975,30
2026-01-05T00:00:00+0000,0.0064965,0.0064965,0.0064895,0.0064895,31
2026-01-05T01:00:00+0000,0.006491,0.006494,0.006491,0.006494,11
2026-01-05T02:00:00+0000,0.0064955,0.0064965,0.0064945,0.0064965,6
2026-01-05T04:00:00+0000,0.0064885,0.0064885,0.006487,0.006487,6
2026-01-05T05:00:00+0000,0.0064925,0.0064925,0.0064925,0.0064925,5
2026-01-05T06:00:00+0000,0.0064945,0.0064945,0.0064945,0.0064945,2
2026-01-05T14:00:00+0000,0.006511,0.006511,0.0065085,0.0065085,6
2026-01-05T15:00:00+0000,0.006513,0.0065145,0.006513,0.0065145,4
2026-01-05T19:00:00+0000,0.0065295,0.0065295,0.0065295,0.0065295,1
2026-01-05T23:00:00+0000,0.0065125,0.0065125,0.0065125,0.0065125,2
2026-01-06T00:00:00+0000,0.006506,0.006506,0.006506,0.006506,3
2026-01-06T15:00:00+0000,0.0065185,0.006519,0.0065145,0.0065145,8
2026-01-06T17:00:00+0000,0.0065095,0.006511,0.0065095,0.006511,12
2026-01-06T23:00:00+0000,0.0065125,0.0065125,0.006511,0.0065115,7
2026-01-07T00:00:00+0000,0.006511,0.0065125,0.006509,0.0065125,4
2026-01-07T01:00:00+0000,0.0065135,0.0065135,0.0065135,0.0065135,5
2026-01-07T03:00:00+0000,0.006513,0.006513,0.006513,0.006513,5
2026-01-07T04:00:00+0000,0.0065175,0.0065175,0.006517,0.0065175,6
2026-01-07T05:00:00+0000,0.0065225,0.0065225,0.0065225,0.0065225,5
2026-01-07T08:00:00+0000,0.006518,0.0065195,0.006515,0.006517,29
2026-01-08T00:00:00+0000,0.0065055,0.0065055,0.0065055,0.0065055,5
2026-01-08T01:00:00+0000,0.006502,0.006502,0.0065015,0.0065015,2
2026-01-08T02:00:00+0000,0.0065005,0.0065005,0.0065005,0.0065005,1
2026-01-08T04:00:00+0000,0.0065095,0.0065095,0.0065085,0.0065085,7
2026-01-08T05:00:00+0000,0.0065085,0.00651,0.0065085,0.0065095,5
2026-01-08T06:00:00+0000,0.006513,0.0065165,0.006513,0.0065165,2
2026-01-08T09:00:00+0000,0.006509,0.006509,0.006509,0.006509,8
2026-01-08T16:00:00+0000,0.006497,0.006497,0.006497,0.006497,2
2026-01-08T20:00:00+0000,0.0065,0.0065,0.0065,0.0065,5
2026-01-08T23:00:00+0000,0.0065005,0.0065005,0.0065005,0.0065005,3
2026-01-09T00:00:00+0000,0.006499,0.006499,0.006499,0.006499,2
2026-01-09T02:00:00+0000,0.006488,0.006488,0.006488,0.006488,1
2026-01-09T03:00:00+0000,0.006489,0.006489,0.006489,0.006489,2
2026-01-09T06:00:00+0000,0.00648,0.00648,0.00648,0.00648,5
2026-01-09T09:00:00+0000,0.0064715,0.0064715,0.0064715,0.0064715,5
2026-01-09T10:00:00+0000,0.006467,0.006467,0.006467,0.006467,1
2026-01-09T13:00:00+0000,0.006473,0.0064945,0.006473,0.006477,25
2026-01-09T14:00:00+0000,0.0064775,0.0064775,0.0064575,0.006459,19
2026-01-09T15:00:00+0000,0.0064535,0.0064535,0.0064485,0.0064485,7
2026-01-09T17:00:00+0000,0.0064525,0.0064525,0.0064525,0.0064525,5
2026-01-09T18:00:00+0000,0.0064615,0.0064615,0.006461,0.006461,2
2026-01-11T23:00:00+0000,0.006451,0.006451,0.0064505,0.0064505,7
2026-01-12T00:00:00+0000,0.0064595,0.006472,0.0064595,0.006472,5
2026-01-12T01:00:00+0000,0.0064675,0.0064675,0.0064675,0.0064675,1
2026-01-12T02:00:00+0000,0.006463,0.006463,0.0064595,0.00646,5
2026-01-12T03:00:00+0000,0.006458,0.006458,0.006454,0.006454,7
2026-01-12T04:00:00+0000,0.0064505,0.006451,0.0064505,0.0064505,3
2026-01-12T05:00:00+0000,0.006454,0.006454,0.006454,0.006454,1
2026-01-12T06:00:00+0000,0.0064545,0.0064545,0.0064545,0.0064545,1
2026-01-12T07:00:00+0000,0.006462,0.006462,0.006462,0.006462,1
2026-01-12T08:00:00+0000,0.0064675,0.0064675,0.006466,0.006466,2
2026-01-12T09:00:00+0000,0.0064645,0.006465,0.0064645,0.006465,2
2026-01-12T17:00:00+0000,0.0064525,0.0064525,0.0064525,0.0064525,2
2026-01-12T18:00:00+0000,0.006453,0.006453,0.006453,0.006453,6
2026-01-12T19:00:00+0000,0.006451,0.006451,0.006451,0.006451,1
2026-01-12T20:00:00+0000,0.0064515,0.0064515,0.0064515,0.0064515,1
2026-01-12T23:00:00+0000,0.0064565,0.0064565,0.0064545,0.006456,6
2026-01-13T00:00:00+0000,0.006455,0.006455,0.0064505,0.0064505,11
2026-01-13T01:00:00+0000,0.0064415,0.0064415,0.0064415,0.0064415,1
2026-01-13T02:00:00+0000,0.006429,0.006429,0.006429,0.006429,1
2026-01-13T03:00:00+0000,0.006428,0.006428,0.006426,0.006426,3
2026-01-13T06:00:00+0000,0.006419,0.006419,0.006419,0.006419,3
2026-01-13T07:00:00+0000,0.00642,0.00642,0.00642,0.00642,1
2026-01-13T08:00:00+0000,0.0064185,0.006419,0.006415,0.006416,14
2026-01-13T09:00:00+0000,0.0064155,0.006418,0.0064155,0.006418,95
2026-01-13T10:00:00+0000,0.00642,0.0064205,0.00642,0.0064205,97
2026-01-13T12:00:00+0000,0.0064205,0.0064205,0.00642,0.00642,3
2026-01-13T13:00:00+0000,0.0064255,0.0064255,0.0064255,0.0064255,1
2026-01-13T17:00:00+0000,0.0064125,0.0064125,0.0064125,0.0064125,5
2026-01-13T23:00:00+0000,0.006405,0.006406,0.006405,0.006406,6
2026-01-14T00:00:00+0000,0.0064025,0.006409,0.006402,0.006409,7
2026-01-14T01:00:00+0000,0.0064035,0.0064035,0.006399,0.006399,11
2026-01-14T02:00:00+0000,0.0064045,0.006406,0.0064005,0.006406,41
2026-01-14T03:00:00+0000,0.006407,0.006408,0.0064055,0.0064075,20
2026-01-14T04:00:00+0000,0.0064045,0.006405,0.0064035,0.0064045,22
2026-01-14T05:00:00+0000,0.0064055,0.0064065,0.006401,0.006401,51
2026-01-14T06:00:00+0000,0.0064015,0.0064015,0.0064,0.0064005,7
2026-01-14T08:00:00+0000,0.0064085,0.0064135,0.0064075,0.0064115,77
2026-01-14T09:00:00+0000,0.0064195,0.0064225,0.0064175,0.0064225,11
2026-01-14T11:00:00+0000,0.006424,0.006426,0.006424,0.0064255,6
2026-01-14T12:00:00+0000,0.006428,0.006443,0.006426,0.0064285,26
2026-01-14T13:00:00+0000,0.006431,0.006433,0.00643,0.0064325,9
2026-01-14T14:00:00+0000,0.006442,0.006442,0.006442,0.006442,5
2026-01-14T15:00:00+0000,0.0064405,0.0064415,0.0064405,0.0064415,3
2026-01-14T16:00:00+0000,0.0064475,0.0064485,0.0064475,0.006448,3
2026-01-14T23:00:00+0000,0.006435,0.006435,0.0064335,0.0064335,17
2026-01-15T00:00:00+0000,0.006431,0.0064365,0.006429,0.0064365,28
2026-01-15T01:00:00+0000,0.006437,0.006437,0.006437,0.006437,1
2026-01-15T02:00:00+0000,0.0064375,0.0064375,0.0064355,0.0064355,5
2026-01-15T03:00:00+0000,0.0064265,0.006427,0.0064265,0.006427,5
2026-01-15T04:00:00+0000,0.00643,0.00643,0.006426,0.006426,2
2026-01-15T05:00:00+0000,0.0064355,0.0064355,0.0064355,0.0064355,2
2026-01-15T07:00:00+0000,0.006424,0.0064325,0.006424,0.0064325,2
2026-01-15T08:00:00+0000,0.0064265,0.0064265,0.006423,0.006423,2
2026-01-15T11:00:00+0000,0.006431,0.006431,0.0064295,0.00643,96
2026-01-15T13:00:00+0000,0.006419,0.006419,0.006418,0.006418,3
2026-01-15T15:00:00+0000,0.006425,0.006425,0.0064245,0.0064245,2
2026-01-15T18:00:00+0000,0.006431,0.0064325,0.006431,0.0064325,4
2026-01-15T19:00:00+0000,0.006433,0.006433,0.006433,0.006433,4
2026-01-15T23:00:00+0000,0.006427,0.006427,0.006427,0.006427,1
2026-01-16T00:00:00+0000,0.0064305,0.0064305,0.0064265,0.006427,7
2026-01-16T03:00:00+0000,0.006442,0.0064445,0.006442,0.0064445,3
2026-01-16T04:00:00+0000,0.0064415,0.0064415,0.0064415,0.0064415,1
2026-01-16T07:00:00+0000,0.0064465,0.0064475,0.0064465,0.0064475,4
2026-01-16T08:00:00+0000,0.0064445,0.0064445,0.0064445,0.0064445,1
2026-01-16T10:00:00+0000,0.006446,0.006446,0.006446,0.006446,2
2026-01-16T13:00:00+0000,0.0064495,0.0064495,0.0064495,0.0064495,3
2026-01-16T15:00:00+0000,0.0064485,0.0064495,0.0064485,0.0064495,11
2026-01-18T23:00:00+0000,0.006473,0.006473,0.0064695,0.0064695,10
2026-01-19T00:00:00+0000,0.0064595,0.0064665,0.0064575,0.006466,10
2026-01-19T02:00:00+0000,0.006459,0.006459,0.006459,0.006459,2
2026-01-19T03:00:00+0000,0.006455,0.006455,0.006455,0.006455,2
2026-01-19T05:00:00+0000,0.0064585,0.0064605,0.0064585,0.0064605,8
2026-01-19T07:00:00+0000,0.0064615,0.0064615,0.006449,0.006449,4
2026-01-19T08:00:00+0000,0.0064455,0.0064455,0.0064455,0.0064455,1
2026-01-19T10:00:00+0000,0.0064555,0.0064555,0.0064555,0.0064555,2
2026-01-19T14:00:00+0000,0.0064525,0.0064525,0.0064525,0.0064525,1
2026-01-20T02:00:00+0000,0.006448,0.006448,0.006448,0.006448,1
2026-01-20T07:00:00+0000,0.006435,0.006437,0.006435,0.0064355,4
2026-01-20T11:00:00+0000,0.0064605,0.0064605,0.0064605,0.0064605,1
2026-01-20T14:00:00+0000,0.0064495,0.0064495,0.006449,0.006449,6
2026-01-20T15:00:00+0000,0.006448,0.0064485,0.0064475,0.0064475,4
2026-01-20T18:00:00+0000,0.0064515,0.0064515,0.0064515,0.0064515,5
2026-01-20T19:00:00+0000,0.0064435,0.0064435,0.0064435,0.0064435,5
2026-01-20T23:00:00+0000,0.006446,0.006447,0.006446,0.0064465,10
2026-01-21T00:00:00+0000,0.0064415,0.0064415,0.006439,0.00644,9
2026-01-21T01:00:00+0000,0.0064465,0.006455,0.0064465,0.0064525,10
2026-01-21T03:00:00+0000,0.006447,0.006447,0.006447,0.006447,1
2026-01-21T05:00:00+0000,0.0064415,0.0064415,0.0064415,0.0064415,1
2026-01-21T06:00:00+0000,0.0064395,0.006445,0.0064395,0.006445,2
2026-01-21T12:00:00+0000,0.006456,0.006456,0.006456,0.006456,1
2026-01-21T14:00:00+0000,0.0064455,0.0064455,0.006444,0.006445,5
2026-01-21T16:00:00+0000,0.0064425,0.0064425,0.00644,0.00644,3
2026-01-21T17:00:00+0000,0.0064415,0.006444,0.0064415,0.006444,12
2026-01-21T18:00:00+0000,0.0064405,0.006441,0.0064405,0.006441,12
2026-01-21T19:00:00+0000,0.0064285,0.0064285,0.0064285,0.0064285,5
2026-01-21T23:00:00+0000,0.0064315,0.0064315,0.006428,0.006428,7
2026-01-22T00:00:00+0000,0.006429,0.006438,0.006429,0.006438,3
2026-01-22T01:00:00+0000,0.006435,0.006435,0.0064335,0.0064335,10
2026-01-22T02:00:00+0000,0.006432,0.006432,0.006428,0.006428,8
2026-01-22T03:00:00+0000,0.0064275,0.0064285,0.006425,0.006425,6
2026-01-22T04:00:00+0000,0.006421,0.006421,0.006421,0.006421,2
2026-01-22T05:00:00+0000,0.006419,0.006421,0.006419,0.006421,3
2026-01-22T06:00:00+0000,0.0064195,0.0064195,0.006413,0.006413,5
2026-01-22T08:00:00+0000,0.0064185,0.0064185,0.0064175,0.0064175,2
2026-01-22T09:00:00+0000,0.006417,0.006419,0.006417,0.006419,2
2026-01-22T10:00:00+0000,0.0064215,0.0064225,0.006419,0.0064225,5
2026-01-22T11:00:00+0000,0.006425,0.006425,0.006425,0.006425,5
2026-01-22T12:00:00+0000,0.0064175,0.0064175,0.0064175,0.0064175,1
2026-01-22T13:00:00+0000,0.0064205,0.006421,0.0064205,0.006421,3
2026-01-22T15:00:00+0000,0.0064295,0.006435,0.0064295,0.006434,11
2026-01-22T17:00:00+0000,0.006431,0.006439,0.006431,0.006439,13
2026-01-22T18:00:00+0000,0.006437,0.006437,0.0064355,0.006437,4
2026-01-22T23:00:00+0000,0.0064255,0.0064265,0.0064255,0.0064265,4
2026-01-23T00:00:00+0000,0.0064265,0.0064275,0.006425,0.006425,6
2026-01-23T01:00:00+0000,0.006425,0.006425,0.00642,0.00642,24
2026-01-23T02:00:00+0000,0.0064195,0.0064195,0.0064195,0.0064195,3
2026-01-23T03:00:00+0000,0.006417,0.0064235,0.006417,0.006421,4
2026-01-23T05:00:00+0000,0.006421,0.006421,0.006421,0.006421,3
2026-01-23T06:00:00+0000,0.006422,0.006422,0.006422,0.006422,3
2026-01-23T07:00:00+0000,0.0064,0.0064455,0.0064,0.0064455,2
2026-01-23T08:00:00+0000,0.006439,0.006439,0.0064345,0.0064345,3
2026-01-23T09:00:00+0000,0.006449,0.0064505,0.006449,0.0064505,3
2026-01-23T11:00:00+0000,0.0064355,0.006436,0.0064355,0.006436,2
2026-01-23T12:00:00+0000,0.006443,0.006443,0.006443,0.006443,1
2026-01-23T15:00:00+0000,0.0064385,0.006443,0.0064385,0.006443,3
2026-01-23T16:00:00+0000,0.0064475,0.0064655,0.0064475,0.0064655,3
2026-01-23T18:00:00+0000,0.0065225,0.006523,0.0065225,0.006523,2
2026-01-25T23:00:00+0000,0.006568,0.006568,0.006568,0.006568,2
2026-01-26T00:00:00+0000,0.0065655,0.0065785,0.006563,0.0065785,6
2026-01-26T01:00:00+0000,0.006578,0.006595,0.006578,0.006591,8
2026-01-26T02:00:00+0000,0.0065985,0.0066165,0.0065985,0.0066165,14
2026-01-26T03:00:00+0000,0.006604,0.0066055,0.006602,0.0066055,6
2026-01-26T04:00:00+0000,0.006605,0.006618,0.006605,0.006616,7
2026-01-26T06:00:00+0000,0.006595,0.00661,0.006595,0.00661,5
2026-01-26T07:00:00+0000,0.006611,0.006614,0.006611,0.006614,3
2026-01-26T08:00:00+0000,0.006629,0.0066295,0.0066275,0.0066275,3
2026-01-26T12:00:00+0000,0.006609,0.006609,0.006608,0.006608,3
2026-01-26T23:00:00+0000,0.0065955,0.006596,0.0065955,0.006596,2
2026-01-27T00:00:00+0000,0.0065995,0.0066005,0.0065995,0.0066005,3
2026-01-27T02:00:00+0000,0.006598,0.006606,0.006598,0.006606,7
2026-01-27T04:00:00+0000,0.00659,0.00659,0.00659,0.00659,20
2026-01-27T05:00:00+0000,0.006593,0.006593,0.006593,0.006593,10
2026-01-27T06:00:00+0000,0.00659,0.00659,0.00659,0.00659,10
2026-01-27T08:00:00+0000,0.0065855,0.0065865,0.0065855,0.006586,3
2026-01-27T09:00:00+0000,0.006587,0.006624,0.006587,0.006624,4
2026-01-27T10:00:00+0000,0.006626,0.006626,0.006626,0.006626,1
2026-01-27T11:00:00+0000,0.0066275,0.006628,0.0066275,0.006628,3
2026-01-27T12:00:00+0000,0.0066425,0.0066425,0.0066425,0.0066425,4
2026-01-27T13:00:00+0000,0.006646,0.006646,0.006646,0.006646,4
2026-01-27T14:00:00+0000,0.006641,0.006641,0.006641,0.006641,1
2026-01-27T15:00:00+0000,0.006653,0.006653,0.006653,0.006653,1
2026-01-27T16:00:00+0000,0.006649,0.006649,0.006649,0.006649,3
2026-01-27T17:00:00+0000,0.006667,0.006667,0.006664,0.006664,2
2026-01-27T20:00:00+0000,0.006669,0.006695,0.006662,0.006695,4
2026-01-27T23:00:00+0000,0.006679,0.0066805,0.0066785,0.0066805,12
2026-01-28T00:00:00+0000,0.006673,0.006673,0.006673,0.006673,2
2026-01-28T02:00:00+0000,0.0066585,0.006663,0.006652,0.006663,12
2026-01-28T03:00:00+0000,0.0066655,0.0066705,0.006665,0.00667,9
2026-01-28T05:00:00+0000,0.006671,0.006671,0.006671,0.006671,1
2026-01-28T06:00:00+0000,0.006672,0.006674,0.006672,0.006674,4
2026-01-28T07:00:00+0000,0.0066805,0.0066805,0.0066805,0.0066805,1
2026-01-28T08:00:00+0000,0.0066765,0.0066765,0.0066685,0.0066685,19
2026-01-28T10:00:00+0000,0.006671,0.0066765,0.0066675,0.0066765,5
2026-01-28T11:00:00+0000,0.006672,0.006672,0.006672,0.006672,1
2026-01-28T12:00:00+0000,0.0066745,0.006675,0.0066745,0.006675,3
2026-01-28T13:00:00+0000,0.0066695,0.0066705,0.00666,0.00666,6
2026-01-28T14:00:00+0000,0.006662,0.0066695,0.006662,0.0066695,3
2026-01-28T15:00:00+0000,0.0066625,0.0066625,0.0066325,0.0066325,8
2026-01-28T16:00:00+0000,0.006623,0.0066295,0.006623,0.006629,5
2026-01-28T17:00:00+0000,0.006626,0.006626,0.006624,0.006624,7
2026-01-28T18:00:00+0000,0.006624,0.006624,0.0066185,0.0066185,3
2026-01-28T23:00:00+0000,0.0066505,0.0066505,0.0066505,0.0066505,2
2026-01-29T00:00:00+0000,0.0066525,0.0066645,0.0066495,0.0066645,24
2026-01-29T01:00:00+0000,0.006646,0.006646,0.0066415,0.0066435,11
2026-01-29T02:00:00+0000,0.0066405,0.006648,0.0066405,0.006648,8
2026-01-29T03:00:00+0000,0.0066515,0.0066515,0.0066515,0.0066515,1
2026-01-29T04:00:00+0000,0.0066565,0.0066565,0.006654,0.006656,4
2026-01-29T05:00:00+0000,0.006657,0.006658,0.0066555,0.0066575,5
2026-01-29T06:00:00+0000,0.006655,0.0066575,0.006653,0.006653,4
2026-01-29T08:00:00+0000,0.0066435,0.0066475,0.006636,0.006636,40
2026-01-29T09:00:00+0000,0.0066445,0.0066445,0.0066415,0.0066415,8
2026-01-29T10:00:00+0000,0.0066415,0.0066415,0.0066375,0.0066375,2
2026-01-29T11:00:00+0000,0.0066345,0.0066345,0.0066345,0.0066345,1
2026-01-29T12:00:00+0000,0.0066375,0.00664,0.0066375,0.00664,2
2026-01-29T13:00:00+0000,0.0066425,0.0066425,0.006642,0.006642,2
2026-01-29T15:00:00+0000,0.0066455,0.0066675,0.006645,0.0066675,9
2026-01-29T16:00:00+0000,0.0066565,0.006659,0.0066525,0.006659,35
2026-01-29T17:00:00+0000,0.006661,0.006661,0.006661,0.006661,4
2026-01-29T23:00:00+0000,0.0066475,0.006648,0.0066445,0.0066445,5
2026-01-30T00:00:00+0000,0.0066465,0.006649,0.006629,0.006629,14
2026-01-30T01:00:00+0000,0.006624,0.006627,0.0066235,0.0066245,6
2026-01-30T02:00:00+0000,0.006616,0.006622,0.006612,0.006612,7
2026-01-30T03:00:00+0000,0.0066185,0.0066195,0.006613,0.0066145,10
2026-01-30T04:00:00+0000,0.0066125,0.0066135,0.006612,0.0066135,7
2026-01-30T05:00:00+0000,0.0066075,0.0066115,0.006606,0.0066115,7
2026-01-30T06:00:00+0000,0.006617,0.006617,0.006612,0.006612,4
2026-01-30T07:00:00+0000,0.006615,0.0066175,0.0066115,0.0066175,9
2026-01-30T08:00:00+0000,0.006622,0.006622,0.006616,0.006616,6
2026-01-30T09:00:00+0000,0.0066115,0.006612,0.0066025,0.0066025,13
2026-01-30T10:00:00+0000,0.0066025,0.006605,0.0066025,0.006605,7
2026-01-30T11:00:00+0000,0.0066055,0.0066095,0.0066055,0.0066095,11
2026-01-30T16:00:00+0000,0.006597,0.006597,0.006597,0.006597,4
2026-01-30T18:00:00+0000,0.00659,0.00659,0.00659,0.00659,10
2026-01-30T21:00:00+0000,0.0065785,0.0065785,0.0065785,0.0065785,1
2026-02-01T23:00:00+0000,0.0065485,0.0065485,0.0065485,0.0065485,1
2026-02-02T00:00:00+0000,0.006571,0.006571,0.006565,0.006565,9
2026-02-02T01:00:00+0000,0.006556,0.006556,0.0065495,0.006556,31
2026-02-02T02:00:00+0000,0.006566,0.006566,0.0065655,0.0065655,4
2026-02-02T03:00:00+0000,0.0065685,0.00657,0.0065675,0.0065675,8
2026-02-02T04:00:00+0000,0.006574,0.0065765,0.006573,0.0065735,24
2026-02-02T05:00:00+0000,0.006571,0.0065725,0.00657,0.0065725,6
2026-02-02T06:00:00+0000,0.0065765,0.006582,0.0065765,0.0065815,7
2026-02-02T07:00:00+0000,0.006572,0.006575,0.0065695,0.00657,5
2026-02-02T08:00:00+0000,0.0065695,0.006574,0.0065645,0.006572,49
2026-02-02T09:00:00+0000,0.0065725,0.006575,0.0065715,0.006575,12
2026-02-02T12:00:00+0000,0.00657,0.00657,0.00657,0.00657,1
2026-02-02T13:00:00+0000,0.0065545,0.0065545,0.0065545,0.0065545,1
2026-02-02T15:00:00+0000,0.0065425,0.0065425,0.0065375,0.006538,8
2026-02-02T19:00:00+0000,0.0065395,0.00654,0.0065395,0.0065395,3
2026-02-02T23:00:00+0000,0.006543,0.0065465,0.006543,0.0065465,24
2026-02-03T00:00:00+0000,0.006544,0.006546,0.006541,0.006545,14
2026-02-03T01:00:00+0000,0.006543,0.0065455,0.006543,0.0065445,5
2026-02-03T02:00:00+0000,0.0065455,0.0065505,0.006544,0.006545,69
2026-02-03T03:00:00+0000,0.006543,0.006543,0.006543,0.006543,5
2026-02-03T04:00:00+0000,0.006552,0.006552,0.0065505,0.0065505,14
2026-02-03T05:00:00+0000,0.0065475,0.006551,0.006547,0.006551,9
2026-02-03T06:00:00+0000,0.006548,0.006549,0.006547,0.006549,9
2026-02-03T08:00:00+0000,0.0065465,0.006548,0.006543,0.006543,40
2026-02-03T09:00:00+0000,0.006543,0.006543,0.006531,0.006531,2
2026-02-03T10:00:00+0000,0.0065295,0.0065295,0.0065265,0.0065265,8
2026-02-03T13:00:00+0000,0.0065295,0.00653,0.0065295,0.00653,21
2026-02-03T14:00:00+0000,0.0065235,0.0065235,0.0065195,0.0065225,10
2026-02-03T18:00:00+0000,0.006534,0.006534,0.006534,0.006534,2
2026-02-04T00:00:00+0000,0.0065275,0.0065275,0.006526,0.006526,2
2026-02-04T01:00:00+0000,0.006517,0.006517,0.006517,0.006517,2
2026-02-04T02:00:00+0000,0.0065125,0.0065125,0.0065125,0.0065125,1
2026-02-04T03:00:00+0000,0.0065115,0.0065115,0.0065075,0.0065085,7
2026-02-04T05:00:00+0000,0.00651,0.00651,0.00651,0.00651,1
2026-02-04T06:00:00+0000,0.0065095,0.0065095,0.006509,0.006509,2
2026-02-04T08:00:00+0000,0.006504,0.006504,0.006504,0.006504,1
2026-02-04T14:00:00+0000,0.006501,0.006501,0.006501,0.006501,1
2026-02-04T18:00:00+0000,0.0064945,0.0064945,0.0064945,0.0064945,7
2026-02-05T02:00:00+0000,0.0064855,0.0064865,0.0064855,0.0064865,4
2026-02-05T04:00:00+0000,0.0064855,0.0064855,0.0064855,0.0064855,1
2026-02-05T09:00:00+0000,0.0064675,0.0064695,0.0064675,0.0064695,3
2026-02-05T13:00:00+0000,0.0064885,0.0064885,0.0064885,0.0064885,3
2026-02-06T00:00:00+0000,0.00649,0.00649,0.0064845,0.006486,14
2026-02-06T01:00:00+0000,0.006495,0.006495,0.006495,0.006495,3
2026-02-06T02:00:00+0000,0.006485,0.006488,0.006485,0.006488,4
2026-02-06T04:00:00+0000,0.006488,0.006488,0.006488,0.006488,1
2026-02-06T06:00:00+0000,0.006483,0.006483,0.006483,0.006483,1
2026-02-06T08:00:00+0000,0.006481,0.006481,0.0064795,0.0064795,4
2026-02-06T09:00:00+0000,0.0064755,0.0064755,0.0064755,0.0064755,1
2026-02-06T15:00:00+0000,0.006474,0.006474,0.006474,0.006474,1
2026-02-09T00:00:00+0000,0.006479,0.006479,0.006479,0.006479,1
2026-02-09T03:00:00+0000,0.0064825,0.0064825,0.0064825,0.0064825,1
2026-02-09T08:00:00+0000,0.006494,0.0064955,0.006494,0.0064955,2
2026-02-09T09:00:00+0000,0.0064965,0.0064975,0.006496,0.0064975,3
2026-02-10T02:00:00+0000,0.0065295,0.006534,0.0065295,0.006534,5
2026-02-10T06:00:00+0000,0.006546,0.006546,0.006546,0.006546,1
2026-02-10T10:00:00+0000,0.00655,0.0065515,0.00655,0.0065515,2
2026-02-10T13:00:00+0000,0.0065545,0.0065545,0.0065545,0.0065545,1
2026-02-10T15:00:00+0000,0.006582,0.006584,0.006582,0.006584,2
2026-02-10T16:00:00+0000,0.0065895,0.006595,0.0065895,0.0065905,4
2026-02-11T00:00:00+0000,0.0065965,0.0066,0.0065965,0.0066,21
2026-02-11T02:00:00+0000,0.006617,0.006617,0.006617,0.006617,1
2026-02-11T03:00:00+0000,0.006618,0.006618,0.006618,0.006618,1
2026-02-11T04:00:00+0000,0.006628,0.0066295,0.0066265,0.0066295,4
2026-02-11T05:00:00+0000,0.006628,0.0066335,0.006628,0.0066335,2
2026-02-11T07:00:00+0000,0.006635,0.006635,0.006635,0.006635,1
2026-02-11T09:00:00+0000,0.006631,0.006631,0.006631,0.006631,1
2026-02-11T12:00:00+0000,0.0066215,0.006622,0.0066215,0.006622,2
2026-02-11T13:00:00+0000,0.006618,0.006635,0.0065845,0.006608,7
2026-02-11T15:00:00+0000,0.006635,0.006635,0.006635,0.006635,1
2026-02-11T16:00:00+0000,0.00664,0.00664,0.00664,0.00664,1
2026-02-11T17:00:00+0000,0.006655,0.006655,0.006655,0.006655,1
2026-02-11T21:00:00+0000,0.006634,0.006634,0.006634,0.006634,2
2026-02-12T00:00:00+0000,0.006637,0.006637,0.006637,0.006637,1
2026-02-12T02:00:00+0000,0.0066545,0.006659,0.0066545,0.006659,3
2026-02-12T03:00:00+0000,0.006672,0.006672,0.006672,0.006672,1
2026-02-12T04:00:00+0000,0.0066635,0.0066635,0.0066635,0.0066635,1
2026-02-12T05:00:00+0000,0.0066455,0.006647,0.006645,0.006647,5
2026-02-12T06:00:00+0000,0.006644,0.006644,0.006625,0.0066265,7
2026-02-12T07:00:00+0000,0.006636,0.00664,0.006636,0.0066395,3
2026-02-12T08:00:00+0000,0.006651,0.006652,0.006651,0.006652,4
2026-02-12T10:00:00+0000,0.006643,0.006643,0.006643,0.006643,2
2026-02-12T11:00:00+0000,0.006634,0.0066345,0.0066335,0.0066345,33
2026-02-12T12:00:00+0000,0.006625,0.006625,0.0066125,0.0066125,4
2026-02-12T13:00:00+0000,0.006621,0.006634,0.006621,0.006634,4
2026-02-12T14:00:00+0000,0.006642,0.006642,0.006642,0.006642,1
2026-02-12T15:00:00+0000,0.006645,0.006651,0.006645,0.0066475,5
2026-02-12T16:00:00+0000,0.006658,0.0066595,0.0066535,0.0066595,6
2026-02-12T23:00:00+0000,0.0066505,0.0066505,0.0066505,0.0066505,1
2026-02-13T00:00:00+0000,0.0066505,0.0066505,0.006646,0.0066475,4
2026-02-13T01:00:00+0000,0.006652,0.006652,0.006652,0.006652,1
2026-02-13T02:00:00+0000,0.006642,0.006642,0.006642,0.006642,2
2026-02-13T03:00:00+0000,0.00665,0.00665,0.006649,0.006649,2
2026-02-13T04:00:00+0000,0.0066425,0.0066425,0.0066375,0.0066375,2
2026-02-13T05:00:00+0000,0.006632,0.0066325,0.006632,0.0066325,2
2026-02-13T06:00:00+0000,0.0066375,0.0066375,0.006629,0.006629,2
2026-02-13T07:00:00+0000,0.0066185,0.006626,0.0066185,0.00662,5
2026-02-13T08:00:00+0000,0.0066205,0.0066205,0.006618,0.006618,2
2026-02-13T09:00:00+0000,0.006618,0.006618,0.006618,0.006618,1
2026-02-13T11:00:00+0000,0.006627,0.0066335,0.006627,0.0066325,3
2026-02-13T13:00:00+0000,0.0066425,0.0066425,0.006642,0.006642,2
2026-02-13T14:00:00+0000,0.00665,0.006652,0.00665,0.006652,3
2026-02-13T17:00:00+0000,0.006657,0.006657,0.006656,0.006656,2
2026-02-13T19:00:00+0000,0.006651,0.0066515,0.006651,0.0066515,2
2026-02-13T20:00:00+0000,0.006652,0.006652,0.006652,0.006652,1
2026-02-13T21:00:00+0000,0.0066565,0.006657,0.0066565,0.006657,2
2026-02-16T00:00:00+0000,0.006647,0.006648,0.0066415,0.0066425,5
2026-02-16T02:00:00+0000,0.00664,0.0066415,0.00664,0.0066415,2
2026-02-16T03:00:00+0000,0.006643,0.006643,0.006641,0.006642,3
2026-02-16T04:00:00+0000,0.0066415,0.0066415,0.0066365,0.0066365,2
2026-02-16T06:00:00+0000,0.006635,0.006635,0.006635,0.006635,1
2026-02-16T07:00:00+0000,0.0066315,0.0066315,0.0066315,0.0066315,1
2026-02-16T08:00:00+0000,0.006631,0.006631,0.006628,0.006628,2
2026-02-16T09:00:00+0000,0.006619,0.006619,0.006619,0.006619,2
2026-02-16T10:00:00+0000,0.006618,0.006618,0.006618,0.006618,2
2026-02-17T02:00:00+0000,0.006635,0.006636,0.006635,0.006636,2
2026-02-17T03:00:00+0000,0.0066375,0.0066375,0.0066375,0.0066375,1
2026-02-17T05:00:00+0000,0.0066455,0.0066455,0.0066455,0.0066455,1
2026-02-17T06:00:00+0000,0.0066495,0.0066495,0.0066475,0.0066475,3
2026-02-17T07:00:00+0000,0.00665,0.00665,0.00665,0.00665,1
2026-02-17T08:00:00+0000,0.0066505,0.0066505,0.0066505,0.0066505,1
2026-02-17T11:00:00+0000,0.006638,0.006638,0.0066375,0.0066375,2
2026-02-17T12:00:00+0000,0.006637,0.006637,0.006637,0.006637,1
2026-02-17T14:00:00+0000,0.00663,0.00663,0.0066285,0.0066285,2
2026-02-17T15:00:00+0000,0.0066065,0.0066065,0.0066065,0.0066065,4
2026-02-17T17:00:00+0000,0.006622,0.006622,0.006622,0.006622,1
2026-02-17T18:00:00+0000,0.0066275,0.0066275,0.0066275,0.0066275,1
2026-02-17T23:00:00+0000,0.0066305,0.0066305,0.0066305,0.0066305,1
2026-02-18T00:00:00+0000,0.0066395,0.0066395,0.0066395,0.0066395,1
2026-02-18T04:00:00+0000,0.006619,0.006619,0.006619,0.006619,1
2026-02-18T05:00:00+0000,0.006618,0.006618,0.006618,0.006618,1
2026-02-18T06:00:00+0000,0.006624,0.006624,0.006623,0.006623,2
2026-02-18T07:00:00+0000,0.0066155,0.0066155,0.0066155,0.0066155,1
2026-02-18T08:00:00+0000,0.006614,0.006614,0.006613,0.006613,2
2026-02-18T09:00:00+0000,0.006614,0.006614,0.0066105,0.006612,4
2026-02-18T11:00:00+0000,0.0066105,0.006615,0.0066105,0.006615,2
2026-02-18T12:00:00+0000,0.006617,0.006617,0.006617,0.006617,1
2026-02-18T13:00:00+0000,0.0066125,0.0066125,0.0066045,0.0066045,8
2026-02-18T15:00:00+0000,0.006585,0.0065855,0.006585,0.0065855,11
2026-02-19T03:00:00+0000,0.006557,0.0065595,0.006545,0.006551,10
2026-02-19T06:00:00+0000,0.0065445,0.0065515,0.0065445,0.0065505,4
2026-02-19T08:00:00+0000,0.006563,0.0065645,0.0065625,0.0065635,6
2026-02-19T10:00:00+0000,0.0065625,0.0065625,0.0065625,0.0065625,1
2026-02-20T00:00:00+0000,0.006551,0.0065515,0.0065485,0.0065485,100
2026-02-20T05:00:00+0000,0.006546,0.006546,0.006546,0.006546,1
2026-02-20T08:00:00+0000,0.00654,0.00654,0.00654,0.00654,2
2026-02-22T23:00:00+0000,0.0065635,0.0065635,0.0065635,0.0065635,1
2026-02-23T00:00:00+0000,0.006584,0.006585,0.006584,0.006585,9
2026-02-23T13:00:00+0000,0.0065735,0.0065735,0.006573,0.006573,2
2026-02-24T00:00:00+0000,0.0065675,0.0065675,0.0065675,0.0065675,2
2026-02-24T01:00:00+0000,0.0065595,0.0065595,0.006555,0.006555,11
2026-02-24T02:00:00+0000,0.0065535,0.0065535,0.0065535,0.0065535,1
2026-02-24T04:00:00+0000,0.0065525,0.0065525,0.006547,0.006547,4
2026-02-24T05:00:00+0000,0.006547,0.0065485,0.006547,0.0065485,7
2026-02-24T07:00:00+0000,0.0065425,0.0065425,0.0065425,0.0065425,1
2026-02-24T13:00:00+0000,0.0065195,0.0065195,0.0065195,0.0065195,1
2026-02-25T05:00:00+0000,0.006525,0.006525,0.006525,0.006525,1
2026-02-25T08:00:00+0000,0.006507,0.006507,0.006507,0.006507,1
2026-02-25T09:00:00+0000,0.006497,0.006497,0.006497,0.006497,1
2026-02-25T10:00:00+0000,0.0064835,0.0064845,0.0064835,0.006484,51
2026-02-25T11:00:00+0000,0.006482,0.006482,0.006482,0.006482,2
2026-02-25T17:00:00+0000,0.0065,0.0065,0.0065,0.0065,1
2026-02-25T19:00:00+0000,0.006493,0.006493,0.006493,0.006493,1
2026-02-26T00:00:00+0000,0.006512,0.006512,0.006512,0.006512,1
2026-02-26T01:00:00+0000,0.006517,0.006517,0.006517,0.006517,1
2026-02-26T02:00:00+0000,0.00651,0.00651,0.00651,0.00651,1
2026-02-27T05:00:00+0000,0.006521,0.006521,0.006521,0.006521,1
2026-02-27T07:00:00+0000,0.0065065,0.0065065,0.0065065,0.0065065,1
2026-02-27T08:00:00+0000,0.006509,0.006509,0.0065045,0.0065045,4
2026-02-27T14:00:00+0000,0.006511,0.006511,0.006511,0.006511,1
2026-02-27T19:00:00+0000,0.0065115,0.0065115,0.0065115,0.0065115,1
2026-03-02T04:00:00+0000,0.006487,0.006487,0.006487,0.006487,1
2026-03-02T05:00:00+0000,0.006483,0.006483,0.006479,0.006479,2
2026-03-02T07:00:00+0000,0.006471,0.006471,0.006471,0.006471,1
2026-03-02T11:00:00+0000,0.006473,0.006473,0.006473,0.006473,5
2026-03-02T12:00:00+0000,0.0064595,0.0064595,0.0064595,0.0064595,16
2026-03-02T13:00:00+0000,0.0064515,0.0064515,0.006451,0.006451,40
2026-03-02T15:00:00+0000,0.0064405,0.0064405,0.0064405,0.0064405,5
2026-03-02T23:00:00+0000,0.006461,0.006461,0.006461,0.006461,1
2026-03-03T03:00:00+0000,0.0064545,0.0064545,0.0064545,0.0064545,1
2026-03-03T04:00:00+0000,0.006456,0.006456,0.006456,0.006456,1
2026-03-03T08:00:00+0000,0.006449,0.006449,0.006449,0.006449,1
2026-03-03T09:00:00+0000,0.0064465,0.0064465,0.0064465,0.0064465,1
2026-03-03T13:00:00+0000,0.006444,0.006444,0.006438,0.006438,2
2026-03-03T14:00:00+0000,0.0064355,0.0064355,0.0064355,0.0064355,1
2026-03-03T19:00:00+0000,0.00645,0.00645,0.00645,0.00645,1
2026-03-04T02:00:00+0000,0.006446,0.006446,0.006446,0.006446,1
2026-03-04T13:00:00+0000,0.0064635,0.0064635,0.0064635,0.0064635,1
2026-03-05T00:00:00+0000,0.0064755,0.0064775,0.0064755,0.0064775,2
2026-03-05T11:00:00+0000,0.006454,0.006454,0.006454,0.006454,1
2026-03-05T12:00:00+0000,0.006454,0.006454,0.006454,0.006454,1
2026-03-05T13:00:00+0000,0.006446,0.006446,0.006446,0.006446,1
2026-03-05T14:00:00+0000,0.0064435,0.0064435,0.0064435,0.0064435,6
2026-03-05T15:00:00+0000,0.0064415,0.0064415,0.0064415,0.0064415,6
2026-03-06T04:00:00+0000,0.0064415,0.0064415,0.0064415,0.0064415,1
2026-03-06T05:00:00+0000,0.00644,0.00644,0.00644,0.00644,12
2026-03-06T06:00:00+0000,0.0064365,0.0064365,0.0064365,0.0064365,5
2026-03-06T13:00:00+0000,0.0064315,0.006432,0.0064315,0.006432,2
2026-03-08T22:00:00+0000,0.00642,0.00642,0.00642,0.00642,1
2026-03-09T00:00:00+0000,0.006405,0.006405,0.006402,0.006402,2
2026-03-09T03:00:00+0000,0.0064015,0.0064015,0.0064015,0.0064015,1
2026-03-09T04:00:00+0000,0.0063965,0.006399,0.0063965,0.006399,2
2026-03-09T12:00:00+0000,0.0064105,0.0064105,0.006405,0.006405,9
2026-03-09T13:00:00+0000,0.0064055,0.0064185,0.0064055,0.006414,12
2026-03-09T14:00:00+0000,0.006413,0.006413,0.0064125,0.0064125,5
2026-03-09T15:00:00+0000,0.006416,0.006424,0.006416,0.006424,9
2026-03-09T16:00:00+0000,0.006427,0.006427,0.006427,0.006427,2
2026-03-09T17:00:00+0000,0.006418,0.006418,0.006418,0.006418,5
2026-03-09T20:00:00+0000,0.0064385,0.0064385,0.0064385,0.0064385,1
2026-03-10T00:00:00+0000,0.0064395,0.0064395,0.0064395,0.0064395,2
2026-03-10T04:00:00+0000,0.0064305,0.006435,0.0064305,0.006434,20
2026-03-10T05:00:00+0000,0.00644,0.00644,0.00644,0.00644,1
2026-03-10T19:00:00+0000,0.006431,0.006431,0.006431,0.006431,10
2026-03-10T20:00:00+0000,0.0064255,0.0064255,0.0064235,0.0064235,2
2026-03-11T15:00:00+0000,0.006395,0.006395,0.006395,0.006395,1
2026-03-11T16:00:00+0000,0.0063925,0.0063925,0.0063925,0.0063925,5
2026-03-12T00:00:00+0000,0.006378,0.006378,0.006376,0.006376,51
2026-03-12T02:00:00+0000,0.0063825,0.0063825,0.0063825,0.0063825,50
2026-03-12T03:00:00+0000,0.006383,0.006383,0.0063825,0.0063825,2
2026-03-12T06:00:00+0000,0.0063855,0.0063865,0.0063855,0.0063865,8
2026-03-12T09:00:00+0000,0.006396,0.006396,0.006396,0.006396,1
2026-03-12T12:00:00+0000,0.0063905,0.0063905,0.0063905,0.0063905,1
2026-03-12T13:00:00+0000,0.006391,0.006391,0.0063855,0.006386,63
2026-03-12T15:00:00+0000,0.0063755,0.0063755,0.006375,0.006375,2
2026-03-12T16:00:00+0000,0.006378,0.006378,0.006378,0.006378,1
2026-03-12T18:00:00+0000,0.00637,0.00637,0.00637,0.00637,1
2026-03-13T04:00:00+0000,0.006366,0.006366,0.006366,0.006366,1
2026-03-13T06:00:00+0000,0.0063695,0.0063695,0.0063695,0.0063695,1
2026-03-13T07:00:00+0000,0.00637,0.00637,0.00637,0.00637,1
2026-03-13T08:00:00+0000,0.0063695,0.00637,0.0063695,0.00637,2
2026-03-13T13:00:00+0000,0.0063785,0.00638,0.0063785,0.00638,2
2026-03-13T14:00:00+0000,0.006375,0.006375,0.006375,0.006375,1
2026-03-13T15:00:00+0000,0.00637,0.00637,0.00637,0.00637,2
2026-03-13T20:00:00+0000,0.006356,0.006356,0.0063555,0.0063555,3
2026-03-16T00:00:00+0000,0.006372,0.006372,0.006372,0.006372,1
2026-03-16T01:00:00+0000,0.006372,0.006372,0.0063695,0.0063695,2
2026-03-16T06:00:00+0000,0.0063715,0.0063715,0.0063715,0.0063715,1
2026-03-16T07:00:00+0000,0.0063705,0.0063705,0.0063705,0.0063705,1
2026-03-16T08:00:00+0000,0.006371,0.006371,0.006371,0.006371,1
2026-03-16T11:00:00+0000,0.00638,0.00638,0.00638,0.00638,2
2026-03-16T15:00:00+0000,0.0063735,0.0063735,0.0063735,0.0063735,12
2026-03-16T20:00:00+0000,0.0063815,0.006382,0.0063815,0.006382,2
2026-03-17T01:00:00+0000,0.0063675,0.0063675,0.0063675,0.0063675,1
2026-03-17T04:00:00+0000,0.0063695,0.0063695,0.0063695,0.0063695,4
2026-03-17T12:00:00+0000,0.0063825,0.0063825,0.0063825,0.0063825,1
2026-03-17T13:00:00+0000,0.006394,0.006394,0.0063935,0.0063935,4
2026-03-17T15:00:00+0000,0.006388,0.006388,0.006388,0.006388,12
2026-03-17T16:00:00+0000,0.0063805,0.0063875,0.0063805,0.0063875,3
2026-03-18T04:00:00+0000,0.0063875,0.0063875,0.0063875,0.0063875,1
2026-03-18T05:00:00+0000,0.0063915,0.0063915,0.0063915,0.0063915,1
2026-03-18T07:00:00+0000,0.006391,0.006391,0.006391,0.006391,1
2026-03-18T11:00:00+0000,0.006381,0.0063835,0.006381,0.0063835,28
2026-03-18T13:00:00+0000,0.006361,0.006362,0.006361,0.006361,3
2026-03-18T14:00:00+0000,0.006361,0.006361,0.006361,0.006361,1
2026-03-18T15:00:00+0000,0.006364,0.006365,0.0063625,0.0063625,7
2026-03-18T16:00:00+0000,0.0063615,0.0063615,0.0063615,0.0063615,2
2026-03-18T17:00:00+0000,0.006361,0.006361,0.006361,0.006361,1
2026-03-18T18:00:00+0000,0.00636,0.00636,0.006357,0.006357,2
2026-03-18T19:00:00+0000,0.00635,0.00635,0.00635,0.00635,2
2026-03-18T20:00:00+0000,0.006349,0.006349,0.006347,0.0063475,6
2026-03-19T00:00:00+0000,0.006352,0.006354,0.0063515,0.006354,3
2026-03-19T02:00:00+0000,0.0063595,0.0063595,0.0063595,0.0063595,1
2026-03-19T08:00:00+0000,0.006375,0.0063775,0.0063715,0.0063715,4
2026-03-19T09:00:00+0000,0.0063735,0.0063735,0.0063735,0.0063735,1
2026-03-19T10:00:00+0000,0.006376,0.006376,0.006376,0.006376,1
2026-03-19T13:00:00+0000,0.0063885,0.006402,0.0063885,0.006402,4
2026-03-19T14:00:00+0000,0.0064075,0.00641,0.0064075,0.00641,2
2026-03-19T15:00:00+0000,0.006414,0.006414,0.006408,0.006408,2
2026-03-19T17:00:00+0000,0.006425,0.0064295,0.006425,0.0064295,3
2026-03-19T20:00:00+0000,0.006437,0.0064385,0.006437,0.0064385,2
2026-03-20T01:00:00+0000,0.006427,0.006427,0.006427,0.006427,1
2026-03-20T02:00:00+0000,0.006415,0.006415,0.006413,0.006413,2
2026-03-20T05:00:00+0000,0.0064075,0.0064075,0.006407,0.006407,3
2026-03-20T08:00:00+0000,0.006405,0.006405,0.006405,0.006405,1
2026-03-20T09:00:00+0000,0.0063995,0.0063995,0.0063985,0.0063985,2
2026-03-20T11:00:00+0000,0.0063985,0.0063985,0.0063985,0.0063985,1
2026-03-20T13:00:00+0000,0.006386,0.006386,0.006386,0.006386,1
2026-03-20T14:00:00+0000,0.006379,0.006379,0.0063785,0.0063785,2
2026-03-20T15:00:00+0000,0.006383,0.006383,0.006383,0.006383,1
2026-03-20T16:00:00+0000,0.006375,0.006376,0.006375,0.006376,4
2026-03-20T18:00:00+0000,0.006375,0.006375,0.006375,0.006375,1
2026-03-20T19:00:00+0000,0.0063725,0.0063725,0.0063695,0.00637,6
2026-03-22T22:00:00+0000,0.006367,0.006367,0.006367,0.006367,1
2026-03-22T23:00:00+0000,0.0063745,0.0063745,0.0063745,0.0063745,1
2026-03-23T00:00:00+0000,0.00637,0.00637,0.00637,0.00637,1
2026-03-23T06:00:00+0000,0.00636,0.00636,0.00636,0.00636,2
2026-03-23T07:00:00+0000,0.0063605,0.0063605,0.0063605,0.0063605,1
2026-03-23T08:00:00+0000,0.006364,0.0063685,0.006364,0.006368,4
2026-03-23T11:00:00+0000,0.006379,0.006412,0.006379,0.0063885,12
2026-03-23T12:00:00+0000,0.0063835,0.006399,0.0063835,0.006399,2
2026-03-23T13:00:00+0000,0.006399,0.006405,0.0063985,0.006405,14
2026-03-23T14:00:00+0000,0.006408,0.006415,0.006407,0.006415,6
2026-03-23T15:00:00+0000,0.0064,0.0064,0.0064,0.0064,1
2026-03-23T19:00:00+0000,0.006415,0.006415,0.006415,0.006415,1
2026-03-23T20:00:00+0000,0.006407,0.006407,0.006407,0.006407,1
2026-03-23T23:00:00+0000,0.006409,0.006409,0.006406,0.006406,3
2026-03-24T01:00:00+0000,0.0063975,0.006399,0.0063975,0.006399,6
2026-03-24T02:00:00+0000,0.006398,0.0063985,0.006397,0.006397,3
2026-03-24T06:00:00+0000,0.006396,0.006396,0.006396,0.006396,2
2026-03-24T10:00:00+0000,0.0063905,0.0063905,0.0063905,0.0063905,1
2026-03-24T12:00:00+0000,0.00639,0.00639,0.00639,0.00639,1
2026-03-24T13:00:00+0000,0.006387,0.006387,0.006387,0.006387,1
2026-03-24T14:00:00+0000,0.0063965,0.0063975,0.0063935,0.0063935,16
2026-03-24T17:00:00+0000,0.006375,0.006375,0.006375,0.006375,1
2026-03-24T18:00:00+0000,0.0063845,0.0063845,0.0063845,0.0063845,1
2026-03-24T20:00:00+0000,0.006385,0.006405,0.006385,0.006405,2
2026-03-25T00:00:00+0000,0.006395,0.006395,0.0063905,0.0063905,4
2026-03-25T02:00:00+0000,0.0063895,0.0063895,0.0063895,0.0063895,1
2026-03-25T08:00:00+0000,0.0063845,0.006392,0.0063845,0.006388,19
2026-03-25T09:00:00+0000,0.006388,0.006388,0.006388,0.006388,1
2026-03-25T10:00:00+0000,0.0063855,0.0063855,0.0063855,0.0063855,1
2026-03-25T11:00:00+0000,0.006386,0.006386,0.006386,0.006386,2
2026-03-25T14:00:00+0000,0.006374,0.0063755,0.006373,0.0063755,4
2026-03-25T15:00:00+0000,0.006379,0.006379,0.006375,0.006375,6
2026-03-25T16:00:00+0000,0.00637,0.00637,0.00637,0.00637,1
2026-03-25T17:00:00+0000,0.0063725,0.0063725,0.0063725,0.0063725,1
2026-03-25T18:00:00+0000,0.0063635,0.006364,0.0063635,0.006364,2
2026-03-25T19:00:00+0000,0.0063625,0.0063625,0.006362,0.006362,6
2026-03-25T20:00:00+0000,0.006362,0.006362,0.006362,0.006362,1
2026-03-25T23:00:00+0000,0.006364,0.006364,0.006364,0.006364,1
2026-03-26T00:00:00+0000,0.006366,0.006366,0.00636,0.00636,3
2026-03-26T02:00:00+0000,0.006359,0.006359,0.006359,0.006359,1
2026-03-26T03:00:00+0000,0.006359,0.006359,0.006359,0.006359,1
2026-03-26T05:00:00+0000,0.006361,0.006361,0.006361,0.006361,1
2026-03-26T13:00:00+0000,0.006358,0.006358,0.006356,0.006356,5
2026-03-26T14:00:00+0000,0.006358,0.006358,0.006358,0.006358,1
2026-03-26T15:00:00+0000,0.0063575,0.0063575,0.0063575,0.0063575,1
2026-03-26T17:00:00+0000,0.006353,0.006353,0.0063495,0.0063495,11
2026-03-26T19:00:00+0000,0.006347,0.0063475,0.0063465,0.0063465,4
2026-03-26T20:00:00+0000,0.006347,0.0063625,0.006347,0.00635,17
2026-03-27T00:00:00+0000,0.006352,0.006352,0.006352,0.006352,1
2026-03-27T01:00:00+0000,0.006359,0.006359,0.006359,0.006359,1
2026-03-27T03:00:00+0000,0.006356,0.006356,0.0063555,0.0063555,3
2026-03-27T06:00:00+0000,0.006355,0.006355,0.0063515,0.0063515,4
2026-03-27T07:00:00+0000,0.006341,0.006341,0.006341,0.006341,1
2026-03-27T08:00:00+0000,0.006342,0.006342,0.006342,0.006342,2
2026-03-27T09:00:00+0000,0.006347,0.006347,0.006347,0.006347,1
2026-03-27T12:00:00+0000,0.0063425,0.0063425,0.0063425,0.0063425,1
2026-03-27T13:00:00+0000,0.006343,0.0063435,0.006343,0.0063435,2
2026-03-27T14:00:00+0000,0.006345,0.0063465,0.006345,0.0063465,4
2026-03-27T15:00:00+0000,0.0063495,0.0063495,0.006339,0.006339,6
2026-03-27T16:00:00+0000,0.006335,0.0063365,0.0063335,0.0063365,10
2026-03-27T17:00:00+0000,0.006328,0.006328,0.0063255,0.0063255,2
2026-03-27T19:00:00+0000,0.0063285,0.0063285,0.0063285,0.0063285,1
2026-03-29T22:00:00+0000,0.0063225,0.0063225,0.0063215,0.0063215,3
2026-03-29T23:00:00+0000,0.006324,0.006324,0.006324,0.006324,1
2026-03-30T00:00:00+0000,0.006331,0.006341,0.006331,0.006341,9
2026-03-30T01:00:00+0000,0.0063425,0.0063425,0.0063425,0.0063425,1
2026-03-30T02:00:00+0000,0.006345,0.006345,0.006345,0.006345,1
2026-03-30T03:00:00+0000,0.006345,0.0063485,0.006345,0.0063485,4
2026-03-30T06:00:00+0000,0.006352,0.006352,0.0063455,0.0063455,2
2026-03-30T07:00:00+0000,0.0063515,0.0063515,0.0063515,0.0063515,1
2026-03-30T08:00:00+0000,0.0063545,0.0063545,0.0063545,0.0063545,1
2026-03-30T09:00:00+0000,0.0063505,0.0063505,0.0063505,0.0063505,2
2026-03-30T10:00:00+0000,0.006355,0.006355,0.006355,0.006355,3
2026-03-30T11:00:00+0000,0.0063585,0.0063585,0.0063585,0.0063585,1
2026-03-30T12:00:00+0000,0.006357,0.006357,0.006357,0.006357,1
2026-03-30T13:00:00+0000,0.0063645,0.0063645,0.0063565,0.006357,7
2026-03-30T14:00:00+0000,0.0063555,0.006358,0.0063555,0.006358,2
2026-03-30T15:00:00+0000,0.006355,0.0063585,0.006353,0.0063585,7
2026-03-30T16:00:00+0000,0.0063595,0.00636,0.0063595,0.0063595,4
2026-03-30T18:00:00+0000,0.0063535,0.0063535,0.0063535,0.0063535,1
2026-03-30T20:00:00+0000,0.00635,0.00635,0.00635,0.00635,1
2026-03-31T00:00:00+0000,0.006345,0.006345,0.00634,0.00634,2
2026-03-31T01:00:00+0000,0.00634,0.006349,0.00634,0.006349,3
2026-03-31T02:00:00+0000,0.00635,0.00635,0.00635,0.00635,1
2026-03-31T04:00:00+0000,0.006353,0.006353,0.0063515,0.0063515,3
2026-03-31T05:00:00+0000,0.006356,0.006356,0.006356,0.006356,1
2026-03-31T06:00:00+0000,0.006351,0.0063515,0.006351,0.006351,7
2026-03-31T07:00:00+0000,0.006351,0.006351,0.006351,0.006351,1
2026-03-31T08:00:00+0000,0.006353,0.006353,0.006353,0.006353,3
2026-03-31T11:00:00+0000,0.00635,0.006354,0.00635,0.006354,2
2026-03-31T12:00:00+0000,0.006356,0.006359,0.006356,0.006359,3
2026-03-31T13:00:00+0000,0.006367,0.0063715,0.006367,0.0063715,2
2026-03-31T14:00:00+0000,0.0063835,0.0063835,0.0063685,0.0063725,19
2026-03-31T15:00:00+0000,0.006373,0.0063785,0.006373,0.0063775,11
2026-03-31T16:00:00+0000,0.0063695,0.0063755,0.0063695,0.0063755,4
2026-03-31T17:00:00+0000,0.0063825,0.006384,0.006382,0.006384,5
2026-03-31T18:00:00+0000,0.0063795,0.006384,0.0063795,0.006384,2
2026-03-31T19:00:00+0000,0.0063775,0.006388,0.0063775,0.006388,9
2026-03-31T20:00:00+0000,0.006389,0.006389,0.006389,0.006389,2
2026-03-31T23:00:00+0000,0.0063895,0.0063915,0.0063895,0.0063915,3
2026-04-01T00:00:00+0000,0.0063915,0.0063945,0.0063855,0.0063855,9
2026-04-01T01:00:00+0000,0.0063815,0.0063845,0.0063755,0.0063845,9
2026-04-01T02:00:00+0000,0.0063855,0.006388,0.0063855,0.006388,5
2026-04-01T03:00:00+0000,0.0063875,0.0063875,0.0063875,0.0063875,1
2026-04-01T04:00:00+0000,0.006379,0.006379,0.006379,0.006379,1
2026-04-01T05:00:00+0000,0.006381,0.006389,0.006381,0.006389,6
2026-04-01T06:00:00+0000,0.0063895,0.0064,0.0063895,0.006399,36
2026-04-01T07:00:00+0000,0.0063985,0.0063985,0.0063985,0.0063985,1
2026-04-01T09:00:00+0000,0.006394,0.006394,0.0063855,0.0063855,5
2026-04-01T11:00:00+0000,0.006396,0.006396,0.006396,0.006396,2
2026-04-01T12:00:00+0000,0.0064015,0.006403,0.006394,0.006394,6
2026-04-01T13:00:00+0000,0.006395,0.006395,0.0063905,0.0063905,7
2026-04-01T14:00:00+0000,0.0063805,0.0063865,0.0063805,0.0063865,9
2026-04-01T15:00:00+0000,0.0063975,0.0063975,0.00639,0.00639,7
2026-04-01T16:00:00+0000,0.0063875,0.0063875,0.0063875,0.0063875,3
2026-04-01T23:00:00+0000,0.0063895,0.0063895,0.006388,0.006388,6
2026-04-02T01:00:00+0000,0.0063805,0.0063805,0.0063665,0.0063665,26
2026-04-02T02:00:00+0000,0.0063555,0.0063555,0.0063555,0.0063555,1
2026-04-02T03:00:00+0000,0.006361,0.006361,0.0063585,0.0063585,3
2026-04-02T04:00:00+0000,0.0063575,0.0063575,0.0063575,0.0063575,1
2026-04-02T06:00:00+0000,0.006358,0.006358,0.006358,0.006358,2
2026-04-02T07:00:00+0000,0.0063505,0.0063505,0.006347,0.006347,4
2026-04-02T08:00:00+0000,0.0063485,0.0063485,0.0063485,0.0063485,1
2026-04-02T09:00:00+0000,0.0063465,0.00635,0.0063465,0.00635,4
2026-04-02T11:00:00+0000,0.0063455,0.0063455,0.0063455,0.0063455,1
2026-04-02T14:00:00+0000,0.0063555,0.006362,0.0063555,0.006362,4
2026-04-02T17:00:00+0000,0.0063515,0.0063515,0.0063515,0.0063515,1
2026-04-02T18:00:00+0000,0.006349,0.0063495,0.0063485,0.0063495,13
2026-04-03T01:00:00+0000,0.006349,0.006349,0.006349,0.006349,1
2026-04-03T02:00:00+0000,0.0063475,0.0063475,0.0063465,0.0063465,3
2026-04-03T04:00:00+0000,0.0063505,0.0063505,0.0063505,0.0063505,1
2026-04-03T13:00:00+0000,0.0063515,0.0063535,0.0063515,0.0063535,2
2026-04-05T22:00:00+0000,0.006344,0.006346,0.006344,0.006346,14
2026-04-06T02:00:00+0000,0.0063505,0.0063505,0.0063505,0.0063505,2
2026-04-06T07:00:00+0000,0.006346,0.0063595,0.006346,0.006359,6
2026-04-06T09:00:00+0000,0.006359,0.006359,0.006359,0.006359,1
2026-04-06T11:00:00+0000,0.006355,0.006355,0.006355,0.006355,2
2026-04-06T14:00:00+0000,0.006353,0.006353,0.0063445,0.0063445,8
2026-04-06T15:00:00+0000,0.006342,0.006342,0.006342,0.006342,1
2026-04-06T20:00:00+0000,0.006345,0.0063455,0.006345,0.0063455,2
2026-04-07T00:00:00+0000,0.0063445,0.0063445,0.006342,0.006342,2
2026-04-07T01:00:00+0000,0.00634,0.00634,0.0063375,0.0063375,10
2026-04-07T02:00:00+0000,0.006336,0.0063385,0.006336,0.0063385,4
2026-04-07T03:00:00+0000,0.006339,0.006339,0.006339,0.006339,1
2026-04-07T08:00:00+0000,0.006343,0.0063515,0.006343,0.0063515,14
2026-04-07T09:00:00+0000,0.0063525,0.0063525,0.0063525,0.0063525,5
2026-04-07T10:00:00+0000,0.0063435,0.0063435,0.0063435,0.0063435,3
2026-04-07T13:00:00+0000,0.006339,0.006339,0.0063375,0.0063375,5
2026-04-07T14:00:00+0000,0.006336,0.006336,0.006336,0.006336,4
2026-04-07T15:00:00+0000,0.006335,0.006335,0.006335,0.006335,1
2026-04-07T17:00:00+0000,0.006339,0.006342,0.006339,0.006342,2
2026-04-07T19:00:00+0000,0.006349,0.00635,0.006349,0.006349,3
2026-04-07T20:00:00+0000,0.006351,0.006351,0.006351,0.006351,1
2026-04-07T22:00:00+0000,0.006356,0.0063695,0.006356,0.0063695,4
2026-04-07T23:00:00+0000,0.0063855,0.0063855,0.0063855,0.0063855,1
2026-04-08T00:00:00+0000,0.00639,0.0063905,0.00639,0.0063905,8
2026-04-08T01:00:00+0000,0.006392,0.006394,0.006391,0.006394,7
2026-04-08T03:00:00+0000,0.0063955,0.006396,0.0063955,0.006396,4
2026-04-08T04:00:00+0000,0.0063965,0.006397,0.0063965,0.0063965,3
2026-04-08T05:00:00+0000,0.0064,0.006405,0.0064,0.0064,5
2026-04-08T06:00:00+0000,0.006401,0.006408,0.006401,0.006408,13
2026-04-08T07:00:00+0000,0.006407,0.006407,0.006407,0.006407,1
2026-04-08T10:00:00+0000,0.006395,0.006395,0.006395,0.006395,1
2026-04-08T11:00:00+0000,0.006402,0.006402,0.006402,0.006402,1
2026-04-08T12:00:00+0000,0.006406,0.0064105,0.0064,0.0064105,12
2026-04-08T13:00:00+0000,0.00641,0.00641,0.006399,0.0063995,10
2026-04-08T14:00:00+0000,0.0064005,0.0064005,0.006397,0.0064,3
2026-04-08T15:00:00+0000,0.006394,0.006394,0.006394,0.006394,1
2026-04-08T16:00:00+0000,0.006394,0.0063945,0.006394,0.006394,3
2026-04-08T17:00:00+0000,0.006392,0.006392,0.006392,0.006392,1
2026-04-08T19:00:00+0000,0.0063875,0.0063875,0.0063875,0.0063875,1
2026-04-08T20:00:00+0000,0.006388,0.006388,0.006388,0.006388,2
2026-04-09T01:00:00+0000,0.0063725,0.0063725,0.0063725,0.0063725,1
2026-04-09T06:00:00+0000,0.006376,0.006376,0.006376,0.006376,1
2026-04-09T08:00:00+0000,0.006371,0.006371,0.006367,0.006367,2
2026-04-09T14:00:00+0000,0.006361,0.006361,0.006361,0.006361,1
2026-04-09T15:00:00+0000,0.0063615,0.006373,0.0063615,0.006373,7
2026-04-09T16:00:00+0000,0.006381,0.006381,0.006381,0.006381,1
2026-04-09T17:00:00+0000,0.0063805,0.0063805,0.0063805,0.0063805,2
2026-04-09T18:00:00+0000,0.006374,0.006374,0.006374,0.006374,1
2026-04-09T19:00:00+0000,0.0063665,0.0063665,0.0063665,0.0063665,5
2026-04-10T00:00:00+0000,0.00636,0.00636,0.00636,0.00636,1
2026-04-10T01:00:00+0000,0.0063605,0.0063605,0.0063605,0.0063605,1
2026-04-10T02:00:00+0000,0.006368,0.006368,0.006368,0.006368,1
2026-04-10T05:00:00+0000,0.006359,0.006359,0.006359,0.006359,2
2026-04-10T06:00:00+0000,0.0063575,0.006358,0.006355,0.006358,4
2026-04-10T09:00:00+0000,0.0063615,0.0063615,0.0063615,0.0063615,1
2026-04-10T11:00:00+0000,0.0063615,0.0063615,0.0063615,0.0063615,1
2026-04-10T12:00:00+0000,0.0063715,0.0063715,0.006371,0.0063715,5
2026-04-10T14:00:00+0000,0.006365,0.006365,0.006361,0.006361,5
2026-04-10T15:00:00+0000,0.0063675,0.0063675,0.0063675,0.0063675,2
2026-04-10T18:00:00+0000,0.00636,0.00636,0.00636,0.00636,1
2026-04-10T20:00:00+0000,0.006356,0.006356,0.006356,0.006356,2
2026-04-12T22:00:00+0000,0.0063375,0.0063375,0.006336,0.006336,4
2026-04-12T23:00:00+0000,0.006336,0.006336,0.006336,0.006336,5
2026-04-13T01:00:00+0000,0.006341,0.006341,0.006339,0.0063395,5
2026-04-13T02:00:00+0000,0.006342,0.006342,0.006342,0.006342,2
2026-04-13T03:00:00+0000,0.006341,0.006341,0.006341,0.006341,1
2026-04-13T04:00:00+0000,0.006341,0.006341,0.00634,0.00634,2
2026-04-13T08:00:00+0000,0.0063435,0.0063445,0.006343,0.006343,6
2026-04-13T10:00:00+0000,0.0063405,0.006341,0.0063405,0.006341,51
2026-04-13T12:00:00+0000,0.0063355,0.0063415,0.0063355,0.0063415,5
2026-04-13T13:00:00+0000,0.006339,0.006339,0.006339,0.006339,2
2026-04-13T14:00:00+0000,0.0063455,0.0063455,0.0063455,0.0063455,1
2026-04-13T16:00:00+0000,0.00635,0.006351,0.00635,0.006351,5
2026-04-13T17:00:00+0000,0.006355,0.006355,0.006355,0.006355,1
2026-04-13T18:00:00+0000,0.0063565,0.0063565,0.0063555,0.0063555,3
2026-04-13T20:00:00+0000,0.006352,0.006352,0.006352,0.006352,1
2026-04-13T23:00:00+0000,0.0063595,0.0063595,0.0063595,0.0063595,1
2026-04-14T00:00:00+0000,0.006356,0.006356,0.006356,0.006356,1
2026-04-14T01:00:00+0000,0.0063615,0.0063615,0.0063615,0.0063615,2
2026-04-14T04:00:00+0000,0.0063645,0.0063645,0.0063645,0.0063645,1
2026-04-14T07:00:00+0000,0.006368,0.006368,0.006368,0.006368,1
2026-04-14T09:00:00+0000,0.006372,0.006374,0.006372,0.0063725,4
2026-04-14T10:00:00+0000,0.0063745,0.006375,0.0063745,0.0063745,3
2026-04-14T12:00:00+0000,0.006375,0.0063805,0.006375,0.00638,6
2026-04-14T13:00:00+0000,0.0063785,0.0063785,0.0063785,0.0063785,2
2026-04-14T14:00:00+0000,0.006381,0.006381,0.006381,0.006381,1
2026-04-14T15:00:00+0000,0.006377,0.006378,0.006377,0.006378,3
2026-04-14T17:00:00+0000,0.0063805,0.0063805,0.0063805,0.0063805,1
2026-04-14T19:00:00+0000,0.006374,0.006374,0.0063735,0.0063735,3
2026-04-14T22:00:00+0000,0.0063765,0.0063765,0.0063765,0.0063765,1
2026-04-15T00:00:00+0000,0.006374,0.006374,0.006374,0.006374,2
2026-04-15T02:00:00+0000,0.0063715,0.0063715,0.006371,0.006371,2
2026-04-15T06:00:00+0000,0.006372,0.006372,0.0063695,0.0063695,2
2026-04-15T08:00:00+0000,0.0063755,0.0063795,0.0063755,0.0063795,2
2026-04-15T10:00:00+0000,0.00637,0.00637,0.00637,0.00637,1
2026-04-15T11:00:00+0000,0.0063655,0.0063655,0.0063655,0.0063655,1
2026-04-15T13:00:00+0000,0.006369,0.006369,0.0063675,0.0063675,2
2026-04-15T16:00:00+0000,0.0063765,0.0063765,0.006376,0.006376,2
2026-04-15T22:00:00+0000,0.006372,0.006372,0.006372,0.006372,2
2026-04-16T00:00:00+0000,0.0063765,0.0063765,0.006376,0.006376,3
2026-04-16T01:00:00+0000,0.0063745,0.0063785,0.0063745,0.0063785,6
2026-04-16T02:00:00+0000,0.006376,0.006384,0.006375,0.006384,7
2026-04-16T03:00:00+0000,0.006391,0.006396,0.006383,0.006383,20
2026-04-16T04:00:00+0000,0.006379,0.006379,0.006378,0.006378,3
2026-04-16T05:00:00+0000,0.006378,0.006378,0.0063755,0.0063755,3
2026-04-16T06:00:00+0000,0.0063705,0.0063745,0.0063705,0.0063745,10
2026-04-16T07:00:00+0000,0.0063765,0.0063765,0.0063765,0.0063765,2
2026-04-16T08:00:00+0000,0.0063695,0.0063695,0.0063645,0.0063645,4
2026-04-16T11:00:00+0000,0.006367,0.006367,0.006367,0.006367,50
2026-04-16T13:00:00+0000,0.006366,0.006366,0.0063645,0.0063645,5
2026-04-16T14:00:00+0000,0.006361,0.006361,0.0063565,0.0063565,5
2026-04-16T15:00:00+0000,0.0063605,0.0063605,0.0063605,0.0063605,2
2026-04-16T18:00:00+0000,0.006358,0.006358,0.006358,0.006358,1
2026-04-17T00:00:00+0000,0.0063535,0.0063535,0.0063535,0.0063535,1
2026-04-17T01:00:00+0000,0.006352,0.006353,0.006352,0.006353,6
2026-04-17T02:00:00+0000,0.006351,0.006351,0.006351,0.006351,4
2026-04-17T03:00:00+0000,0.0063515,0.0063515,0.0063515,0.0063515,1
2026-04-17T05:00:00+0000,0.006346,0.006346,0.006346,0.006346,1
2026-04-17T06:00:00+0000,0.0063465,0.0063495,0.0063465,0.0063495,3
2026-04-17T07:00:00+0000,0.0063535,0.006354,0.0063535,0.006354,11
2026-04-17T09:00:00+0000,0.006366,0.006366,0.006366,0.006366,1
2026-04-17T10:00:00+0000,0.0063635,0.0063635,0.0063635,0.0063635,1
2026-04-17T11:00:00+0000,0.006358,0.0063585,0.006358,0.0063585,2
2026-04-17T12:00:00+0000,0.0063685,0.006387,0.0063685,0.006387,42
2026-04-17T13:00:00+0000,0.0063885,0.006402,0.0063885,0.006397,48
2026-04-17T14:00:00+0000,0.006397,0.0064205,0.006397,0.0064205,28
2026-04-17T15:00:00+0000,0.0064105,0.0064105,0.0064035,0.0064035,12
2026-04-17T16:00:00+0000,0.0063995,0.0064065,0.0063995,0.006404,9
2026-04-17T17:00:00+0000,0.006401,0.006401,0.006398,0.006398,6
2026-04-17T18:00:00+0000,0.0063965,0.0063965,0.006387,0.006387,8
2026-04-17T20:00:00+0000,0.00638,0.00638,0.00638,0.00638,1
2026-04-19T22:00:00+0000,0.0063655,0.0063655,0.0063655,0.0063655,1
2026-04-19T23:00:00+0000,0.0063655,0.0063655,0.006357,0.006357,21
2026-04-20T00:00:00+0000,0.006358,0.006359,0.006358,0.006358,3
2026-04-20T01:00:00+0000,0.0063695,0.0063695,0.0063695,0.0063695,1
2026-04-20T07:00:00+0000,0.00637,0.00637,0.00637,0.00637,8
2026-04-20T08:00:00+0000,0.0063625,0.0063625,0.0063625,0.0063625,1
2026-04-20T10:00:00+0000,0.00637,0.00637,0.00637,0.00637,1
2026-04-20T11:00:00+0000,0.0063745,0.0063745,0.0063745,0.0063745,1
2026-04-20T13:00:00+0000,0.0063785,0.006382,0.0063785,0.006382,4
2026-04-20T14:00:00+0000,0.006377,0.006377,0.006371,0.006371,2
2026-04-20T15:00:00+0000,0.00638,0.00638,0.00638,0.00638,1
2026-04-20T16:00:00+0000,0.0063795,0.0063795,0.006379,0.0063795,3
2026-04-20T18:00:00+0000,0.006374,0.006374,0.006368,0.006368,6
2026-04-20T19:00:00+0000,0.006373,0.0063735,0.006372,0.006372,3
2026-04-20T23:00:00+0000,0.006375,0.006375,0.006375,0.006375,1
2026-04-21T00:00:00+0000,0.006368,0.006368,0.0063675,0.0063675,3
2026-04-21T01:00:00+0000,0.0063675,0.0063675,0.0063675,0.0063675,1
2026-04-21T02:00:00+0000,0.0063665,0.0063665,0.0063665,0.0063665,1
2026-04-21T03:00:00+0000,0.0063665,0.0063665,0.0063665,0.0063665,1
2026-04-21T07:00:00+0000,0.006365,0.006365,0.006365,0.006365,1
2026-04-21T08:00:00+0000,0.0063615,0.0063615,0.006357,0.006357,3
2026-04-21T11:00:00+0000,0.0063575,0.0063615,0.0063575,0.0063615,2
2026-04-21T15:00:00+0000,0.0063535,0.0063535,0.006348,0.0063485,9
2026-04-21T16:00:00+0000,0.0063505,0.0063505,0.0063455,0.0063455,4
2026-04-21T17:00:00+0000,0.006344,0.0063545,0.006344,0.0063545,6
2026-04-21T18:00:00+0000,0.0063495,0.0063495,0.006347,0.006347,5
2026-04-21T19:00:00+0000,0.006355,0.006355,0.0063415,0.0063415,3
2026-04-21T20:00:00+0000,0.0063425,0.006352,0.0063425,0.006352,15
2026-04-22T00:00:00+0000,0.006355,0.006355,0.006355,0.006355,1
2026-04-22T01:00:00+0000,0.006354,0.006354,0.0063515,0.0063515,3
2026-04-22T02:00:00+0000,0.006351,0.006351,0.00635,0.00635,5
2026-04-22T03:00:00+0000,0.00635,0.00635,0.00635,0.00635,1
2026-04-22T05:00:00+0000,0.0063565,0.0063565,0.0063565,0.0063565,1
2026-04-22T09:00:00+0000,0.0063515,0.0063515,0.0063515,0.0063515,12
2026-04-22T10:00:00+0000,0.006356,0.006356,0.006356,0.006356,1
2026-04-22T11:00:00+0000,0.006356,0.006356,0.006356,0.006356,1
2026-04-22T13:00:00+0000,0.006358,0.006358,0.006358,0.006358,1
2026-04-22T14:00:00+0000,0.0063575,0.0063575,0.006351,0.006351,4
2026-04-22T15:00:00+0000,0.006349,0.006349,0.006347,0.006347,8
2026-04-22T16:00:00+0000,0.0063455,0.0063455,0.0063455,0.0063455,1
2026-04-22T17:00:00+0000,0.006347,0.006347,0.006346,0.006346,6
2026-04-22T18:00:00+0000,0.0063465,0.0063465,0.0063465,0.0063465,1
2026-04-22T19:00:00+0000,0.006344,0.006344,0.006344,0.006344,1
2026-04-22T20:00:00+0000,0.0063445,0.006345,0.0063445,0.006345,2
2026-04-23T00:00:00+0000,0.0063515,0.0063515,0.0063515,0.0063515,1
2026-04-23T01:00:00+0000,0.0063485,0.006349,0.006347,0.006349,4
2026-04-23T02:00:00+0000,0.006344,0.0063445,0.006342,0.006342,4
2026-04-23T03:00:00+0000,0.006342,0.0063435,0.006342,0.0063435,4
2026-04-23T04:00:00+0000,0.006341,0.006341,0.006341,0.006341,2
2026-04-23T05:00:00+0000,0.00634,0.006342,0.00634,0.006342,2
2026-04-23T06:00:00+0000,0.0063425,0.0063425,0.006338,0.006338,9
2026-04-23T08:00:00+0000,0.006336,0.006336,0.006336,0.006336,2
2026-04-23T09:00:00+0000,0.0063355,0.0063355,0.006335,0.006335,7
2026-04-23T11:00:00+0000,0.006343,0.006343,0.006343,0.006343,1
2026-04-23T12:00:00+0000,0.006344,0.006344,0.006344,0.006344,1
2026-04-23T14:00:00+0000,0.006344,0.006347,0.0063425,0.006347,5
2026-04-23T15:00:00+0000,0.0063505,0.0063505,0.0063505,0.0063505,1
2026-04-23T17:00:00+0000,0.0063425,0.0063425,0.00633,0.006341,13
2026-04-23T23:00:00+0000,0.006335,0.006335,0.006335,0.006335,2
2026-04-24T00:00:00+0000,0.006335,0.006335,0.0063335,0.0063335,2
2026-04-24T01:00:00+0000,0.006332,0.006332,0.0063315,0.006332,3
2026-04-24T02:00:00+0000,0.0063315,0.0063315,0.0063315,0.0063315,2
2026-04-24T03:00:00+0000,0.0063305,0.0063305,0.0063305,0.0063305,5
2026-04-24T08:00:00+0000,0.0063355,0.0063355,0.0063305,0.006333,4
2026-04-24T09:00:00+0000,0.0063335,0.0063335,0.0063335,0.0063335,1
2026-04-24T11:00:00+0000,0.006343,0.006343,0.006343,0.006343,1
2026-04-24T13:00:00+0000,0.006339,0.006339,0.0063385,0.0063385,2
2026-04-24T14:00:00+0000,0.0063395,0.00634,0.0063395,0.00634,4
2026-04-24T15:00:00+0000,0.006345,0.006346,0.006345,0.006346,5
2026-04-24T16:00:00+0000,0.0063485,0.0063485,0.0063485,0.0063485,5
2026-04-24T18:00:00+0000,0.006346,0.006346,0.006346,0.006346,1
2026-04-24T19:00:00+0000,0.006346,0.006346,0.006346,0.006346,1
2026-04-24T20:00:00+0000,0.0063465,0.006347,0.0063465,0.006347,4
2026-04-26T22:00:00+0000,0.0063435,0.0063435,0.0063385,0.0063385,4
2026-04-27T00:00:00+0000,0.0063415,0.0063435,0.0063415,0.0063435,28
2026-04-27T01:00:00+0000,0.0063435,0.0063505,0.0063435,0.0063505,32
2026-04-27T03:00:00+0000,0.006354,0.006354,0.006354,0.006354,2
2026-04-27T06:00:00+0000,0.006344,0.006344,0.006343,0.006343,10
2026-04-27T07:00:00+0000,0.006352,0.006352,0.006352,0.006352,2
2026-04-27T09:00:00+0000,0.0063555,0.0063555,0.0063555,0.0063555,2
2026-04-27T10:00:00+0000,0.0063525,0.0063525,0.0063525,0.0063525,8
2026-04-27T12:00:00+0000,0.006354,0.0063545,0.006354,0.0063545,3
2026-04-27T13:00:00+0000,0.0063555,0.0063555,0.0063555,0.0063555,1
2026-04-27T14:00:00+0000,0.0063555,0.0063565,0.006355,0.006355,7
2026-04-27T15:00:00+0000,0.006352,0.006352,0.006351,0.006351,25
2026-04-27T16:00:00+0000,0.0063505,0.0063505,0.0063465,0.006347,19
2026-04-27T17:00:00+0000,0.006345,0.006345,0.006345,0.006345,10
2026-04-27T18:00:00+0000,0.006344,0.006344,0.006344,0.006344,2
2026-04-27T19:00:00+0000,0.006346,0.0063465,0.006345,0.006345,7
2026-04-27T20:00:00+0000,0.006346,0.006346,0.006346,0.006346,1
2026-04-28T00:00:00+0000,0.006347,0.006349,0.006343,0.006343,9
2026-04-28T01:00:00+0000,0.0063405,0.0063405,0.0063405,0.0063405,2
2026-04-28T03:00:00+0000,0.0063425,0.006361,0.006342,0.006361,19
2026-04-28T04:00:00+0000,0.006358,0.006362,0.006358,0.0063595,16
2026-04-28T05:00:00+0000,0.0063585,0.0063585,0.0063575,0.0063575,6
2026-04-28T06:00:00+0000,0.0063505,0.0063505,0.0063505,0.0063505,3
2026-04-28T07:00:00+0000,0.0063465,0.0063475,0.0063405,0.0063405,9
2026-04-28T08:00:00+0000,0.006335,0.0063425,0.0063345,0.0063425,76
2026-04-28T09:00:00+0000,0.0063425,0.0063445,0.006341,0.006341,9
2026-04-28T10:00:00+0000,0.0063375,0.0063375,0.006336,0.006337,7
2026-04-28T11:00:00+0000,0.006336,0.006336,0.0063305,0.0063305,80
2026-04-28T12:00:00+0000,0.0063305,0.0063435,0.0063305,0.0063435,118
2026-04-28T13:00:00+0000,0.006342,0.0063425,0.006338,0.006341,46
2026-04-28T14:00:00+0000,0.006338,0.0063385,0.006334,0.006334,15
2026-04-28T15:00:00+0000,0.006334,0.0063395,0.0063335,0.0063395,16
2026-04-28T16:00:00+0000,0.00634,0.0063405,0.006339,0.0063395,4
2026-04-28T17:00:00+0000,0.0063385,0.0063405,0.0063385,0.0063405,3
2026-04-28T18:00:00+0000,0.0063395,0.00634,0.0063385,0.0063385,4
2026-04-28T20:00:00+0000,0.006335,0.006337,0.006335,0.006337,4
2026-04-28T23:00:00+0000,0.006339,0.0063395,0.006339,0.0063395,2
2026-04-29T00:00:00+0000,0.006339,0.0063405,0.006339,0.00634,33
2026-04-29T01:00:00+0000,0.006336,0.006336,0.0063355,0.0063355,6
2026-04-29T03:00:00+0000,0.0063355,0.0063355,0.0063355,0.0063355,2
2026-04-29T05:00:00+0000,0.006334,0.006334,0.006333,0.006333,2
2026-04-29T07:00:00+0000,0.006335,0.0063355,0.006333,0.006333,5
2026-04-29T08:00:00+0000,0.006334,0.006334,0.00633,0.00633,8
2026-04-29T09:00:00+0000,0.00633,0.006331,0.006328,0.0063285,55
2026-04-29T10:00:00+0000,0.0063295,0.0063305,0.0063285,0.00633,48
2026-04-29T12:00:00+0000,0.006328,0.006328,0.006323,0.006323,22
2026-04-29T13:00:00+0000,0.006323,0.006323,0.006315,0.006315,41
2026-04-29T14:00:00+0000,0.006314,0.0063185,0.0063135,0.006317,17
2026-04-29T15:00:00+0000,0.0063135,0.0063135,0.0063125,0.006313,4
2026-04-29T16:00:00+0000,0.0063145,0.0063145,0.00631,0.00631,13
2026-04-29T17:00:00+0000,0.00631,0.0063205,0.006308,0.0063205,47
2026-04-29T18:00:00+0000,0.00631,0.00631,0.006306,0.006306,2
2026-04-29T19:00:00+0000,0.0063065,0.0063095,0.0063065,0.0063065,6
2026-04-29T23:00:00+0000,0.0063105,0.0063125,0.0063105,0.006312,33
2026-04-30T00:00:00+0000,0.0063075,0.0063075,0.0063075,0.0063075,2
2026-04-30T01:00:00+0000,0.006308,0.00631,0.0063065,0.0063095,12
2026-04-30T02:00:00+0000,0.006309,0.006309,0.006304,0.0063055,16
2026-04-30T04:00:00+0000,0.006301,0.006301,0.006296,0.006298,9
2026-04-30T05:00:00+0000,0.006297,0.006297,0.006295,0.006295,8
2026-04-30T06:00:00+0000,0.006292,0.006296,0.00629,0.006296,6
2026-04-30T07:00:00+0000,0.0062985,0.006326,0.006298,0.006315,56
2026-04-30T08:00:00+0000,0.0063125,0.0063375,0.0063125,0.0063365,56
2026-04-30T09:00:00+0000,0.006335,0.0063485,0.006335,0.0063485,12
2026-04-30T10:00:00+0000,0.006349,0.0064385,0.006348,0.006436,739
2026-04-30T11:00:00+0000,0.006435,0.006498,0.0064215,0.006468,977
2026-04-30T12:00:00+0000,0.0064605,0.006462,0.0064345,0.006447,98
2026-04-30T13:00:00+0000,0.006447,0.0064705,0.006441,0.006441,130
2026-04-30T14:00:00+0000,0.006445,0.006461,0.006445,0.00646,92
2026-04-30T15:00:00+0000,0.0064505,0.0064545,0.006448,0.006453,27
2026-04-30T16:00:00+0000,0.006458,0.006458,0.006451,0.0064535,4
2026-04-30T17:00:00+0000,0.0064575,0.006461,0.0064535,0.00646,11
2026-04-30T18:00:00+0000,0.006462,0.006467,0.006461,0.006463,31
2026-04-30T19:00:00+0000,0.0064625,0.006463,0.0064575,0.0064605,17
2026-04-30T22:00:00+0000,0.00645,0.00645,0.00645,0.00645,2
2026-04-30T23:00:00+0000,0.0064515,0.0064515,0.0064385,0.0064385,21
2026-05-01T00:00:00+0000,0.006436,0.006436,0.006426,0.006434,49
2026-05-01T01:00:00+0000,0.006435,0.006435,0.00643,0.0064315,21
2026-05-01T02:00:00+0000,0.0064295,0.006433,0.0064245,0.0064245,22
2026-05-01T03:00:00+0000,0.006429,0.0064325,0.006429,0.00643,34
2026-05-01T04:00:00+0000,0.0064285,0.0064285,0.0064285,0.0064285,1
2026-05-01T05:00:00+0000,0.006427,0.006427,0.006427,0.006427,2
2026-05-01T06:00:00+0000,0.006428,0.0065,0.006428,0.0064855,254
2026-05-01T07:00:00+0000,0.0064715,0.006483,0.00645,0.00645,104
2026-05-01T08:00:00+0000,0.006463,0.0064675,0.006458,0.006458,75
2026-05-01T09:00:00+0000,0.006458,0.006458,0.0064565,0.0064565,11
2026-05-01T10:00:00+0000,0.006454,0.0064585,0.006454,0.006458,12
2026-05-01T11:00:00+0000,0.0064535,0.006458,0.006453,0.006453,33
2026-05-01T12:00:00+0000,0.006454,0.006461,0.006454,0.006454,14
2026-05-01T13:00:00+0000,0.0064535,0.0064625,0.0064485,0.006458,19
2026-05-01T14:00:00+0000,0.006459,0.0064635,0.0064515,0.0064515,13
2026-05-01T15:00:00+0000,0.006451,0.0064525,0.006448,0.0064495,5
2026-05-01T16:00:00+0000,0.006449,0.006449,0.00644,0.00644,4
2026-05-01T17:00:00+0000,0.00644,0.006441,0.0064395,0.006441,9
2026-05-01T18:00:00+0000,0.006433,0.006437,0.006433,0.006437,332
2026-05-01T19:00:00+0000,0.006436,0.006436,0.0064345,0.0064355,110
2026-05-01T20:00:00+0000,0.006435,0.0064355,0.006435,0.0064355,2
2026-05-03T22:00:00+0000,0.006445,0.0064505,0.0064445,0.006445,8
2026-05-04T00:00:00+0000,0.00644,0.00644,0.0064385,0.0064395,3
2026-05-04T01:00:00+0000,0.0064395,0.0064435,0.006435,0.006437,23
2026-05-04T02:00:00+0000,0.006434,0.006434,0.00643,0.006434,4
2026-05-04T03:00:00+0000,0.006432,0.006484,0.006429,0.0064745,486
2026-05-04T04:00:00+0000,0.0064675,0.0064675,0.0064485,0.0064485,33
2026-05-04T05:00:00+0000,0.006448,0.006455,0.006444,0.0064485,24
2026-05-04T06:00:00+0000,0.006447,0.006447,0.00644,0.00644,15
2026-05-04T07:00:00+0000,0.0064405,0.0064405,0.0064405,0.0064405,1
2026-05-04T08:00:00+0000,0.00644,0.006441,0.0064395,0.006441,5
2026-05-04T09:00:00+0000,0.0064385,0.0064385,0.0064385,0.0064385,1
2026-05-04T10:00:00+0000,0.0064395,0.0064395,0.006429,0.0064325,31
2026-05-04T11:00:00+0000,0.006432,0.006432,0.006431,0.006431,3
2026-05-04T12:00:00+0000,0.0064325,0.006434,0.006432,0.006434,3
2026-05-04T13:00:00+0000,0.0064345,0.006438,0.0064345,0.006438,5
2026-05-04T14:00:00+0000,0.006434,0.006434,0.006434,0.006434,5
2026-05-04T15:00:00+0000,0.0064355,0.00644,0.0064265,0.00643,19
2026-05-04T16:00:00+0000,0.006427,0.00643,0.0064255,0.006426,11
2026-05-04T17:00:00+0000,0.0064285,0.0064285,0.0064285,0.0064285,1
2026-05-04T18:00:00+0000,0.006431,0.0064435,0.00643,0.0064435,63
2026-05-04T19:00:00+0000,0.006436,0.0064375,0.006435,0.0064365,5
2026-05-04T20:00:00+0000,0.006431,0.006431,0.0064285,0.0064285,7
2026-05-05T01:00:00+0000,0.006428,0.0064285,0.006428,0.0064285,4
2026-05-05T04:00:00+0000,0.006426,0.006426,0.006424,0.0064255,14
2026-05-05T05:00:00+0000,0.006428,0.006428,0.006428,0.006428,1
2026-05-05T06:00:00+0000,0.006429,0.0064295,0.006429,0.0064295,19
2026-05-05T07:00:00+0000,0.0064285,0.006434,0.0064285,0.006434,7
2026-05-05T09:00:00+0000,0.0064235,0.0064275,0.006403,0.006415,150
2026-05-05T10:00:00+0000,0.006414,0.006416,0.0064125,0.0064125,7
2026-05-05T11:00:00+0000,0.0064085,0.006409,0.0064065,0.0064065,3
2026-05-05T12:00:00+0000,0.006405,0.0064065,0.0064045,0.0064065,3
2026-05-05T13:00:00+0000,0.0064055,0.006409,0.0064055,0.0064065,8
2026-05-05T14:00:00+0000,0.00641,0.00641,0.0064045,0.006406,20
2026-05-05T15:00:00+0000,0.006412,0.006412,0.006412,0.006412,2
2026-05-05T16:00:00+0000,0.0064065,0.0064065,0.0064065,0.0064065,1
2026-05-05T17:00:00+0000,0.0064025,0.0064025,0.006402,0.006402,26
2026-05-05T18:00:00+0000,0.006402,0.006402,0.006401,0.006402,4
2026-05-05T20:00:00+0000,0.0064035,0.0064035,0.0064035,0.0064035,1
2026-05-05T22:00:00+0000,0.0064,0.0064035,0.0064,0.0064035,12
2026-05-05T23:00:00+0000,0.0064085,0.0064145,0.0064085,0.00641,9
2026-05-06T01:00:00+0000,0.006411,0.006411,0.006411,0.006411,3
2026-05-06T02:00:00+0000,0.0064085,0.0064085,0.0064045,0.0064045,4
2026-05-06T03:00:00+0000,0.0064035,0.0064035,0.0064015,0.0064025,64
2026-05-06T04:00:00+0000,0.0064115,0.0065195,0.0064115,0.0064825,1448
2026-05-06T05:00:00+0000,0.00648,0.0064865,0.006464,0.006464,82
2026-05-06T06:00:00+0000,0.006464,0.006465,0.006463,0.006463,14
2026-05-06T07:00:00+0000,0.006463,0.00649,0.0064565,0.0064885,103
2026-05-06T08:00:00+0000,0.0064805,0.006484,0.0064665,0.006481,219
2026-05-06T09:00:00+0000,0.006477,0.006482,0.006476,0.0064815,56
2026-05-06T10:00:00+0000,0.006482,0.006494,0.006476,0.006494,58
2026-05-06T11:00:00+0000,0.0064875,0.006489,0.006474,0.006474,63
2026-05-06T12:00:00+0000,0.006471,0.006474,0.006467,0.006472,44
2026-05-06T13:00:00+0000,0.006468,0.0064745,0.006466,0.006473,92
2026-05-06T14:00:00+0000,0.006473,0.0064735,0.006469,0.006469,24
2026-05-06T15:00:00+0000,0.0064665,0.0064665,0.0064595,0.0064635,162
2026-05-06T16:00:00+0000,0.00646,0.00646,0.0064585,0.00646,3
2026-05-06T17:00:00+0000,0.0064625,0.0064625,0.006459,0.006459,4
2026-05-06T18:00:00+0000,0.0064625,0.0064625,0.006462,0.006462,2
2026-05-06T20:00:00+0000,0.006462,0.0064655,0.006462,0.0064655,18
2026-05-06T22:00:00+0000,0.006464,0.0064645,0.0064615,0.0064615,8
2026-05-06T23:00:00+0000,0.006459,0.006459,0.006456,0.006456,4
2026-05-07T00:00:00+0000,0.00646,0.006467,0.006458,0.006462,36
2026-05-07T01:00:00+0000,0.006463,0.006475,0.0064625,0.0064725,64
2026-05-07T02:00:00+0000,0.0064655,0.0064665,0.0064655,0.0064655,7
2026-05-07T03:00:00+0000,0.0064615,0.0064615,0.0064615,0.0064615,2
2026-05-07T05:00:00+0000,0.006463,0.006463,0.006463,0.006463,1
2026-05-07T06:00:00+0000,0.0064635,0.0064715,0.006463,0.006463,30
2026-05-07T07:00:00+0000,0.0064695,0.006475,0.0064675,0.0064675,28
2026-05-07T08:00:00+0000,0.006465,0.00647,0.006465,0.006465,12
2026-05-07T09:00:00+0000,0.0064595,0.006462,0.0064595,0.0064615,12
2026-05-07T10:00:00+0000,0.006461,0.006463,0.006461,0.006462,19
2026-05-07T11:00:00+0000,0.0064605,0.0064625,0.0064585,0.0064585,16
2026-05-07T12:00:00+0000,0.0064615,0.0064615,0.0064615,0.0064615,1
2026-05-07T13:00:00+0000,0.006464,0.006464,0.006461,0.006461,5
2026-05-07T14:00:00+0000,0.006461,0.0064675,0.006461,0.0064675,4
2026-05-07T15:00:00+0000,0.006456,0.0064565,0.006455,0.0064555,63
2026-05-07T16:00:00+0000,0.0064555,0.0064555,0.006452,0.006452,11
2026-05-07T17:00:00+0000,0.0064485,0.00645,0.006442,0.00645,32
2026-05-07T18:00:00+0000,0.0064495,0.0064495,0.006444,0.006444,5
2026-05-07T19:00:00+0000,0.0064455,0.0064475,0.0064425,0.006443,14
2026-05-07T20:00:00+0000,0.0064405,0.0064405,0.006439,0.00644,198
2026-05-07T22:00:00+0000,0.006439,0.006439,0.006439,0.006439,2
2026-05-07T23:00:00+0000,0.006441,0.006441,0.006441,0.006441,14
2026-05-08T00:00:00+0000,0.0064405,0.0064415,0.006437,0.006437,27
2026-05-08T01:00:00+0000,0.006437,0.006437,0.006437,0.006437,4
2026-05-08T02:00:00+0000,0.006437,0.00644,0.006437,0.00644,2
2026-05-08T04:00:00+0000,0.00644,0.0064405,0.00644,0.0064405,2
2026-05-08T05:00:00+0000,0.0064415,0.0064415,0.0064415,0.0064415,1
2026-05-08T08:00:00+0000,0.0064475,0.0064475,0.0064475,0.0064475,2
2026-05-08T09:00:00+0000,0.0064485,0.0064495,0.0064485,0.0064495,2
2026-05-08T12:00:00+0000,0.0064455,0.006455,0.0064405,0.006452,20
2026-05-08T13:00:00+0000,0.006448,0.006458,0.006448,0.006458,5
2026-05-08T14:00:00+0000,0.00645,0.0064515,0.00645,0.0064515,3
2026-05-08T15:00:00+0000,0.0064505,0.0064505,0.0064505,0.0064505,1
2026-05-08T16:00:00+0000,0.0064495,0.0064495,0.0064495,0.0064495,2
2026-05-08T18:00:00+0000,0.006452,0.006452,0.006447,0.0064475,13
2026-05-08T19:00:00+0000,0.0064475,0.0064475,0.006444,0.006444,19
2026-05-10T22:00:00+0000,0.0064435,0.0064435,0.0064345,0.0064385,69
2026-05-10T23:00:00+0000,0.00644,0.00644,0.00644,0.00644,1
2026-05-11T00:00:00+0000,0.006439,0.006439,0.0064325,0.006436,17
2026-05-11T01:00:00+0000,0.0064365,0.006437,0.0064315,0.006432,48
2026-05-11T02:00:00+0000,0.006433,0.006433,0.0064305,0.0064305,5
2026-05-11T03:00:00+0000,0.006429,0.0064305,0.0064275,0.0064275,34
2026-05-11T04:00:00+0000,0.0064285,0.0064295,0.0064285,0.0064295,6
2026-05-11T07:00:00+0000,0.006433,0.006433,0.0064305,0.0064305,17
2026-05-11T10:00:00+0000,0.006431,0.006431,0.006431,0.006431,3
2026-05-11T11:00:00+0000,0.006431,0.006431,0.006431,0.006431,2
2026-05-11T12:00:00+0000,0.0064315,0.006432,0.00643,0.006432,10
2026-05-11T13:00:00+0000,0.00643,0.006433,0.00643,0.006431,33
2026-05-11T14:00:00+0000,0.006433,0.006435,0.0064325,0.0064345,6
2026-05-11T15:00:00+0000,0.0064345,0.006435,0.006433,0.006433,10
2026-05-11T16:00:00+0000,0.0064335,0.0064335,0.0064285,0.0064285,48
2026-05-11T17:00:00+0000,0.0064285,0.0064285,0.006427,0.006427,2
2026-05-11T18:00:00+0000,0.006427,0.006427,0.0064265,0.006427,16
2026-05-11T19:00:00+0000,0.006426,0.0064265,0.006424,0.0064245,14
2026-05-11T23:00:00+0000,0.006427,0.006427,0.0064245,0.006425,27
2026-05-12T00:00:00+0000,0.006424,0.006424,0.006418,0.006418,32
2026-05-12T01:00:00+0000,0.006416,0.0064165,0.0064115,0.0064115,27
2026-05-12T02:00:00+0000,0.006412,0.006412,0.00641,0.00641,31
2026-05-12T03:00:00+0000,0.0064105,0.0064105,0.0064085,0.0064085,4
2026-05-12T04:00:00+0000,0.0064085,0.0064085,0.0064085,0.0064085,1
2026-05-12T05:00:00+0000,0.0064085,0.006444,0.0064035,0.00643,98
2026-05-12T06:00:00+0000,0.0064275,0.0064275,0.006415,0.00642,5
2026-05-12T08:00:00+0000,0.0064105,0.0064105,0.0064075,0.0064075,4
2026-05-12T09:00:00+0000,0.006409,0.0064105,0.006409,0.00641,42
2026-05-12T10:00:00+0000,0.0064105,0.0064105,0.006409,0.006409,2
2026-05-12T11:00:00+0000,0.006412,0.006412,0.006412,0.006412,1
2026-05-12T12:00:00+0000,0.0064095,0.006412,0.0064095,0.0064105,3
2026-05-12T13:00:00+0000,0.0064135,0.0064135,0.0064075,0.0064085,13
2026-05-12T14:00:00+0000,0.006409,0.00641,0.0064065,0.0064065,16
2026-05-12T15:00:00+0000,0.006408,0.0064085,0.006404,0.006404,90
2026-05-12T16:00:00+0000,0.0064065,0.0064065,0.006405,0.006405,3
2026-05-12T17:00:00+0000,0.006405,0.006405,0.006405,0.006405,4
2026-05-12T18:00:00+0000,0.006407,0.006408,0.006407,0.006408,6
2026-05-12T19:00:00+0000,0.0064115,0.0064135,0.006411,0.0064125,10
2026-05-12T23:00:00+0000,0.0064095,0.0064095,0.0064055,0.0064055,35
2026-05-13T00:00:00+0000,0.0064055,0.0064075,0.0064055,0.0064075,47
2026-05-13T01:00:00+0000,0.006411,0.006411,0.006411,0.006411,1
2026-05-13T02:00:00+0000,0.006408,0.006408,0.006407,0.006407,2
2026-05-13T03:00:00+0000,0.0064065,0.0064075,0.0064065,0.0064075,15
2026-05-13T06:00:00+0000,0.006404,0.0064045,0.006402,0.006402,6
2026-05-13T07:00:00+0000,0.006406,0.006406,0.0064,0.0064,19
2026-05-13T08:00:00+0000,0.006402,0.0064025,0.006402,0.0064025,2
2026-05-13T09:00:00+0000,0.0064,0.0064,0.006397,0.006397,4
2026-05-13T10:00:00+0000,0.006401,0.0064025,0.006399,0.0064005,9
2026-05-13T11:00:00+0000,0.0064025,0.006403,0.0064025,0.006403,6
2026-05-13T12:00:00+0000,0.0064035,0.0064035,0.006395,0.006398,16
2026-05-13T13:00:00+0000,0.006403,0.006403,0.006402,0.006402,3
2026-05-13T14:00:00+0000,0.0064025,0.006403,0.006399,0.0063995,25
2026-05-13T15:00:00+0000,0.006399,0.006399,0.006399,0.006399,1
2026-05-13T16:00:00+0000,0.0064,0.0064,0.0064,0.0064,1
2026-05-13T17:00:00+0000,0.0064,0.0064,0.006397,0.006397,5
2026-05-13T18:00:00+0000,0.0063985,0.0063995,0.0063975,0.0063975,7
2026-05-13T19:00:00+0000,0.0063975,0.0063975,0.0063975,0.0063975,4
2026-05-13T20:00:00+0000,0.006398,0.006398,0.006398,0.006398,3
2026-05-13T23:00:00+0000,0.0064,0.0064,0.0064,0.0064,1
2026-05-14T00:00:00+0000,0.0063975,0.006399,0.0063975,0.006399,7
2026-05-14T01:00:00+0000,0.0063955,0.006396,0.0063955,0.0063955,3
2026-05-14T02:00:00+0000,0.0063945,0.0063945,0.006394,0.0063945,14
2026-05-14T03:00:00+0000,0.0063935,0.0063945,0.0063935,0.0063935,8
2026-05-14T04:00:00+0000,0.0063945,0.0064035,0.0063945,0.0064005,11
2026-05-14T05:00:00+0000,0.006395,0.0063955,0.006394,0.0063955,4
2026-05-14T06:00:00+0000,0.0063955,0.006398,0.0063955,0.006398,7
2026-05-14T07:00:00+0000,0.0063965,0.0063995,0.006395,0.006395,8
2026-05-14T08:00:00+0000,0.006395,0.006395,0.006395,0.006395,1
2026-05-14T10:00:00+0000,0.0063965,0.0063965,0.006395,0.006395,10
2026-05-14T11:00:00+0000,0.006394,0.006394,0.0063925,0.0063925,13
2026-05-14T12:00:00+0000,0.006392,0.006393,0.006392,0.006392,5
2026-05-14T13:00:00+0000,0.0063915,0.0064165,0.0063845,0.0063985,281
2026-05-14T14:00:00+0000,0.0063945,0.0063965,0.0063855,0.0063855,58
2026-05-14T15:00:00+0000,0.006386,0.006387,0.006384,0.006387,26
2026-05-14T16:00:00+0000,0.006387,0.006387,0.006383,0.006384,28
2026-05-14T19:00:00+0000,0.006381,0.006381,0.0063765,0.006377,10
2026-05-14T20:00:00+0000,0.0063755,0.0063755,0.006375,0.0063755,20
2026-05-14T22:00:00+0000,0.006375,0.006376,0.006375,0.006376,5
2026-05-14T23:00:00+0000,0.006374,0.0063775,0.006374,0.006375,10
2026-05-15T00:00:00+0000,0.006375,0.0063755,0.0063705,0.0063705,33
2026-05-15T01:00:00+0000,0.0063715,0.0063725,0.006368,0.0063705,31
2026-05-15T02:00:00+0000,0.0063695,0.0063715,0.0063685,0.0063715,44
2026-05-15T03:00:00+0000,0.006371,0.0063715,0.0063695,0.00637,20
2026-05-15T05:00:00+0000,0.00637,0.00637,0.0063635,0.0063665,16
2026-05-15T06:00:00+0000,0.006364,0.0063725,0.006364,0.0063725,14
2026-05-15T07:00:00+0000,0.0063745,0.0063755,0.006374,0.0063755,10
2026-05-15T08:00:00+0000,0.006374,0.006374,0.0063715,0.0063715,68
2026-05-15T09:00:00+0000,0.006368,0.006372,0.006367,0.006372,23
2026-05-15T10:00:00+0000,0.006371,0.006379,0.006371,0.006376,25
2026-05-15T11:00:00+0000,0.00637,0.00637,0.00637,0.00637,2
2026-05-15T12:00:00+0000,0.006368,0.00637,0.0063675,0.0063685,16
2026-05-15T13:00:00+0000,0.006367,0.006369,0.0063615,0.006363,20
2026-05-15T14:00:00+0000,0.0063645,0.006366,0.006362,0.006366,15
2026-05-15T15:00:00+0000,0.006365,0.006365,0.0063625,0.0063625,8
2026-05-15T16:00:00+0000,0.0063625,0.006363,0.006362,0.006362,29
2026-05-15T17:00:00+0000,0.006364,0.006364,0.0063625,0.0063625,3
2026-05-15T18:00:00+0000,0.006361,0.006362,0.006361,0.006362,11
2026-05-15T19:00:00+0000,0.0063615,0.0063615,0.0063595,0.0063595,10
2026-05-15T20:00:00+0000,0.0063595,0.0063595,0.006358,0.006358,4
2026-05-17T22:00:00+0000,0.006357,0.00636,0.006357,0.0063595,41
2026-05-17T23:00:00+0000,0.0063565,0.006357,0.0063555,0.0063565,17
2026-05-18T00:00:00+0000,0.0063565,0.006357,0.006356,0.006356,7
2026-05-18T01:00:00+0000,0.006352,0.006354,0.006352,0.006354,8
2026-05-18T02:00:00+0000,0.006354,0.006354,0.006354,0.006354,10
2026-05-18T03:00:00+0000,0.0063525,0.006353,0.006349,0.006349,24
2026-05-18T04:00:00+0000,0.006349,0.0063575,0.006349,0.006351,73
2026-05-18T05:00:00+0000,0.0063505,0.0063505,0.00635,0.0063505,9
2026-05-18T06:00:00+0000,0.0063555,0.006356,0.006354,0.0063545,22
2026-05-18T07:00:00+0000,0.006355,0.0063575,0.006351,0.006354,19
2026-05-18T08:00:00+0000,0.0063545,0.0063555,0.0063545,0.0063555,5
2026-05-18T09:00:00+0000,0.0063555,0.006356,0.006354,0.006354,5
2026-05-18T10:00:00+0000,0.0063535,0.006354,0.0063535,0.0063535,6
2026-05-18T11:00:00+0000,0.006353,0.006359,0.006353,0.0063565,41
2026-05-18T12:00:00+0000,0.006359,0.0063655,0.0063565,0.0063655,33
2026-05-18T13:00:00+0000,0.006362,0.0063635,0.0063595,0.006361,63
2026-05-18T14:00:00+0000,0.006358,0.006358,0.0063535,0.0063565,40
2026-05-18T15:00:00+0000,0.0063555,0.0063585,0.006353,0.0063585,31
2026-05-18T16:00:00+0000,0.0063565,0.0063585,0.0063525,0.0063525,16
2026-05-18T17:00:00+0000,0.006353,0.006354,0.006353,0.0063535,48
2026-05-18T18:00:00+0000,0.006352,0.006352,0.0063475,0.0063475,30
2026-05-18T19:00:00+0000,0.006347,0.0063575,0.006347,0.0063555,83
2026-05-18T20:00:00+0000,0.0063565,0.00636,0.0063565,0.006357,19
2026-05-18T22:00:00+0000,0.006358,0.006358,0.0063575,0.0063575,9
2026-05-18T23:00:00+0000,0.006356,0.006356,0.0063545,0.0063545,5
2026-05-19T00:00:00+0000,0.0063545,0.0063545,0.006353,0.006353,4
2026-05-19T01:00:00+0000,0.0063495,0.0063525,0.0063495,0.006352,42
2026-05-19T02:00:00+0000,0.00635,0.006352,0.00635,0.006351,17
2026-05-19T03:00:00+0000,0.0063505,0.006352,0.0063505,0.006351,13
2026-05-19T04:00:00+0000,0.0063515,0.0063515,0.0063495,0.0063495,5
2026-05-19T05:00:00+0000,0.00635,0.00635,0.006349,0.006349,2
2026-05-19T06:00:00+0000,0.0063485,0.0063485,0.0063455,0.006348,10
2026-05-19T07:00:00+0000,0.006345,0.006349,0.0063445,0.006349,12
2026-05-19T08:00:00+0000,0.006348,0.006348,0.006345,0.006345,13
2026-05-19T09:00:00+0000,0.0063445,0.0063445,0.0063435,0.0063435,6
2026-05-19T10:00:00+0000,0.0063455,0.0063455,0.006342,0.0063445,9
2026-05-19T11:00:00+0000,0.006344,0.006345,0.006344,0.0063445,33
2026-05-19T12:00:00+0000,0.0063445,0.006364,0.0063445,0.0063485,261
2026-05-19T13:00:00+0000,0.006346,0.0063525,0.0063425,0.0063475,74
2026-05-19T14:00:00+0000,0.006346,0.006349,0.00634,0.0063475,110
2026-05-19T15:00:00+0000,0.0063465,0.0063495,0.00634,0.006345,209
2026-05-19T16:00:00+0000,0.006344,0.006358,0.006344,0.0063575,284
2026-05-19T17:00:00+0000,0.006358,0.006358,0.006354,0.0063575,14
2026-05-19T18:00:00+0000,0.006355,0.0063555,0.0063475,0.006348,134
2026-05-19T19:00:00+0000,0.0063475,0.006349,0.0063465,0.0063475,26
2026-05-19T20:00:00+0000,0.0063465,0.0063465,0.006346,0.006346,2
2026-05-19T23:00:00+0000,0.006348,0.0063495,0.006348,0.006349,21
2026-05-20T00:00:00+0000,0.006348,0.006349,0.006346,0.0063485,36
2026-05-20T01:00:00+0000,0.006346,0.006348,0.006346,0.006348,17
2026-05-20T02:00:00+0000,0.006355,0.006355,0.0063495,0.006352,21
2026-05-20T03:00:00+0000,0.006352,0.0063535,0.006352,0.0063535,4
2026-05-20T04:00:00+0000,0.0063495,0.00635,0.0063495,0.00635,2
2026-05-20T05:00:00+0000,0.0063505,0.006351,0.0063505,0.006351,2
2026-05-20T06:00:00+0000,0.0063495,0.0063525,0.0063495,0.00635,18
2026-05-20T07:00:00+0000,0.0063485,0.0063485,0.0063465,0.0063465,12
2026-05-20T08:00:00+0000,0.006347,0.006349,0.006345,0.0063475,116
2026-05-20T09:00:00+0000,0.0063465,0.0063485,0.006346,0.006346,27
2026-05-20T10:00:00+0000,0.006347,0.00635,0.006346,0.006349,30
2026-05-20T11:00:00+0000,0.006349,0.006349,0.0063475,0.0063475,86
2026-05-20T12:00:00+0000,0.006348,0.0063485,0.0063475,0.0063485,11
2026-05-20T13:00:00+0000,0.006348,0.006348,0.006346,0.0063475,6
2026-05-20T14:00:00+0000,0.0063445,0.006357,0.006342,0.006355,192
2026-05-20T15:00:00+0000,0.006354,0.006365,0.0063525,0.0063555,260
2026-05-20T16:00:00+0000,0.006355,0.006355,0.006353,0.006355,18
2026-05-20T17:00:00+0000,0.006355,0.0063555,0.006352,0.006352,65
2026-05-20T18:00:00+0000,0.00635,0.0063555,0.0063495,0.006355,21
2026-05-20T19:00:00+0000,0.006356,0.0063575,0.0063545,0.006355,18
2026-05-20T20:00:00+0000,0.006355,0.006355,0.0063545,0.0063545,21
2026-05-20T22:00:00+0000,0.0063515,0.006353,0.0063515,0.006353,6
2026-05-20T23:00:00+0000,0.006351,0.006351,0.006351,0.006351,1
2026-05-21T00:00:00+0000,0.00635,0.006351,0.00635,0.006351,2
2026-05-21T01:00:00+0000,0.0063525,0.006353,0.0063505,0.006351,73
2026-05-21T02:00:00+0000,0.00635,0.00635,0.0063475,0.0063475,52
2026-05-21T03:00:00+0000,0.0063465,0.0063475,0.0063465,0.0063475,8
2026-05-21T04:00:00+0000,0.0063485,0.0063485,0.006347,0.0063475,9
2026-05-21T05:00:00+0000,0.006346,0.006346,0.006346,0.006346,6
2026-05-21T06:00:00+0000,0.006345,0.006345,0.006344,0.0063445,10
2026-05-21T07:00:00+0000,0.006344,0.006345,0.006344,0.006345,2
2026-05-21T08:00:00+0000,0.0063465,0.006349,0.0063465,0.006349,41
2026-05-21T10:00:00+0000,0.006343,0.006344,0.006341,0.0063415,98
2026-05-21T11:00:00+0000,0.006343,0.006345,0.00634,0.0063405,9
2026-05-21T12:00:00+0000,0.0063415,0.006342,0.0063395,0.006342,16
2026-05-21T13:00:00+0000,0.00634,0.00634,0.006334,0.0063395,274
2026-05-21T14:00:00+0000,0.0063395,0.0063405,0.006336,0.0063405,36
2026-05-21T15:00:00+0000,0.006339,0.00634,0.006338,0.006338,18
2026-05-21T16:00:00+0000,0.0063405,0.006342,0.0063405,0.0063415,19
2026-05-21T17:00:00+0000,0.006341,0.006355,0.006341,0.0063515,148
2026-05-21T18:00:00+0000,0.0063515,0.006354,0.006345,0.006345,43
2026-05-21T19:00:00+0000,0.0063505,0.006351,0.0063495,0.006351,27
2026-05-21T20:00:00+0000,0.006351,0.006351,0.006348,0.006348,6
2026-05-21T22:00:00+0000,0.006347,0.006347,0.006347,0.006347,10
2026-05-21T23:00:00+0000,0.006346,0.006346,0.0063455,0.006346,32
2026-05-22T00:00:00+0000,0.0063465,0.0063465,0.006344,0.0063455,6
2026-05-22T01:00:00+0000,0.0063435,0.006344,0.0063425,0.006344,40
2026-05-22T02:00:00+0000,0.0063445,0.006347,0.006344,0.006347,10
2026-05-22T03:00:00+0000,0.006345,0.0063455,0.006345,0.0063455,4
2026-05-22T04:00:00+0000,0.0063455,0.006346,0.006345,0.006345,6
2026-05-22T05:00:00+0000,0.006344,0.006344,0.006343,0.006343,5
2026-05-22T06:00:00+0000,0.0063445,0.0063445,0.0063435,0.0063435,3
2026-05-22T07:00:00+0000,0.0063415,0.0063425,0.0063415,0.0063425,8
2026-05-22T08:00:00+0000,0.006342,0.0063445,0.006342,0.0063445,83
2026-05-22T09:00:00+0000,0.006343,0.0063435,0.006342,0.0063435,9
2026-05-22T10:00:00+0000,0.0063435,0.0063435,0.0063415,0.0063415,72
2026-05-22T11:00:00+0000,0.006342,0.006343,0.006341,0.0063415,487
2026-05-22T12:00:00+0000,0.0063415,0.006345,0.006341,0.0063435,1252
2026-05-22T13:00:00+0000,0.006343,0.0063465,0.006342,0.0063425,146
2026-05-22T14:00:00+0000,0.006341,0.0063435,0.00634,0.0063435,141
2026-05-22T15:00:00+0000,0.006342,0.006343,0.0063385,0.0063385,65
2026-05-22T16:00:00+0000,0.006339,0.0063405,0.006338,0.0063405,122
2026-05-22T17:00:00+0000,0.0063405,0.0063445,0.0063405,0.006343,71
2026-05-22T18:00:00+0000,0.0063425,0.0063425,0.00634,0.006342,100
2026-05-22T19:00:00+0000,0.0063425,0.0063425,0.006341,0.006341,17
2026-05-22T20:00:00+0000,0.006341,0.0063415,0.006339,0.006339,125
2026-05-24T22:00:00+0000,0.0063465,0.006353,0.0063465,0.0063525,137
2026-05-24T23:00:00+0000,0.006352,0.006353,0.006349,0.006349,205
2026-05-25T00:00:00+0000,0.006349,0.0063515,0.006349,0.0063515,113
2026-05-25T01:00:00+0000,0.0063535,0.006356,0.006351,0.006351,64
2026-05-25T02:00:00+0000,0.006352,0.006353,0.006352,0.0063525,13
2026-05-25T03:00:00+0000,0.006353,0.006353,0.006351,0.006351,5
2026-05-25T04:00:00+0000,0.006351,0.006351,0.006351,0.006351,1
2026-05-25T05:00:00+0000,0.0063525,0.0063525,0.006351,0.006351,6
2026-05-25T06:00:00+0000,0.0063505,0.0063505,0.0063505,0.0063505,1
2026-05-25T07:00:00+0000,0.0063455,0.0063475,0.006345,0.0063475,65
2026-05-25T08:00:00+0000,0.006347,0.0063505,0.006347,0.0063505,10
2026-05-25T09:00:00+0000,0.00635,0.00635,0.006349,0.006349,6
2026-05-25T10:00:00+0000,0.006349,0.006349,0.006349,0.006349,4
2026-05-25T11:00:00+0000,0.0063485,0.0063515,0.0063485,0.006349,17
2026-05-25T12:00:00+0000,0.00635,0.006351,0.00635,0.006351,39
2026-05-25T13:00:00+0000,0.006351,0.006351,0.006351,0.006351,1
2026-05-25T14:00:00+0000,0.00635,0.0063515,0.00635,0.0063515,3
2026-05-25T15:00:00+0000,0.0063495,0.006351,0.0063495,0.0063505,522
2026-05-25T16:00:00+0000,0.0063505,0.006351,0.00635,0.006351,5
2026-05-25T17:00:00+0000,0.006351,0.0063515,0.0063505,0.0063515,4
2026-05-25T19:00:00+0000,0.0063505,0.0063505,0.0063505,0.0063505,1
2026-05-25T22:00:00+0000,0.006348,0.006348,0.006348,0.006348,4
2026-05-25T23:00:00+0000,0.0063495,0.0063495,0.0063495,0.0063495,1
2026-05-26T00:00:00+0000,0.006348,0.0063485,0.006347,0.006347,32
2026-05-26T01:00:00+0000,0.006347,0.0063485,0.006347,0.006348,10
2026-05-26T02:00:00+0000,0.006347,0.006348,0.006347,0.006348,11
2026-05-26T03:00:00+0000,0.006349,0.006349,0.0063485,0.0063485,3
2026-05-26T04:00:00+0000,0.006348,0.006348,0.0063445,0.0063455,16
2026-05-26T05:00:00+0000,0.0063455,0.006346,0.006345,0.006345,28
2026-05-26T06:00:00+0000,0.0063445,0.0063455,0.0063415,0.0063415,236
2026-05-26T07:00:00+0000,0.006342,0.006342,0.0063385,0.0063385,103
2026-05-26T08:00:00+0000,0.0063385,0.0063385,0.0063365,0.006338,11
2026-05-26T09:00:00+0000,0.006338,0.006339,0.006338,0.0063385,34
2026-05-26T10:00:00+0000,0.006339,0.0063405,0.006339,0.00634,9
2026-05-26T11:00:00+0000,0.0063405,0.006341,0.0063375,0.0063385,9
2026-05-26T12:00:00+0000,0.0063375,0.0063385,0.006337,0.006337,323
2026-05-26T13:00:00+0000,0.006336,0.006337,0.006334,0.006334,41
2026-05-26T14:00:00+0000,0.006335,0.006337,0.006334,0.006334,43
2026-05-26T15:00:00+0000,0.006333,0.0063335,0.006331,0.0063315,30
2026-05-26T16:00:00+0000,0.0063325,0.0063345,0.0063325,0.0063335,24
2026-05-26T17:00:00+0000,0.0063345,0.0063345,0.0063315,0.0063315,21
2026-05-26T18:00:00+0000,0.0063315,0.0063335,0.0063315,0.0063335,2
2026-05-26T19:00:00+0000,0.006334,0.006334,0.006334,0.006334,1
2026-05-26T20:00:00+0000,0.0063345,0.0063345,0.006333,0.006334,14
2026-05-26T22:00:00+0000,0.006335,0.006335,0.006335,0.006335,1
2026-05-26T23:00:00+0000,0.006335,0.0063375,0.006335,0.006336,102
2026-05-27T00:00:00+0000,0.006336,0.006338,0.006334,0.006334,97
2026-05-27T01:00:00+0000,0.0063345,0.006337,0.006334,0.006335,87
2026-05-27T02:00:00+0000,0.0063345,0.0063355,0.0063345,0.006335,11
2026-05-27T03:00:00+0000,0.006338,0.0063385,0.006338,0.0063385,4
2026-05-27T04:00:00+0000,0.006337,0.006337,0.006336,0.006336,5
2026-05-27T05:00:00+0000,0.0063355,0.0063355,0.0063315,0.0063315,13
2026-05-27T06:00:00+0000,0.006331,0.0063335,0.0063305,0.006333,25
2026-05-27T07:00:00+0000,0.006332,0.006332,0.006331,0.006331,21
2026-05-27T08:00:00+0000,0.0063325,0.0063325,0.006328,0.00633,45
2026-05-27T09:00:00+0000,0.00633,0.0063315,0.00633,0.0063315,2
2026-05-27T10:00:00+0000,0.0063305,0.0063305,0.00633,0.0063305,38
2026-05-27T11:00:00+0000,0.0063305,0.0063305,0.006328,0.006328,60
2026-05-27T12:00:00+0000,0.0063285,0.0063355,0.0063285,0.006329,212
2026-05-27T13:00:00+0000,0.006329,0.00633,0.0063285,0.00633,102
2026-05-27T14:00:00+0000,0.0063295,0.0063305,0.006325,0.006326,363
2026-05-27T15:00:00+0000,0.0063255,0.0063275,0.006325,0.006326,42
2026-05-27T16:00:00+0000,0.006326,0.006326,0.006325,0.0063255,15
2026-05-27T17:00:00+0000,0.0063235,0.006324,0.0063225,0.006324,13
2026-05-27T18:00:00+0000,0.006324,0.006326,0.0063235,0.006326,20
2026-05-27T19:00:00+0000,0.006324,0.006325,0.006324,0.006324,43
2026-05-27T20:00:00+0000,0.006324,0.0063255,0.006324,0.006325,9
2026-05-27T22:00:00+0000,0.0063245,0.0063245,0.006324,0.0063245,6
2026-05-27T23:00:00+0000,0.0063235,0.0063235,0.0063215,0.0063215,7
2026-05-28T00:00:00+0000,0.006321,0.006322,0.0063205,0.0063205,9
2026-05-28T02:00:00+0000,0.00632,0.0063235,0.00632,0.0063215,41
2026-05-28T03:00:00+0000,0.006323,0.006323,0.006318,0.006319,101
2026-05-28T04:00:00+0000,0.0063205,0.0063225,0.0063195,0.0063225,178
2026-05-28T05:00:00+0000,0.0063215,0.006323,0.006321,0.0063215,47
2026-05-28T06:00:00+0000,0.0063215,0.006325,0.006321,0.0063245,227
2026-05-28T07:00:00+0000,0.006325,0.0063265,0.0063245,0.0063245,24
2026-05-28T08:00:00+0000,0.0063235,0.0063245,0.0063235,0.0063245,11
2026-05-28T09:00:00+0000,0.006327,0.006329,0.006327,0.0063285,9
2026-05-28T10:00:00+0000,0.006329,0.006329,0.006326,0.0063265,19
2026-05-28T12:00:00+0000,0.006327,0.0063305,0.006327,0.0063295,49
2026-05-28T13:00:00+0000,0.006331,0.006331,0.0063265,0.0063265,28
2026-05-28T14:00:00+0000,0.006326,0.006337,0.0063255,0.0063335,219
2026-05-28T15:00:00+0000,0.006335,0.0063355,0.006332,0.0063325,110
2026-05-28T16:00:00+0000,0.0063305,0.0063395,0.0063305,0.0063385,91
2026-05-28T17:00:00+0000,0.006337,0.006337,0.006335,0.006336,18
2026-05-28T18:00:00+0000,0.006336,0.006337,0.006333,0.0063335,59
2026-05-28T19:00:00+0000,0.0063335,0.006335,0.0063325,0.006335,6
2026-05-28T20:00:00+0000,0.006334,0.006334,0.006334,0.006334,3
2026-05-28T22:00:00+0000,0.006334,0.0063345,0.0063325,0.006333,4
2026-05-28T23:00:00+0000,0.0063335,0.006334,0.0063315,0.006333,15
2026-05-29T00:00:00+0000,0.006332,0.006333,0.006331,0.006331,51
2026-05-29T01:00:00+0000,0.006332,0.006332,0.006332,0.006332,2
2026-05-29T02:00:00+0000,0.0063315,0.0063315,0.0063315,0.0063315,4
2026-05-29T03:00:00+0000,0.0063295,0.00633,0.006329,0.006329,13
2026-05-29T04:00:00+0000,0.0063285,0.006331,0.0063285,0.006331,3
2026-05-29T05:00:00+0000,0.0063305,0.006332,0.0063305,0.0063315,13
2026-05-29T06:00:00+0000,0.0063305,0.006335,0.0063305,0.006335,13
2026-05-29T07:00:00+0000,0.006333,0.006335,0.006331,0.0063325,1003
2026-05-29T08:00:00+0000,0.006333,0.006335,0.0063315,0.0063315,27
2026-05-29T09:00:00+0000,0.006333,0.0063335,0.0063315,0.0063315,58
2026-05-29T10:00:00+0000,0.006331,0.0063325,0.0063305,0.0063315,19
2026-05-29T11:00:00+0000,0.0063315,0.0063325,0.006331,0.0063325,24
2026-05-29T12:00:00+0000,0.006333,0.0063335,0.006331,0.0063335,373
2026-05-29T13:00:00+0000,0.006333,0.006333,0.0063315,0.0063315,23
2026-05-29T14:00:00+0000,0.0063305,0.0063365,0.006329,0.006336,342
2026-05-29T15:00:00+0000,0.0063355,0.0063395,0.006334,0.006334,159
2026-05-29T16:00:00+0000,0.0063345,0.006336,0.0063335,0.0063345,81
2026-05-29T17:00:00+0000,0.0063355,0.0063355,0.006333,0.006333,41
2026-05-29T18:00:00+0000,0.0063315,0.0063335,0.006331,0.006333,82
2026-05-29T19:00:00+0000,0.006333,0.006334,0.0063325,0.0063325,18
2026-05-29T20:00:00+0000,0.006333,0.006333,0.006332,0.0063325,10
2026-05-31T22:00:00+0000,0.006329,0.0063295,0.0063255,0.0063265,202
2026-05-31T23:00:00+0000,0.006328,0.006328,0.0063275,0.0063275,3
2026-06-01T00:00:00+0000,0.0063285,0.0063285,0.006324,0.0063245,40
2026-06-01T01:00:00+0000,0.0063245,0.006325,0.0063225,0.0063235,82
2026-06-01T02:00:00+0000,0.0063235,0.0063245,0.006323,0.0063245,107
2026-06-01T03:00:00+0000,0.006325,0.006325,0.006323,0.006324,26
2026-06-01T04:00:00+0000,0.006324,0.0063245,0.006324,0.006324,20
2026-06-01T05:00:00+0000,0.006325,0.006325,0.006324,0.006324,19
2026-06-01T06:00:00+0000,0.0063245,0.0063265,0.0063225,0.0063265,80
2026-06-01T07:00:00+0000,0.0063255,0.0063255,0.0063235,0.0063235,7
2026-06-01T08:00:00+0000,0.0063245,0.006325,0.006324,0.0063245,91
2026-06-01T09:00:00+0000,0.006325,0.006325,0.0063235,0.006324,269
2026-06-01T10:00:00+0000,0.006324,0.0063245,0.006324,0.0063245,20
2026-06-01T11:00:00+0000,0.0063245,0.0063245,0.006323,0.0063235,116
2026-06-01T12:00:00+0000,0.0063235,0.0063245,0.006323,0.006323,13
2026-06-01T13:00:00+0000,0.0063225,0.0063225,0.0063125,0.0063125,406
2026-06-01T14:00:00+0000,0.0063125,0.0063165,0.0063125,0.0063135,1052
2026-06-01T15:00:00+0000,0.0063135,0.006319,0.0063135,0.006316,348
2026-06-01T16:00:00+0000,0.0063175,0.006319,0.0063145,0.0063185,43
2026-06-01T17:00:00+0000,0.006319,0.00632,0.0063155,0.006317,110
2026-06-01T18:00:00+0000,0.0063175,0.0063175,0.006312,0.006312,600
2026-06-01T19:00:00+0000,0.0063125,0.0063165,0.0063125,0.0063155,55
2026-06-01T20:00:00+0000,0.0063155,0.006316,0.006315,0.006316,21
2026-06-01T22:00:00+0000,0.0063145,0.006316,0.0063145,0.006316,3
2026-06-01T23:00:00+0000,0.0063165,0.006317,0.006316,0.006316,19
2026-06-02T00:00:00+0000,0.006315,0.006316,0.006313,0.006315,54
2026-06-02T01:00:00+0000,0.006315,0.0063155,0.0063135,0.006314,173
2026-06-02T02:00:00+0000,0.0063145,0.006315,0.006314,0.006314,38
2026-06-02T03:00:00+0000,0.006314,0.0063145,0.006314,0.006314,27
2026-06-02T04:00:00+0000,0.0063135,0.006314,0.006313,0.0063135,12
2026-06-02T05:00:00+0000,0.006314,0.006314,0.006313,0.006313,17
2026-06-02T06:00:00+0000,0.0063125,0.006315,0.0063125,0.0063145,245
2026-06-02T07:00:00+0000,0.006314,0.0063145,0.006313,0.0063145,152
2026-06-02T08:00:00+0000,0.0063145,0.006316,0.0063125,0.006313,311
2026-06-02T09:00:00+0000,0.0063125,0.006314,0.006312,0.0063125,141
2026-06-02T10:00:00+0000,0.006313,0.006314,0.006312,0.006313,425
2026-06-02T11:00:00+0000,0.0063135,0.0063135,0.0063125,0.006313,201
2026-06-02T12:00:00+0000,0.006312,0.0063125,0.006311,0.0063115,203
2026-06-02T13:00:00+0000,0.006311,0.0063115,0.006309,0.0063095,231
2026-06-02T14:00:00+0000,0.006309,0.0063095,0.0063,0.0063075,519
2026-06-02T15:00:00+0000,0.0063075,0.006308,0.006306,0.006307,148
2026-06-02T16:00:00+0000,0.0063075,0.006308,0.0063045,0.0063055,233
2026-06-02T17:00:00+0000,0.006306,0.0063065,0.0063035,0.0063035,53
2026-06-02T18:00:00+0000,0.006304,0.006306,0.0063025,0.0063055,197
2026-06-02T19:00:00+0000,0.006306,0.006306,0.006305,0.006305,39
2026-06-02T20:00:00+0000,0.0063055,0.0063055,0.006305,0.0063055,17
2026-06-02T22:00:00+0000,0.006306,0.006306,0.0063035,0.0063035,24
2026-06-02T23:00:00+0000,0.0063025,0.006303,0.006302,0.006303,45
2026-06-03T00:00:00+0000,0.0063025,0.0063055,0.0063025,0.0063045,115
2026-06-03T01:00:00+0000,0.006304,0.006308,0.006304,0.006307,19
2026-06-03T02:00:00+0000,0.0063075,0.0063075,0.006306,0.0063065,74
2026-06-03T03:00:00+0000,0.006306,0.0063065,0.0063055,0.0063065,61
2026-06-03T04:00:00+0000,0.0063065,0.006307,0.006306,0.006306,37
2026-06-03T05:00:00+0000,0.0063065,0.006307,0.006304,0.006304,398
2026-06-03T06:00:00+0000,0.006304,0.006305,0.006303,0.006303,505
2026-06-03T07:00:00+0000,0.0063025,0.006319,0.0063015,0.0063135,722
2026-06-03T08:00:00+0000,0.0063135,0.0063265,0.006309,0.006311,619
2026-06-03T09:00:00+0000,0.006311,0.006311,0.006306,0.0063095,189
2026-06-03T10:00:00+0000,0.0063095,0.0063145,0.0063075,0.0063095,107
2026-06-03T11:00:00+0000,0.0063095,0.00631,0.006308,0.0063085,23
2026-06-03T12:00:00+0000,0.0063075,0.0063085,0.0063035,0.0063045,189
2026-06-03T13:00:00+0000,0.0063045,0.006305,0.0063025,0.0063025,1021
2026-06-03T14:00:00+0000,0.0063025,0.006305,0.0063015,0.0063045,322
2026-06-03T15:00:00+0000,0.006304,0.006304,0.0063015,0.0063015,217
2026-06-03T16:00:00+0000,0.0063025,0.0063025,0.006299,0.006302,213
2026-06-03T17:00:00+0000,0.0063025,0.006303,0.0062995,0.0063,115
2026-06-03T18:00:00+0000,0.0063,0.006301,0.0062985,0.0063,129
2026-06-03T19:00:00+0000,0.0063,0.0063005,0.006298,0.006298,69
2026-06-03T20:00:00+0000,0.0062985,0.0062995,0.006298,0.006298,60
2026-06-03T22:00:00+0000,0.0063,0.0063055,0.0062975,0.006304,66
2026-06-03T23:00:00+0000,0.0063035,0.0063035,0.006301,0.006303,29
2026-06-04T00:00:00+0000,0.0063015,0.0063045,0.0063015,0.006303,28
2026-06-04T01:00:00+0000,0.006303,0.006305,0.006303,0.0063045,1030
2026-06-04T02:00:00+0000,0.0063045,0.0063045,0.0063035,0.006304,239
2026-06-04T03:00:00+0000,0.0063035,0.0063035,0.0063005,0.006301,16
2026-06-04T04:00:00+0000,0.006301,0.006316,0.0063005,0.006305,345
2026-06-04T05:00:00+0000,0.006305,0.006305,0.0063025,0.006304,306
2026-06-04T06:00:00+0000,0.006305,0.0063065,0.006303,0.006304,202
2026-06-04T07:00:00+0000,0.006304,0.006305,0.006303,0.0063035,54
2026-06-04T08:00:00+0000,0.0063035,0.0063045,0.006303,0.0063045,71
2026-06-04T09:00:00+0000,0.0063045,0.006306,0.006304,0.0063055,279
2026-06-04T10:00:00+0000,0.006305,0.006305,0.0063045,0.006305,69
2026-06-04T11:00:00+0000,0.006305,0.00631,0.006305,0.006309,146
2026-06-04T12:00:00+0000,0.0063095,0.0063095,0.0063045,0.006305,225
2026-06-04T13:00:00+0000,0.006305,0.0063055,0.006303,0.0063035,177
2026-06-04T14:00:00+0000,0.0063035,0.0063045,0.0063,0.0063005,199
2026-06-04T15:00:00+0000,0.0063,0.006301,0.006299,0.0063005,118
2026-06-04T16:00:00+0000,0.0063005,0.0063025,0.0063,0.0063005,109
2026-06-04T17:00:00+0000,0.0063005,0.006301,0.0063,0.0063,68
2026-06-04T18:00:00+0000,0.0063005,0.006301,0.006298,0.006299,232
2026-06-04T19:00:00+0000,0.0062985,0.0062995,0.0062985,0.0062995,245
2026-06-04T20:00:00+0000,0.0062995,0.0063,0.0062985,0.0062985,42
2026-06-04T22:00:00+0000,0.0063,0.0063,0.006299,0.006299,26
2026-06-04T23:00:00+0000,0.0062995,0.0063005,0.006299,0.0062995,197
2026-06-05T00:00:00+0000,0.0062995,0.0063015,0.0062995,0.0063015,34
2026-06-05T01:00:00+0000,0.0063005,0.006303,0.0063005,0.0063015,66
2026-06-05T02:00:00+0000,0.006301,0.0063015,0.0063,0.0063005,160
2026-06-05T03:00:00+0000,0.0063,0.0063015,0.0062995,0.0063015,481
2026-06-05T04:00:00+0000,0.0063015,0.0063015,0.0063005,0.006301,124
2026-06-05T05:00:00+0000,0.006301,0.0063025,0.0063005,0.006301,255
2026-06-05T06:00:00+0000,0.0063005,0.006302,0.0063005,0.0063015,178
2026-06-05T07:00:00+0000,0.0063015,0.006303,0.0063015,0.006302,135
2026-06-05T08:00:00+0000,0.0063015,0.0063025,0.006301,0.006302,175
2026-06-05T09:00:00+0000,0.006301,0.006303,0.006301,0.006301,145
2026-06-05T10:00:00+0000,0.0063015,0.006303,0.0063015,0.006303,133
2026-06-05T11:00:00+0000,0.006303,0.0063055,0.006302,0.0063055,770
2026-06-05T12:00:00+0000,0.0063055,0.0063055,0.006291,0.006291,737
2026-06-05T13:00:00+0000,0.0062905,0.00631,0.006289,0.0062935,1951
2026-06-05T14:00:00+0000,0.0062935,0.0062965,0.0062875,0.0062885,697
2026-06-05T15:00:00+0000,0.006289,0.006291,0.0062875,0.006289,556
2026-06-05T16:00:00+0000,0.006289,0.00629,0.0062855,0.0062885,418
2026-06-05T17:00:00+0000,0.0062885,0.006289,0.006286,0.006287,301
2026-06-05T18:00:00+0000,0.006287,0.0062955,0.006286,0.0062925,892
2026-06-05T19:00:00+0000,0.0062925,0.006294,0.006291,0.006292,135
2026-06-05T20:00:00+0000,0.006292,0.0062925,0.006286,0.0062865,357
2026-06-07T22:00:00+0000,0.0062925,0.0062925,0.0062845,0.0062855,162
2026-06-07T23:00:00+0000,0.0062855,0.006289,0.006285,0.006285,1061
2026-06-08T00:00:00+0000,0.006285,0.006289,0.006285,0.006286,209
2026-06-08T01:00:00+0000,0.006286,0.0062885,0.0062855,0.006286,480
2026-06-08T02:00:00+0000,0.006286,0.006286,0.006284,0.006284,328
2026-06-08T03:00:00+0000,0.006284,0.006286,0.006283,0.006286,227
2026-06-08T04:00:00+0000,0.006286,0.0062875,0.0062855,0.0062855,34
2026-06-08T05:00:00+0000,0.006286,0.0062915,0.0062855,0.0062895,507
2026-06-08T06:00:00+0000,0.0062895,0.00629,0.006286,0.0062885,193
2026-06-08T07:00:00+0000,0.006289,0.006293,0.006289,0.0062905,273
2026-06-08T08:00:00+0000,0.0062905,0.0063055,0.00629,0.0062985,501
2026-06-08T09:00:00+0000,0.006298,0.0062995,0.0062965,0.0062985,649
2026-06-08T10:00:00+0000,0.006299,0.0063015,0.006296,0.0062995,616
2026-06-08T11:00:00+0000,0.0062995,0.006303,0.006299,0.0063005,744
2026-06-08T12:00:00+0000,0.0063,0.0063025,0.0062995,0.006301,1251
2026-06-08T13:00:00+0000,0.006301,0.0063015,0.0062975,0.0062975,427
2026-06-08T14:00:00+0000,0.006298,0.006298,0.0062915,0.0062955,711
2026-06-08T15:00:00+0000,0.006296,0.006297,0.0062935,0.0062945,440
2026-06-08T16:00:00+0000,0.006295,0.0062955,0.0062925,0.0062925,688
2026-06-08T17:00:00+0000,0.006293,0.006294,0.006291,0.0062925,242
2026-06-08T18:00:00+0000,0.006292,0.0062935,0.006288,0.0062885,750
2026-06-08T19:00:00+0000,0.0062885,0.0062905,0.006288,0.0062905,470
2026-06-08T20:00:00+0000,0.0062905,0.0062925,0.00629,0.0062925,184
2026-06-08T22:00:00+0000,0.006291,0.0062935,0.0062905,0.006291,397
2026-06-08T23:00:00+0000,0.006291,0.0062915,0.006289,0.0062915,499
2026-06-09T00:00:00+0000,0.006291,0.0062935,0.0062875,0.0062895,202
2026-06-09T01:00:00+0000,0.006289,0.0062915,0.006289,0.0062915,566
2026-06-09T02:00:00+0000,0.0062915,0.0062915,0.00629,0.00629,97
2026-06-09T03:00:00+0000,0.00629,0.0062905,0.006289,0.006289,112
2026-06-09T04:00:00+0000,0.0062885,0.006291,0.0062885,0.006291,68
2026-06-09T05:00:00+0000,0.006291,0.006294,0.0062905,0.0062925,309
2026-06-09T06:00:00+0000,0.006292,0.0062965,0.0062915,0.006292,2038
2026-06-09T07:00:00+0000,0.0062915,0.0062925,0.0062895,0.0062905,2201
2026-06-09T08:00:00+0000,0.00629,0.006291,0.006289,0.006291,669
2026-06-09T09:00:00+0000,0.006291,0.0062925,0.00629,0.0062905,526
2026-06-09T10:00:00+0000,0.0062905,0.006292,0.0062895,0.0062915,554
2026-06-09T11:00:00+0000,0.0062915,0.0062925,0.006291,0.006292,193
2026-06-09T12:00:00+0000,0.0062915,0.0062925,0.00629,0.0062905,1108
2026-06-09T13:00:00+0000,0.006291,0.006292,0.006289,0.00629,1859
2026-06-09T14:00:00+0000,0.00629,0.006292,0.006288,0.006288,1662
2026-06-09T15:00:00+0000,0.006288,0.0062895,0.006286,0.0062895,2414
2026-06-09T16:00:00+0000,0.006289,0.0062895,0.0062795,0.006282,2857
2026-06-09T17:00:00+0000,0.0062825,0.0062865,0.0062825,0.006284,572
2026-06-09T18:00:00+0000,0.006284,0.0062845,0.006283,0.0062835,1304
2026-06-09T19:00:00+0000,0.0062835,0.006284,0.0062815,0.0062815,483
2026-06-09T20:00:00+0000,0.006282,0.006284,0.0062815,0.006284,120
2026-06-09T22:00:00+0000,0.006282,0.006283,0.0062815,0.0062815,47
2026-06-09T23:00:00+0000,0.0062815,0.0062825,0.0062805,0.0062825,527
2026-06-10T00:00:00+0000,0.006282,0.0062835,0.0062805,0.0062825,501
2026-06-10T01:00:00+0000,0.006282,0.006288,0.006282,0.0062825,554
2026-06-10T02:00:00+0000,0.006283,0.0062845,0.0062825,0.006283,187
2026-06-10T03:00:00+0000,0.0062835,0.006284,0.006283,0.006283,105
2026-06-10T04:00:00+0000,0.0062835,0.006284,0.006283,0.006283,226
2026-06-10T05:00:00+0000,0.006283,0.006285,0.0062825,0.006284,215
2026-06-10T06:00:00+0000,0.006284,0.006285,0.0062825,0.0062825,534
2026-06-10T07:00:00+0000,0.0062825,0.0062835,0.006282,0.006282,704
2026-06-10T08:00:00+0000,0.006282,0.0062825,0.006281,0.006281,631
2026-06-10T09:00:00+0000,0.0062805,0.0062815,0.006278,0.0062805,941
2026-06-10T10:00:00+0000,0.00628,0.0062805,0.0062785,0.006279,741
2026-06-10T11:00:00+0000,0.0062795,0.00628,0.0062765,0.006278,1735
2026-06-10T12:00:00+0000,0.006278,0.006285,0.006272,0.0062805,1792
2026-06-10T13:00:00+0000,0.0062805,0.0062845,0.0062795,0.0062825,2087
2026-06-10T14:00:00+0000,0.0062825,0.006283,0.006278,0.0062785,3385
2026-06-10T15:00:00+0000,0.0062785,0.0062805,0.006277,0.0062785,2276
2026-06-10T16:00:00+0000,0.006279,0.00628,0.0062775,0.0062785,1321
2026-06-10T17:00:00+0000,0.006279,0.0062795,0.0062755,0.006278,1547
2026-06-10T18:00:00+0000,0.006278,0.00628,0.006278,0.006278,1598
2026-06-10T19:00:00+0000,0.006278,0.0062785,0.0062765,0.0062765,588
2026-06-10T20:00:00+0000,0.0062765,0.006277,0.006275,0.0062755,293
2026-06-10T22:00:00+0000,0.0062775,0.0062775,0.0062735,0.006274,438
2026-06-10T23:00:00+0000,0.0062745,0.006276,0.0062735,0.0062755,676
2026-06-11T00:00:00+0000,0.006275,0.006277,0.006274,0.006276,1374
2026-06-11T01:00:00+0000,0.006276,0.0062795,0.006275,0.0062765,1412
2026-06-11T02:00:00+0000,0.0062765,0.006277,0.006275,0.0062755,573
2026-06-11T03:00:00+0000,0.006276,0.006276,0.006275,0.006276,745
2026-06-11T04:00:00+0000,0.0062755,0.0062765,0.006275,0.006276,327
2026-06-11T05:00:00+0000,0.0062765,0.0062765,0.006274,0.0062745,1503
2026-06-11T06:00:00+0000,0.006274,0.006275,0.006273,0.0062745,2308
2026-06-11T07:00:00+0000,0.0062745,0.0062765,0.006274,0.006276,1364
2026-06-11T08:00:00+0000,0.006276,0.0062765,0.0062745,0.0062755,2063
2026-06-11T09:00:00+0000,0.006275,0.0062755,0.006274,0.0062755,1185
2026-06-11T10:00:00+0000,0.006275,0.0062755,0.006274,0.0062755,1018
2026-06-11T11:00:00+0000,0.0062755,0.006276,0.0062745,0.006275,1396
2026-06-11T12:00:00+0000,0.0062745,0.0062765,0.006272,0.006275,3954
2026-06-11T13:00:00+0000,0.006275,0.0062785,0.006274,0.006277,3048
2026-06-11T14:00:00+0000,0.006277,0.006278,0.006274,0.0062765,2743
2026-06-11T15:00:00+0000,0.0062765,0.006278,0.0062755,0.006276,3161
2026-06-11T16:00:00+0000,0.0062765,0.006277,0.006274,0.0062755,1915
2026-06-11T17:00:00+0000,0.0062755,0.006295,0.006275,0.006291,8432
2026-06-11T18:00:00+0000,0.0062915,0.006299,0.006285,0.0062925,6910
2026-06-11T19:00:00+0000,0.0062925,0.006314,0.0062925,0.0063045,7462
2026-06-11T20:00:00+0000,0.006304,0.0063065,0.0062965,0.006298,2258
2026-06-11T22:00:00+0000,0.006298,0.006298,0.006292,0.0062955,4185
2026-06-11T23:00:00+0000,0.006295,0.0062965,0.0062895,0.00629,2474
2026-06-12T00:00:00+0000,0.00629,0.0062905,0.0062865,0.0062885,6985
2026-06-12T01:00:00+0000,0.006289,0.0062895,0.006285,0.006285,3936
2026-06-12T02:00:00+0000,0.0062845,0.006286,0.0062825,0.0062835,4168
2026-06-12T03:00:00+0000,0.006284,0.006287,0.0062835,0.006286,2196
2026-06-12T04:00:00+0000,0.0062865,0.0062865,0.0062845,0.006285,1825
2026-06-12T05:00:00+0000,0.0062855,0.0062865,0.0062815,0.0062815,2593
2026-06-12T06:00:00+0000,0.006282,0.0062855,0.006281,0.0062825,6549
2026-06-12T07:00:00+0000,0.006283,0.0062845,0.0062805,0.0062845,7253
2026-06-12T08:00:00+0000,0.0062845,0.006297,0.006284,0.006292,12749
2026-06-12T09:00:00+0000,0.006292,0.006297,0.0062915,0.006293,5816
2026-06-12T10:00:00+0000,0.006293,0.006294,0.006288,0.006292,3501
2026-06-12T11:00:00+0000,0.0062915,0.0062915,0.006288,0.006289,2114
2026-06-12T12:00:00+0000,0.0062885,0.0062885,0.0062835,0.0062855,9693
2026-06-12T13:00:00+0000,0.006286,0.006288,0.006282,0.006285,10126
2026-06-12T14:00:00+0000,0.0062855,0.0062895,0.006284,0.0062865,15961
2026-06-12T15:00:00+0000,0.0062865,0.0062895,0.006286,0.0062865,8626
2026-06-12T16:00:00+0000,0.006286,0.0062885,0.0062845,0.006287,6370
2026-06-12T17:00:00+0000,0.006287,0.0062885,0.0062865,0.006288,3861
2026-06-12T18:00:00+0000,0.006288,0.0062885,0.006286,0.0062865,3170
2026-06-12T19:00:00+0000,0.006286,0.006288,0.006286,0.0062875,3009
2026-06-12T20:00:00+0000,0.006288,0.0062885,0.0062865,0.006288,1454
2026-06-14T22:00:00+0000,0.006305,0.0063055,0.006297,0.006298,5518
2026-06-14T23:00:00+0000,0.006298,0.0062995,0.006296,0.006297,2816
2026-06-15T00:00:00+0000,0.006297,0.0062995,0.0062895,0.006291,8558
2026-06-15T01:00:00+0000,0.006291,0.0062915,0.006286,0.0062865,6192
2026-06-15T02:00:00+0000,0.0062865,0.00629,0.0062855,0.0062895,2883
2026-06-15T03:00:00+0000,0.0062895,0.006293,0.0062895,0.0062925,1779
2026-06-15T04:00:00+0000,0.0062925,0.0062945,0.006291,0.006293,2009
2026-06-15T05:00:00+0000,0.006293,0.0062955,0.0062925,0.006293,3425
2026-06-15T06:00:00+0000,0.0062935,0.0062935,0.006289,0.0062895,5062
2026-06-15T07:00:00+0000,0.00629,0.006293,0.0062895,0.00629,3774
2026-06-15T08:00:00+0000,0.00629,0.0062915,0.006289,0.0062895,3666
2026-06-15T09:00:00+0000,0.006289,0.006291,0.006289,0.00629,3194
2026-06-15T10:00:00+0000,0.00629,0.0062915,0.0062885,0.00629,1675
2026-06-15T11:00:00+0000,0.00629,0.0062905,0.0062865,0.0062875,4922
2026-06-15T12:00:00+0000,0.0062875,0.0062905,0.006287,0.0062895,3572
2026-06-15T13:00:00+0000,0.0062895,0.0062925,0.0062885,0.0062925,4774
2026-06-15T14:00:00+0000,0.0062925,0.006294,0.006289,0.0062895,9037
2026-06-15T15:00:00+0000,0.0062895,0.00629,0.006287,0.0062875,6204
2026-06-15T16:00:00+0000,0.006287,0.006289,0.006285,0.006286,4728
2026-06-15T17:00:00+0000,0.006286,0.0062865,0.006284,0.0062845,3480
2026-06-15T18:00:00+0000,0.006284,0.006285,0.006282,0.0062825,5122
2026-06-15T19:00:00+0000,0.006283,0.006284,0.0062795,0.00628,3879
2026-06-15T20:00:00+0000,0.0062795,0.0062825,0.0062795,0.0062815,2356
2026-06-15T22:00:00+0000,0.006282,0.006284,0.0062805,0.0062815,1663
2026-06-15T23:00:00+0000,0.0062815,0.006286,0.0062815,0.006285,1673
2026-06-16T00:00:00+0000,0.006285,0.0062885,0.0062835,0.006287,6381
2026-06-16T01:00:00+0000,0.0062865,0.006291,0.006286,0.006288,4843
2026-06-16T02:00:00+0000,0.0062885,0.0062905,0.0062865,0.006289,2394
2026-06-16T03:00:00+0000,0.0062895,0.006293,0.0062845,0.0062865,7758
2026-06-16T04:00:00+0000,0.0062865,0.006287,0.0062805,0.0062845,5243
2026-06-16T05:00:00+0000,0.0062845,0.0062855,0.0062825,0.006283,1635
2026-06-16T06:00:00+0000,0.0062825,0.0062885,0.0062825,0.0062865,6739
2026-06-16T07:00:00+0000,0.0062865,0.0062865,0.0062805,0.0062855,5366
2026-06-16T08:00:00+0000,0.0062855,0.0062855,0.006281,0.0062815,3929
2026-06-16T09:00:00+0000,0.0062815,0.006282,0.00628,0.006281,2345
2026-06-16T10:00:00+0000,0.006281,0.0062835,0.006281,0.006283,2124
2026-06-16T11:00:00+0000,0.0062825,0.0062825,0.00628,0.00628,2328
2026-06-16T12:00:00+0000,0.00628,0.006282,0.0062795,0.0062815,4628
2026-06-16T13:00:00+0000,0.0062815,0.006282,0.006278,0.0062785,6736
2026-06-16T14:00:00+0000,0.006279,0.0062795,0.006276,0.0062785,8148
2026-06-16T15:00:00+0000,0.0062785,0.006281,0.006276,0.006279,7731
2026-06-16T16:00:00+0000,0.0062795,0.006281,0.0062785,0.0062785,3198
2026-06-16T17:00:00+0000,0.0062785,0.006279,0.006277,0.0062775,1746
2026-06-16T18:00:00+0000,0.0062775,0.006278,0.0062765,0.006277,2010
2026-06-16T19:00:00+0000,0.0062775,0.006279,0.0062755,0.006276,3206
2026-06-16T20:00:00+0000,0.006276,0.0062775,0.0062755,0.006277,1235
2026-06-16T22:00:00+0000,0.006277,0.006277,0.0062745,0.006276,724
2026-06-16T23:00:00+0000,0.0062765,0.006277,0.0062745,0.0062755,1022
2026-06-17T00:00:00+0000,0.006276,0.006279,0.0062755,0.0062785,3481
2026-06-17T01:00:00+0000,0.006279,0.0062805,0.0062775,0.0062785,3282
2026-06-17T02:00:00+0000,0.0062785,0.0062805,0.0062785,0.0062795,1409
2026-06-17T03:00:00+0000,0.0062795,0.0062805,0.0062785,0.00628,1417
2026-06-17T04:00:00+0000,0.00628,0.0062825,0.0062795,0.0062825,2817
2026-06-17T05:00:00+0000,0.0062825,0.0062825,0.0062795,0.00628,1631
2026-06-17T06:00:00+0000,0.0062795,0.006283,0.006279,0.006283,5127
2026-06-17T07:00:00+0000,0.006283,0.0062855,0.0062805,0.0062855,4972
2026-06-17T08:00:00+0000,0.0062855,0.0062885,0.0062825,0.0062845,6527
2026-06-17T09:00:00+0000,0.006284,0.0062865,0.0062835,0.0062855,2807
2026-06-17T10:00:00+0000,0.006285,0.006285,0.0062825,0.006283,2348
2026-06-17T11:00:00+0000,0.006283,0.006283,0.006279,0.00628,3755
2026-06-17T12:00:00+0000,0.00628,0.006283,0.0062795,0.006283,3735
2026-06-17T13:00:00+0000,0.006283,0.006285,0.0062805,0.006285,5475
2026-06-17T14:00:00+0000,0.006285,0.006285,0.0062785,0.0062795,8892
2026-06-17T15:00:00+0000,0.0062795,0.006285,0.006279,0.0062835,5353
2026-06-17T16:00:00+0000,0.006284,0.006285,0.0062835,0.006285,2785
2026-06-17T17:00:00+0000,0.0062845,0.006285,0.0062825,0.0062845,4904
2026-06-17T18:00:00+0000,0.006284,0.006284,0.0062715,0.006273,32804
2026-06-17T19:00:00+0000,0.0062735,0.0062745,0.0062615,0.0062645,25030
2026-06-17T20:00:00+0000,0.0062645,0.0062675,0.0062635,0.006267,4706
2026-06-17T22:00:00+0000,0.00627,0.00627,0.006267,0.006269,2013
2026-06-17T23:00:00+0000,0.0062695,0.006272,0.0062685,0.0062695,3331
2026-06-18T00:00:00+0000,0.0062695,0.006272,0.0062635,0.006266,9161
2026-06-18T01:00:00+0000,0.006266,0.0062685,0.0062655,0.0062675,3169
2026-06-18T02:00:00+0000,0.006268,0.0062705,0.006267,0.00627,2512
2026-06-18T03:00:00+0000,0.00627,0.006271,0.006269,0.0062695,3293
2026-06-18T04:00:00+0000,0.00627,0.0062705,0.0062685,0.0062695,1085
2026-06-18T05:00:00+0000,0.0062695,0.0062705,0.0062675,0.0062675,1457
2026-06-18T06:00:00+0000,0.0062675,0.00627,0.006266,0.006268,4571
2026-06-18T07:00:00+0000,0.006268,0.00627,0.0062665,0.0062695,4430
2026-06-18T08:00:00+0000,0.0062695,0.0062695,0.0062625,0.0062625,4542
2026-06-18T09:00:00+0000,0.0062625,0.006275,0.0062615,0.006262,14336
2026-06-18T10:00:00+0000,0.006262,0.0062635,0.0062555,0.0062565,8121
2026-06-18T11:00:00+0000,0.006257,0.006259,0.0062555,0.0062565,5163
2026-06-18T12:00:00+0000,0.0062565,0.0062605,0.006256,0.006259,7065
2026-06-18T13:00:00+0000,0.006259,0.006262,0.006257,0.006258,9742
2026-06-18T14:00:00+0000,0.006258,0.00626,0.0062575,0.0062595,8670
2026-06-18T15:00:00+0000,0.0062595,0.00626,0.0062395,0.00624,17699
2026-06-18T16:00:00+0000,0.00624,0.0062465,0.0062365,0.006237,18666
2026-06-18T17:00:00+0000,0.006237,0.0062405,0.006236,0.0062365,8148
2026-06-18T18:00:00+0000,0.0062365,0.006238,0.006227,0.0062275,16878
2026-06-18T19:00:00+0000,0.006228,0.006258,0.0062225,0.0062375,38877
2026-06-18T20:00:00+0000,0.0062375,0.0062415,0.006236,0.006239,3879
2026-06-18T22:00:00+0000,0.0062395,0.0062465,0.0062365,0.006243,2498
2026-06-18T23:00:00+0000,0.006243,0.006244,0.0062395,0.006242,1818
2026-06-19T00:00:00+0000,0.006242,0.0062535,0.006242,0.0062495,11147
2026-06-19T01:00:00+0000,0.0062495,0.006254,0.0062455,0.006246,9250
2026-06-19T02:00:00+0000,0.0062465,0.0062495,0.006244,0.0062445,4077
2026-06-19T03:00:00+0000,0.006245,0.0062455,0.0062405,0.0062405,2512
2026-06-19T04:00:00+0000,0.0062405,0.0062405,0.006238,0.006239,5209
2026-06-19T05:00:00+0000,0.006239,0.006241,0.006236,0.0062405,2859
2026-06-19T06:00:00+0000,0.0062405,0.006243,0.0062385,0.006243,3905
2026-06-19T07:00:00+0000,0.006243,0.006244,0.00624,0.006241,3559
2026-06-19T08:00:00+0000,0.006241,0.006244,0.0062405,0.0062425,2725
2026-06-19T09:00:00+0000,0.0062425,0.0062445,0.006241,0.006243,2799
2026-06-19T10:00:00+0000,0.0062435,0.0062445,0.0062405,0.006243,2434
2026-06-19T11:00:00+0000,0.0062425,0.0062445,0.006241,0.006244,3170
2026-06-19T12:00:00+0000,0.006244,0.0062475,0.0062425,0.0062475,6359
2026-06-19T13:00:00+0000,0.0062475,0.0062475,0.006241,0.006242,6239
2026-06-19T14:00:00+0000,0.006242,0.006248,0.006241,0.0062475,7797
2026-06-19T15:00:00+0000,0.006247,0.0062485,0.0062415,0.0062415,4947
2026-06-19T16:00:00+0000,0.006242,0.006243,0.00624,0.0062405,2298
2026-06-21T22:00:00+0000,0.0062425,0.0062425,0.0062355,0.006236,2216
2026-06-21T23:00:00+0000,0.006236,0.0062375,0.0062335,0.0062365,3236
2026-06-22T00:00:00+0000,0.0062365,0.006237,0.0062315,0.006234,6729
2026-06-22T01:00:00+0000,0.006234,0.0062365,0.006232,0.006232,3950
2026-06-22T02:00:00+0000,0.006232,0.006233,0.00623,0.006232,3296
2026-06-22T03:00:00+0000,0.006232,0.0062325,0.0062295,0.0062305,3704
2026-06-22T04:00:00+0000,0.00623,0.0062305,0.006226,0.006227,2823
2026-06-22T05:00:00+0000,0.006227,0.0062285,0.006226,0.006226,3382
2026-06-22T06:00:00+0000,0.006226,0.0062295,0.0062255,0.0062265,4896
2026-06-22T07:00:00+0000,0.006227,0.006228,0.006223,0.0062245,4333
2026-06-22T08:00:00+0000,0.0062245,0.0062255,0.0062225,0.006223,3826
2026-06-22T09:00:00+0000,0.006223,0.0062255,0.006223,0.0062245,2154
2026-06-22T10:00:00+0000,0.0062245,0.0062275,0.006224,0.0062245,2681
2026-06-22T11:00:00+0000,0.0062245,0.0062265,0.0062205,0.006223,4810
2026-06-22T12:00:00+0000,0.0062235,0.006225,0.0062215,0.006223,5103
2026-06-22T13:00:00+0000,0.0062225,0.0062245,0.006218,0.006218,10857
2026-06-22T14:00:00+0000,0.0062185,0.0062505,0.006217,0.0062405,71282
2026-06-22T15:00:00+0000,0.00624,0.006247,0.0062315,0.006233,21528
2026-06-22T16:00:00+0000,0.0062335,0.0062345,0.006228,0.006232,8056
2026-06-22T17:00:00+0000,0.0062315,0.006234,0.006231,0.006234,3333
2026-06-22T18:00:00+0000,0.006234,0.0062385,0.006233,0.006237,18828
2026-06-22T19:00:00+0000,0.006237,0.0062375,0.006227,0.00623,6027
2026-06-22T20:00:00+0000,0.00623,0.0062315,0.0062295,0.0062315,1262
2026-06-22T22:00:00+0000,0.006231,0.0062315,0.0062285,0.00623,1105
2026-06-22T23:00:00+0000,0.0062305,0.0062315,0.00623,0.0062305,967
2026-06-23T00:00:00+0000,0.0062305,0.0062325,0.006228,0.0062295,7667
2026-06-23T01:00:00+0000,0.0062305,0.0062315,0.006229,0.00623,2476
2026-06-23T02:00:00+0000,0.00623,0.0062325,0.0062295,0.00623,1925
2026-06-23T03:00:00+0000,0.00623,0.006232,0.006229,0.0062315,1845
2026-06-23T04:00:00+0000,0.0062315,0.0062315,0.0062285,0.006229,1912
2026-06-23T05:00:00+0000,0.0062285,0.00623,0.006226,0.0062275,2476
2026-06-23T06:00:00+0000,0.006227,0.006228,0.006224,0.0062275,5601
2026-06-23T07:00:00+0000,0.0062275,0.0062405,0.006227,0.0062345,18464
2026-06-23T08:00:00+0000,0.0062345,0.006242,0.006234,0.0062355,8857
2026-06-23T09:00:00+0000,0.006236,0.0062395,0.006235,0.0062375,3337
2026-06-23T10:00:00+0000,0.0062375,0.0062395,0.0062345,0.006235,5541
2026-06-23T11:00:00+0000,0.0062355,0.0062365,0.006229,0.00623,4677
2026-06-23T12:00:00+0000,0.00623,0.0062355,0.0062295,0.006231,5034
2026-06-23T13:00:00+0000,0.006231,0.0062345,0.00623,0.006232,6120
2026-06-23T14:00:00+0000,0.0062325,0.0062335,0.00623,0.0062315,7712
2026-06-23T15:00:00+0000,0.0062315,0.006233,0.00623,0.006231,5800
2026-06-23T16:00:00+0000,0.0062315,0.006232,0.006229,0.00623,3656
2026-06-23T17:00:00+0000,0.0062295,0.0062315,0.0062285,0.006231,3639
2026-06-23T18:00:00+0000,0.006231,0.0062315,0.0062295,0.0062305,3240
2026-06-23T19:00:00+0000,0.006231,0.006233,0.0062305,0.0062305,2064
2026-06-23T20:00:00+0000,0.00623,0.0062305,0.006229,0.0062305,1064
2026-06-23T22:00:00+0000,0.0062305,0.0062315,0.0062285,0.00623,701
2026-06-23T23:00:00+0000,0.0062305,0.0062315,0.0062285,0.006229,1691
2026-06-24T00:00:00+0000,0.006229,0.006231,0.0062275,0.0062285,4231
2026-06-24T01:00:00+0000,0.006228,0.006231,0.006228,0.00623,2672
2026-06-24T02:00:00+0000,0.00623,0.0062315,0.0062295,0.006231,1887
2026-06-24T03:00:00+0000,0.0062315,0.0062315,0.006229,0.006231,1578
2026-06-24T04:00:00+0000,0.0062305,0.0062315,0.0062305,0.006231,1808
2026-06-24T05:00:00+0000,0.0062305,0.006231,0.0062285,0.0062285,3017
2026-06-24T06:00:00+0000,0.0062285,0.006231,0.0062245,0.006225,6070
2026-06-24T07:00:00+0000,0.006225,0.0062265,0.006224,0.0062245,3809
2026-06-24T08:00:00+0000,0.0062245,0.006226,0.006223,0.006223,3216
2026-06-24T09:00:00+0000,0.006223,0.0062245,0.006222,0.0062235,3969
2026-06-24T10:00:00+0000,0.006224,0.006226,0.0062235,0.006226,2467
2026-06-24T11:00:00+0000,0.006226,0.0062285,0.006225,0.006227,6213
2026-06-24T12:00:00+0000,0.006227,0.006228,0.006223,0.006223,6611
2026-06-24T13:00:00+0000,0.006223,0.0062255,0.0062225,0.0062235,8766
2026-06-24T14:00:00+0000,0.0062235,0.0062255,0.0062205,0.006222,10218
2026-06-24T15:00:00+0000,0.0062215,0.006224,0.006221,0.006223,9630
2026-06-24T16:00:00+0000,0.0062235,0.006226,0.0062225,0.006223,4383
2026-06-24T17:00:00+0000,0.0062235,0.006224,0.0062205,0.0062215,4379
2026-06-24T18:00:00+0000,0.006221,0.006223,0.00622,0.0062225,6137
2026-06-24T19:00:00+0000,0.0062225,0.0062235,0.0062195,0.006221,4808
2026-06-24T20:00:00+0000,0.0062205,0.006222,0.0062205,0.0062215,3573
2026-06-24T22:00:00+0000,0.006222,0.0062225,0.0062205,0.006221,1171
2026-06-24T23:00:00+0000,0.006221,0.0062215,0.0062205,0.006221,1498
2026-06-25T00:00:00+0000,0.006221,0.006224,0.006221,0.0062235,5169
2026-06-25T01:00:00+0000,0.006223,0.0062295,0.0062225,0.0062235,4949
2026-06-25T02:00:00+0000,0.006223,0.006225,0.0062225,0.0062235,1906
2026-06-25T03:00:00+0000,0.0062235,0.006224,0.006222,0.0062225,1783
2026-06-25T04:00:00+0000,0.006223,0.006224,0.006221,0.0062215,1836
2026-06-25T05:00:00+0000,0.0062215,0.006223,0.006219,0.006219,4488
2026-06-25T06:00:00+0000,0.0062195,0.0062205,0.0062165,0.006217,4015
2026-06-25T07:00:00+0000,0.006217,0.0062215,0.006216,0.0062195,5285
2026-06-25T08:00:00+0000,0.0062195,0.006221,0.0062185,0.00622,3513
2026-06-25T09:00:00+0000,0.00622,0.00622,0.0062185,0.006219,1450
2026-06-25T10:00:00+0000,0.0062195,0.00622,0.006216,0.006217,1872
2026-06-25T11:00:00+0000,0.006217,0.0062225,0.006214,0.0062175,10393
2026-06-25T12:00:00+0000,0.0062175,0.0062215,0.006216,0.0062185,9962
2026-06-25T13:00:00+0000,0.0062185,0.006224,0.006218,0.006222,8407
2026-06-25T14:00:00+0000,0.0062225,0.006229,0.0062215,0.0062245,13429
2026-06-25T15:00:00+0000,0.006225,0.006227,0.006223,0.006225,6631
2026-06-25T16:00:00+0000,0.0062245,0.0062255,0.0062215,0.0062215,2964
2026-06-25T17:00:00+0000,0.006221,0.006223,0.0062195,0.0062205,2994
2026-06-25T18:00:00+0000,0.0062205,0.0062215,0.0062185,0.00622,4764
2026-06-25T19:00:00+0000,0.00622,0.006222,0.006219,0.0062205,3153
2026-06-25T20:00:00+0000,0.00622,0.0062205,0.0062195,0.00622,1008
2026-06-25T22:00:00+0000,0.0062205,0.0062205,0.0062195,0.0062195,759
2026-06-25T23:00:00+0000,0.00622,0.006221,0.0062185,0.006219,1954
2026-06-26T00:00:00+0000,0.0062195,0.00622,0.0062175,0.0062185,3426
2026-06-26T01:00:00+0000,0.0062185,0.0062195,0.006217,0.006219,2960
2026-06-26T02:00:00+0000,0.0062195,0.006221,0.0062185,0.0062205,2314
2026-06-26T03:00:00+0000,0.00622,0.0062265,0.00622,0.006225,4620
2026-06-26T04:00:00+0000,0.006225,0.0062285,0.006224,0.006226,4328
2026-06-26T05:00:00+0000,0.006226,0.0062295,0.0062255,0.0062295,3159
2026-06-26T06:00:00+0000,0.006229,0.0062295,0.0062215,0.006223,4989
2026-06-26T07:00:00+0000,0.0062225,0.0062265,0.0062225,0.006226,2994
2026-06-26T08:00:00+0000,0.006226,0.00623,0.006225,0.0062275,4238
2026-06-26T09:00:00+0000,0.0062275,0.0062295,0.0062255,0.006227,5221
2026-06-26T10:00:00+0000,0.006227,0.006228,0.0062255,0.0062265,1609
2026-06-26T11:00:00+0000,0.0062265,0.0062265,0.006224,0.0062245,3058
2026-06-26T12:00:00+0000,0.006225,0.006226,0.006223,0.006225,4393
2026-06-26T13:00:00+0000,0.006225,0.0062265,0.0062225,0.006226,6495
2026-06-26T14:00:00+0000,0.0062265,0.006228,0.006221,0.0062225,8119
2026-06-26T15:00:00+0000,0.006222,0.006226,0.0062215,0.006224,7311
2026-06-26T16:00:00+0000,0.0062245,0.006225,0.0062205,0.006221,4286
2026-06-26T17:00:00+0000,0.006221,0.0062225,0.0062195,0.0062205,2916
2026-06-26T18:00:00+0000,0.0062205,0.006223,0.00622,0.0062215,4008
2026-06-26T19:00:00+0000,0.0062215,0.006223,0.0062205,0.006221,3650
2026-06-26T20:00:00+0000,0.0062215,0.006222,0.0062195,0.0062215,2401
2026-06-28T22:00:00+0000,0.00622,0.0062205,0.006211,0.006219,2247
2026-06-28T23:00:00+0000,0.006219,0.0062195,0.006218,0.0062185,1265
2026-06-29T00:00:00+0000,0.0062185,0.006222,0.0062185,0.00622,4802
2026-06-29T01:00:00+0000,0.0062205,0.006221,0.006219,0.006219,2028
2026-06-29T02:00:00+0000,0.006219,0.0062215,0.006219,0.0062195,2228
2026-06-29T03:00:00+0000,0.0062195,0.00622,0.0062185,0.0062185,1932
2026-06-29T04:00:00+0000,0.006219,0.0062195,0.006218,0.006218,1113
2026-06-29T05:00:00+0000,0.006218,0.0062195,0.006218,0.0062185,1928
2026-06-29T06:00:00+0000,0.006219,0.0062195,0.0062165,0.006219,4995
2026-06-29T07:00:00+0000,0.0062185,0.006219,0.006217,0.0062175,2541
2026-06-29T08:00:00+0000,0.0062175,0.0062185,0.006216,0.006216,2466
2026-06-29T09:00:00+0000,0.0062165,0.0062175,0.0062145,0.0062155,2442
2026-06-29T10:00:00+0000,0.006215,0.0062165,0.0062145,0.0062165,1298
2026-06-29T11:00:00+0000,0.0062165,0.006218,0.006216,0.006217,1964
2026-06-29T12:00:00+0000,0.006217,0.006217,0.0062145,0.0062145,3920
2026-06-29T13:00:00+0000,0.0062145,0.0062155,0.006212,0.0062125,10197
2026-06-29T14:00:00+0000,0.0062125,0.0062185,0.006212,0.0062135,13457
2026-06-29T15:00:00+0000,0.0062135,0.006214,0.0062125,0.0062135,4400
2026-06-29T16:00:00+0000,0.0062135,0.006214,0.006213,0.006213,2287
2026-06-29T17:00:00+0000,0.006213,0.006214,0.006212,0.006213,2775
2026-06-29T18:00:00+0000,0.006213,0.0062135,0.00621,0.0062115,15986
2026-06-29T19:00:00+0000,0.006212,0.0062145,0.0062115,0.006213,3818
2026-06-29T20:00:00+0000,0.006213,0.006214,0.006212,0.0062125,1568
2026-06-29T22:00:00+0000,0.0062135,0.0062135,0.0062125,0.006213,802
2026-06-29T23:00:00+0000,0.006213,0.006214,0.006213,0.0062135,663
2026-06-30T00:00:00+0000,0.006213,0.0062135,0.006195,0.006205,24765
2026-06-30T01:00:00+0000,0.006205,0.0062085,0.0061985,0.0062035,12382
2026-06-30T02:00:00+0000,0.006203,0.0062065,0.0062025,0.0062045,3856
2026-06-30T03:00:00+0000,0.006205,0.0062095,0.006201,0.0062035,5136
2026-06-30T04:00:00+0000,0.0062035,0.0062045,0.0062025,0.0062025,1983
2026-06-30T05:00:00+0000,0.0062025,0.0062045,0.006199,0.0061995,3039
2026-06-30T06:00:00+0000,0.006199,0.0062025,0.0061945,0.006202,9442
2026-06-30T07:00:00+0000,0.0062025,0.006206,0.0062,0.0062005,5595
2026-06-30T08:00:00+0000,0.006201,0.0062015,0.0061945,0.006198,8452
2026-06-30T09:00:00+0000,0.0061975,0.0062005,0.006197,0.006199,3564
2026-06-30T10:00:00+0000,0.006199,0.0061995,0.0061965,0.006198,2070
2026-06-30T11:00:00+0000,0.006198,0.0061985,0.0061935,0.006194,4058
2026-06-30T12:00:00+0000,0.006194,0.00621,0.0061905,0.006195,20503
2026-06-30T13:00:00+0000,0.0061945,0.006198,0.0061915,0.006192,10367
2026-06-30T14:00:00+0000,0.0061915,0.0061965,0.006187,0.0061915,19660
2026-06-30T15:00:00+0000,0.0061905,0.0061925,0.006185,0.0061865,15526
2026-06-30T16:00:00+0000,0.0061865,0.0061875,0.0061845,0.006186,6254
2026-06-30T17:00:00+0000,0.0061855,0.006189,0.0061855,0.0061875,2834
2026-06-30T18:00:00+0000,0.006188,0.006189,0.0061865,0.006187,5420
2026-06-30T19:00:00+0000,0.006187,0.0061885,0.0061865,0.0061885,4105
2026-06-30T20:00:00+0000,0.006188,0.0061895,0.006187,0.006189,3212
2026-06-30T22:00:00+0000,0.006189,0.006189,0.0061855,0.0061865,1686
2026-06-30T23:00:00+0000,0.006187,0.00619,0.0061855,0.0061855,1765
2026-07-01T00:00:00+0000,0.0061855,0.006186,0.0061805,0.006184,6660
2026-07-01T01:00:00+0000,0.0061835,0.006187,0.0061815,0.0061835,3972
2026-07-01T02:00:00+0000,0.006184,0.006185,0.0061795,0.006181,2580
2026-07-01T03:00:00+0000,0.0061815,0.0061815,0.0061775,0.0061795,4057
2026-07-01T04:00:00+0000,0.006179,0.006189,0.006179,0.006182,6461
2026-07-01T05:00:00+0000,0.006182,0.006184,0.0061805,0.006183,3313
2026-07-01T06:00:00+0000,0.0061825,0.0061845,0.006181,0.006184,3340
2026-07-01T07:00:00+0000,0.006184,0.0061865,0.0061825,0.0061845,5488
2026-07-01T08:00:00+0000,0.006184,0.006186,0.006183,0.006185,2834
2026-07-01T09:00:00+0000,0.006185,0.0061855,0.0061815,0.0061815,4184
2026-07-01T10:00:00+0000,0.0061815,0.0061845,0.006181,0.0061835,3175
2026-07-01T11:00:00+0000,0.006184,0.006184,0.0061815,0.0061835,2940
2026-07-01T12:00:00+0000,0.0061835,0.006184,0.006179,0.006183,7088
2026-07-01T13:00:00+0000,0.006183,0.006199,0.0061815,0.0061945,27115
2026-07-01T14:00:00+0000,0.0061945,0.006198,0.0061925,0.0061945,13087
2026-07-01T15:00:00+0000,0.006195,0.0061955,0.006192,0.0061945,8419
2026-07-01T16:00:00+0000,0.0061945,0.006196,0.0061925,0.0061925,5691
2026-07-01T17:00:00+0000,0.006192,0.0061935,0.006189,0.00619,5251
2026-07-01T18:00:00+0000,0.0061895,0.0061905,0.0061875,0.0061895,6724
2026-07-01T19:00:00+0000,0.00619,0.0061905,0.0061875,0.006188,2891
2026-07-01T20:00:00+0000,0.0061875,0.006189,0.006186,0.006187,2072
2026-07-01T22:00:00+0000,0.0061895,0.0061895,0.0061865,0.0061875,430
2026-07-01T23:00:00+0000,0.006188,0.006189,0.006186,0.0061875,1805
2026-07-02T00:00:00+0000,0.006188,0.00619,0.0061855,0.006187,4975
2026-07-02T01:00:00+0000,0.0061865,0.006189,0.006186,0.0061875,2409
2026-07-02T02:00:00+0000,0.006188,0.0061895,0.0061875,0.006188,993
2026-07-02T03:00:00+0000,0.006188,0.0061915,0.0061875,0.0061905,1913
2026-07-02T04:00:00+0000,0.006191,0.006194,0.006191,0.006192,2418
2026-07-02T05:00:00+0000,0.006192,0.0061965,0.0061915,0.0061955,2027
2026-07-02T06:00:00+0000,0.0061955,0.0062425,0.0061955,0.006215,36140
2026-07-02T07:00:00+0000,0.0062155,0.0062325,0.0062105,0.006231,25081
2026-07-02T08:00:00+0000,0.0062305,0.0062515,0.006229,0.0062455,31123
2026-07-02T09:00:00+0000,0.0062455,0.0062465,0.006234,0.0062395,11106
2026-07-02T10:00:00+0000,0.0062395,0.0062395,0.006228,0.006233,8327
2026-07-02T11:00:00+0000,0.006233,0.0062345,0.0062275,0.006228,4153
2026-07-02T12:00:00+0000,0.0062285,0.0062615,0.006222,0.006246,60685
2026-07-02T13:00:00+0000,0.0062455,0.0062525,0.00624,0.0062525,21816
2026-07-02T14:00:00+0000,0.0062525,0.0062535,0.006242,0.006245,19717
2026-07-02T15:00:00+0000,0.0062455,0.006256,0.0062435,0.0062505,14392
2026-07-02T16:00:00+0000,0.0062505,0.006251,0.006243,0.006247,11107
2026-07-02T17:00:00+0000,0.006247,0.006247,0.0062415,0.006244,5398
2026-07-02T18:00:00+0000,0.0062435,0.006246,0.0062425,0.0062445,6120
2026-07-02T19:00:00+0000,0.006245,0.006245,0.00624,0.006242,4345
2026-07-02T20:00:00+0000,0.006242,0.0062435,0.0062405,0.0062425,1946
2026-07-02T22:00:00+0000,0.006242,0.006245,0.006234,0.0062355,2048
2026-07-02T23:00:00+0000,0.006236,0.006237,0.006228,0.006228,3029
2026-07-03T00:00:00+0000,0.006228,0.0062385,0.006226,0.006238,7202
2026-07-03T01:00:00+0000,0.006239,0.006249,0.0062355,0.006236,7541
2026-07-03T02:00:00+0000,0.0062365,0.006241,0.006236,0.006239,2334
2026-07-03T03:00:00+0000,0.006239,0.00624,0.0062375,0.006239,767
2026-07-03T04:00:00+0000,0.006239,0.0062405,0.0062375,0.0062405,1554
2026-07-03T05:00:00+0000,0.006241,0.006247,0.006239,0.0062395,2317
2026-07-03T06:00:00+0000,0.0062395,0.006266,0.0062395,0.006251,15750
2026-07-03T07:00:00+0000,0.006251,0.006257,0.0062465,0.006254,8352
2026-07-03T08:00:00+0000,0.006254,0.0062545,0.006245,0.006245,2427
2026-07-03T09:00:00+0000,0.0062445,0.0062475,0.006241,0.0062415,2421
2026-07-03T10:00:00+0000,0.006241,0.006243,0.0062395,0.0062425,2769
2026-07-03T11:00:00+0000,0.006242,0.0062435,0.00624,0.0062415,2898
2026-07-03T12:00:00+0000,0.0062415,0.006242,0.0062395,0.0062395,1949
2026-07-03T13:00:00+0000,0.0062395,0.0062395,0.0062355,0.0062365,3903
2026-07-03T14:00:00+0000,0.006236,0.0062385,0.0062345,0.0062345,4294
2026-07-03T15:00:00+0000,0.0062345,0.0062355,0.0062305,0.0062335,4431
2026-07-03T16:00:00+0000,0.0062335,0.006234,0.006231,0.0062325,2142
2026-07-05T22:00:00+0000,0.006235,0.006235,0.0062265,0.0062295,1553
2026-07-05T23:00:00+0000,0.0062295,0.0062295,0.006226,0.006228,2396
2026-07-06T00:00:00+0000,0.0062275,0.006228,0.006222,0.0062255,6597
2026-07-06T01:00:00+0000,0.006225,0.006225,0.006214,0.006214,7142
2026-07-06T02:00:00+0000,0.006214,0.0062165,0.0062125,0.006216,4506
2026-07-06T03:00:00+0000,0.0062155,0.006216,0.006212,0.006213,2655
2026-07-06T04:00:00+0000,0.006213,0.0062145,0.0062085,0.0062095,3167
2026-07-06T05:00:00+0000,0.0062095,0.0062115,0.0062035,0.006204,5431
2026-07-06T06:00:00+0000,0.0062045,0.0062065,0.0061955,0.006197,13279
2026-07-06T07:00:00+0000,0.006197,0.006201,0.006195,0.006201,11840
2026-07-06T08:00:00+0000,0.0062005,0.006201,0.0061955,0.006198,4887
2026-07-06T09:00:00+0000,0.0061975,0.006198,0.0061935,0.0061945,3149
2026-07-06T10:00:00+0000,0.0061945,0.0061975,0.006191,0.0061955,3908
2026-07-06T11:00:00+0000,0.0061955,0.0061965,0.0061935,0.0061945,2235
2026-07-06T12:00:00+0000,0.0061945,0.0061955,0.0061905,0.0061915,6949
2026-07-06T13:00:00+0000,0.0061915,0.0061955,0.006191,0.006194,6818
2026-07-06T14:00:00+0000,0.006194,0.0061965,0.0061925,0.0061935,7803
2026-07-06T15:00:00+0000,0.006194,0.006197,0.006193,0.006196,5579
2026-07-06T16:00:00+0000,0.006196,0.006198,0.006195,0.0061975,3238
2026-07-06T17:00:00+0000,0.006197,0.006202,0.006197,0.0062005,4263
2026-07-06T18:00:00+0000,0.006201,0.006207,0.0062,0.006206,20102
2026-07-06T19:00:00+0000,0.0062055,0.0062065,0.006203,0.0062055,5637
2026-07-06T20:00:00+0000,0.006205,0.0062065,0.006203,0.0062055,2655
2026-07-06T22:00:00+0000,0.0062065,0.0062065,0.006203,0.006204,1327
2026-07-06T23:00:00+0000,0.0062045,0.0062075,0.006203,0.0062035,3209
2026-07-07T00:00:00+0000,0.0062035,0.0062035,0.0062,0.006202,5186
2026-07-07T01:00:00+0000,0.006202,0.006219,0.0062015,0.006212,13266
2026-07-07T02:00:00+0000,0.006212,0.0062145,0.0062095,0.00621,3549
2026-07-07T03:00:00+0000,0.00621,0.006215,0.00621,0.006212,2294
2026-07-07T04:00:00+0000,0.0062115,0.0062195,0.006211,0.0062145,2526
2026-07-07T05:00:00+0000,0.0062145,0.0062165,0.006211,0.0062115,3500
2026-07-07T06:00:00+0000,0.006212,0.0062125,0.006205,0.006206,5467
2026-07-07T07:00:00+0000,0.006206,0.00622,0.0062035,0.0062085,9943
2026-07-07T08:00:00+0000,0.006208,0.0062135,0.006208,0.0062105,3146
2026-07-07T09:00:00+0000,0.0062105,0.0062135,0.006208,0.006209,1631
2026-07-07T10:00:00+0000,0.006209,0.0062115,0.0062085,0.0062095,1447
2026-07-07T11:00:00+0000,0.006209,0.006213,0.0062085,0.00621,3940
2026-07-07T12:00:00+0000,0.0062105,0.0062165,0.00621,0.0062125,7123
2026-07-07T13:00:00+0000,0.006213,0.0062145,0.0062105,0.006211,5359
2026-07-07T14:00:00+0000,0.0062105,0.0062125,0.0062055,0.00621,10867
2026-07-07T15:00:00+0000,0.00621,0.006212,0.006209,0.0062105,6206
2026-07-07T16:00:00+0000,0.0062105,0.006212,0.0062085,0.00621,2879
2026-07-07T17:00:00+0000,0.0062095,0.0062115,0.006209,0.0062115,1683
2026-07-07T18:00:00+0000,0.0062115,0.0062125,0.006208,0.00621,5875
2026-07-07T19:00:00+0000,0.0062095,0.00621,0.0062015,0.0062045,5371
2026-07-07T20:00:00+0000,0.006204,0.0062055,0.0062015,0.0062025,1868
2026-07-07T22:00:00+0000,0.0062025,0.0062035,0.0061975,0.0061995,1693
2026-07-07T23:00:00+0000,0.0061995,0.0062,0.006193,0.006193,2971
2026-07-08T00:00:00+0000,0.0061925,0.006197,0.006191,0.0061935,4830
2026-07-08T01:00:00+0000,0.0061935,0.0061955,0.006189,0.006193,2332
2026-07-08T02:00:00+0000,0.0061925,0.0061935,0.00619,0.006193,1884
2026-07-08T03:00:00+0000,0.0061935,0.006196,0.006193,0.0061935,1168
2026-07-08T04:00:00+0000,0.006193,0.0061935,0.0061915,0.0061925,1096
2026-07-08T05:00:00+0000,0.0061925,0.0061985,0.0061925,0.006195,2166
2026-07-08T06:00:00+0000,0.006195,0.0062035,0.0061945,0.006199,3910
2026-07-08T07:00:00+0000,0.0061985,0.0061995,0.0061955,0.0061975,3372
2026-07-08T08:00:00+0000,0.006198,0.0061985,0.006186,0.0061875,9220
2026-07-08T09:00:00+0000,0.0061875,0.006197,0.0061855,0.0061885,8725
2026-07-08T10:00:00+0000,0.006189,0.006191,0.0061875,0.0061885,3293
2026-07-08T11:00:00+0000,0.006188,0.0061905,0.006185,0.0061855,7681
2026-07-08T12:00:00+0000,0.0061855,0.0061895,0.0061855,0.0061865,4821
2026-07-08T13:00:00+0000,0.0061865,0.006188,0.0061845,0.0061855,7589
2026-07-08T14:00:00+0000,0.0061855,0.006187,0.006183,0.006183,7931
2026-07-08T15:00:00+0000,0.006183,0.006184,0.006179,0.0061805,9336
2026-07-08T16:00:00+0000,0.006181,0.006187,0.0061805,0.0061855,5897
2026-07-08T17:00:00+0000,0.006186,0.0061905,0.006185,0.0061855,4612
2026-07-08T18:00:00+0000,0.0061865,0.0061895,0.0061845,0.006188,3994
2026-07-08T19:00:00+0000,0.0061885,0.00619,0.006185,0.0061885,3385
2026-07-08T20:00:00+0000,0.006188,0.006189,0.006182,0.006183,3159
2026-07-08T22:00:00+0000,0.006183,0.0061835,0.0061815,0.0061835,589
2026-07-08T23:00:00+0000,0.0061835,0.006185,0.0061825,0.0061845,1483
2026-07-09T00:00:00+0000,0.0061845,0.0061915,0.006184,0.006188,5272
2026-07-09T01:00:00+0000,0.006188,0.006189,0.006183,0.006188,4746
2026-07-09T02:00:00+0000,0.0061875,0.0061885,0.0061855,0.0061865,1547
2026-07-09T03:00:00+0000,0.006187,0.0061895,0.006186,0.0061875,1413
2026-07-09T04:00:00+0000,0.006187,0.006189,0.006187,0.0061885,1286
2026-07-09T05:00:00+0000,0.0061885,0.006192,0.0061885,0.0061905,3756
2026-07-09T06:00:00+0000,0.0061905,0.0061955,0.00619,0.0061935,5057
2026-07-09T07:00:00+0000,0.006193,0.006193,0.0061895,0.0061915,2048
2026-07-09T08:00:00+0000,0.006191,0.006193,0.006189,0.00619,2398
2026-07-09T09:00:00+0000,0.0061895,0.00619,0.0061875,0.0061895,1538
2026-07-09T10:00:00+0000,0.006189,0.0061895,0.006185,0.0061865,1976
2026-07-09T11:00:00+0000,0.006186,0.0061875,0.0061855,0.0061865,3733
2026-07-09T12:00:00+0000,0.006187,0.00619,0.006187,0.0061875,3529
2026-07-09T13:00:00+0000,0.0061875,0.0061935,0.0061875,0.0061915,7024
2026-07-09T14:00:00+0000,0.006192,0.0061935,0.0061885,0.006191,9446
2026-07-09T15:00:00+0000,0.0061905,0.006195,0.006189,0.006194,5582
2026-07-09T16:00:00+0000,0.006194,0.006195,0.006192,0.006193,2306
2026-07-09T17:00:00+0000,0.006193,0.0061945,0.006192,0.006194,2534
2026-07-09T18:00:00+0000,0.006194,0.006194,0.0061905,0.0061915,2990
2026-07-09T19:00:00+0000,0.0061915,0.0061925,0.0061885,0.00619,3852
2026-07-09T20:00:00+0000,0.00619,0.006191,0.006188,0.00619,2474
2026-07-09T22:00:00+0000,0.006184,0.006191,0.006184,0.006191,525
2026-07-09T23:00:00+0000,0.0061905,0.006191,0.0061895,0.00619,629
2026-07-10T00:00:00+0000,0.00619,0.006208,0.006188,0.0062025,11592
2026-07-10T01:00:00+0000,0.006202,0.0062185,0.0062005,0.0062145,15289
2026-07-10T02:00:00+0000,0.0062145,0.0062315,0.006214,0.0062255,17218
2026-07-10T03:00:00+0000,0.0062255,0.0062295,0.0062205,0.0062225,6720
2026-07-10T04:00:00+0000,0.006223,0.006223,0.0062155,0.0062185,4980
2026-07-10T05:00:00+0000,0.006218,0.006224,0.006217,0.00622,5657
2026-07-10T06:00:00+0000,0.00622,0.006227,0.0062195,0.0062205,9805
2026-07-10T07:00:00+0000,0.0062205,0.0062205,0.0062125,0.006216,6606
2026-07-10T08:00:00+0000,0.006216,0.0062215,0.006214,0.006216,6306
2026-07-10T09:00:00+0000,0.006216,0.0062175,0.0062095,0.0062105,3326
2026-07-10T10:00:00+0000,0.006211,0.006216,0.0062105,0.006213,3622
2026-07-10T11:00:00+0000,0.006213,0.006214,0.0062085,0.00621,4086
2026-07-10T12:00:00+0000,0.00621,0.006217,0.006208,0.0062125,9369
2026-07-10T13:00:00+0000,0.0062125,0.006215,0.0062095,0.006213,6891
2026-07-10T14:00:00+0000,0.006213,0.0062135,0.006209,0.006211,15581
2026-07-10T15:00:00+0000,0.0062105,0.006232,0.00621,0.0062305,14094
2026-07-10T16:00:00+0000,0.00623,0.0062315,0.0062225,0.0062235,11202
2026-07-10T17:00:00+0000,0.0062235,0.006224,0.006218,0.0062185,3941
2026-07-10T18:00:00+0000,0.0062185,0.006219,0.0062145,0.006216,5484
2026-07-10T19:00:00+0000,0.006216,0.006217,0.006214,0.0062145,2543
2026-07-10T20:00:00+0000,0.006215,0.006216,0.0062135,0.006216,1497
2026-07-12T22:00:00+0000,0.006215,0.006215,0.006201,0.0062025,4523
2026-07-12T23:00:00+0000,0.0062025,0.006208,0.006201,0.006208,3167
2026-07-13T00:00:00+0000,0.006208,0.0062085,0.0062,0.0062,6572
2026-07-13T01:00:00+0000,0.0062,0.0062055,0.0061975,0.0062045,5271
2026-07-13T02:00:00+0000,0.006205,0.0062055,0.0062,0.006201,1301
2026-07-13T03:00:00+0000,0.006201,0.0062015,0.006199,0.006201,1244
2026-07-13T04:00:00+0000,0.006201,0.006205,0.0062,0.006204,1069
2026-07-13T05:00:00+0000,0.0062045,0.006206,0.006191,0.0061935,6218
2026-07-13T06:00:00+0000,0.006194,0.006196,0.0061905,0.0061945,7892
2026-07-13T07:00:00+0000,0.006195,0.0062105,0.006193,0.0062,15971
2026-07-13T08:00:00+0000,0.0062005,0.006203,0.006199,0.006201,3780
2026-07-13T09:00:00+0000,0.006201,0.0062045,0.0062,0.0062045,2735
2026-07-13T10:00:00+0000,0.006204,0.006204,0.006199,0.006201,1287
2026-07-13T11:00:00+0000,0.0062015,0.0062025,0.0061985,0.006199,2013
2026-07-13T12:00:00+0000,0.0061995,0.0062,0.006196,0.0061995,5289
2026-07-13T13:00:00+0000,0.0062,0.0062015,0.006195,0.006195,4968
2026-07-13T14:00:00+0000,0.0061955,0.0061965,0.0061885,0.0061905,12213
2026-07-13T15:00:00+0000,0.0061905,0.0061925,0.0061895,0.0061915,3582
2026-07-13T16:00:00+0000,0.0061915,0.006192,0.006186,0.0061865,6280
2026-07-13T17:00:00+0000,0.006187,0.006188,0.006186,0.0061865,3714
2026-07-13T18:00:00+0000,0.0061865,0.006191,0.0061855,0.0061905,10793
2026-07-13T19:00:00+0000,0.0061905,0.006191,0.0061865,0.0061875,3596
2026-07-13T20:00:00+0000,0.006187,0.0061885,0.006185,0.006188,2088
2026-07-13T22:00:00+0000,0.0061875,0.0061875,0.0061865,0.006187,413
2026-07-13T23:00:00+0000,0.006187,0.006189,0.0061865,0.0061875,1234
2026-07-14T00:00:00+0000,0.006188,0.006195,0.0061855,0.0061895,8867
2026-07-14T01:00:00+0000,0.0061895,0.0061915,0.0061875,0.0061885,3697
2026-07-14T02:00:00+0000,0.006189,0.006192,0.006188,0.006191,1705
2026-07-14T03:00:00+0000,0.006191,0.006195,0.00619,0.006193,1926
2026-07-14T04:00:00+0000,0.006193,0.006194,0.0061905,0.0061915,922
2026-07-14T05:00:00+0000,0.006192,0.0061945,0.006192,0.006193,1090
2026-07-14T06:00:00+0000,0.0061925,0.0061935,0.0061895,0.0061905,3828
2026-07-14T07:00:00+0000,0.0061905,0.0061925,0.00619,0.0061905,2305
2026-07-14T08:00:00+0000,0.0061905,0.006202,0.0061885,0.0061935,6368
2026-07-14T09:00:00+0000,0.006193,0.006198,0.006193,0.0061965,1775
2026-07-14T10:00:00+0000,0.006197,0.006198,0.0061935,0.006194,2001
2026-07-14T11:00:00+0000,0.006194,0.006197,0.006193,0.006197,2861
2026-07-14T12:00:00+0000,0.0061965,0.006219,0.006195,0.0062065,33444
2026-07-14T13:00:00+0000,0.0062065,0.00621,0.006204,0.0062065,13136
2026-07-14T14:00:00+0000,0.006206,0.0062105,0.0062025,0.0062045,11367
2026-07-14T15:00:00+0000,0.006204,0.006208,0.0061965,0.006198,11991
2026-07-14T16:00:00+0000,0.006198,0.0061995,0.006195,0.006199,4423
2026-07-14T17:00:00+0000,0.006199,0.006199,0.0061945,0.0061965,3779
2026-07-14T18:00:00+0000,0.006196,0.0061975,0.0061925,0.0061955,4439
2026-07-14T19:00:00+0000,0.006196,0.0061985,0.0061955,0.0061955,3580
2026-07-14T20:00:00+0000,0.0061955,0.006196,0.006193,0.0061935,1765
2026-07-14T22:00:00+0000,0.0061945,0.006195,0.0061925,0.0061935,876
2026-07-14T23:00:00+0000,0.0061935,0.0061965,0.0061935,0.006195,995
2026-07-15T00:00:00+0000,0.0061955,0.0062,0.0061935,0.006199,4474
2026-07-15T01:00:00+0000,0.006199,0.006204,0.006198,0.006199,3570
2026-07-15T02:00:00+0000,0.006199,0.006201,0.006198,0.0061985,1311
2026-07-15T03:00:00+0000,0.006199,0.0061995,0.0061955,0.006197,1208
2026-07-15T04:00:00+0000,0.006197,0.0061975,0.006194,0.0061945,1372
2026-07-15T05:00:00+0000,0.0061945,0.006196,0.006194,0.006195,1375
2026-07-15T06:00:00+0000,0.0061945,0.0061985,0.0061945,0.0061945,3879
2026-07-15T07:00:00+0000,0.0061945,0.0061955,0.0061905,0.006192,4088
2026-07-15T08:00:00+0000,0.0061925,0.006193,0.006189,0.006191,3758
2026-07-15T09:00:00+0000,0.006191,0.0061935,0.006188,0.0061885,5299
2026-07-15T10:00:00+0000,0.0061885,0.0061905,0.006186,0.00619,3859
2026-07-15T11:00:00+0000,0.00619,0.006191,0.006187,0.0061895,2692
2026-07-15T12:00:00+0000,0.00619,0.006197,0.0061875,0.0061965,7185
2026-07-15T13:00:00+0000,0.0061965,0.0061975,0.0061915,0.006194,7138
2026-07-15T14:00:00+0000,0.006195,0.006198,0.0061935,0.006197,5765
2026-07-15T15:00:00+0000,0.006197,0.0061995,0.0061945,0.0061975,5287
2026-07-15T16:00:00+0000,0.0061975,0.0061985,0.006195,0.0061965,6351
2026-07-15T17:00:00+0000,0.006196,0.006204,0.006196,0.006203,5428
2026-07-15T18:00:00+0000,0.0062035,0.006207,0.0062,0.0062005,8289
2026-07-15T19:00:00+0000,0.0062005,0.006202,0.0061915,0.006194,8273
2026-07-15T20:00:00+0000,0.006194,0.0061955,0.006194,0.006195,1647
2026-07-15T22:00:00+0000,0.006195,0.0061975,0.0061945,0.006196,1846
2026-07-15T23:00:00+0000,0.006196,0.0061995,0.006196,0.006198,1877
2026-07-16T00:00:00+0000,0.006198,0.0061985,0.006195,0.006197,3771
2026-07-16T01:00:00+0000,0.006197,0.0061995,0.006196,0.006197,2500
2026-07-16T02:00:00+0000,0.0061965,0.006197,0.006194,0.0061945,1960
2026-07-16T03:00:00+0000,0.006195,0.006198,0.006195,0.0061975,987
2026-07-16T04:00:00+0000,0.006197,0.0061975,0.0061955,0.006197,1384
2026-07-16T05:00:00+0000,0.006197,0.0061975,0.006194,0.0061945,1284
2026-07-16T06:00:00+0000,0.0061945,0.0061965,0.006194,0.006196,2413
2026-07-16T07:00:00+0000,0.006196,0.006202,0.006196,0.0061975,5201
2026-07-16T08:00:00+0000,0.0061975,0.006198,0.0061935,0.006195,3232
2026-07-16T09:00:00+0000,0.006195,0.0061965,0.0061925,0.006194,1835
2026-07-16T10:00:00+0000,0.006194,0.0061955,0.006193,0.006195,1740
2026-07-16T11:00:00+0000,0.0061945,0.006196,0.006192,0.0061945,3776
2026-07-16T12:00:00+0000,0.0061945,0.006195,0.0061885,0.006189,10145
2026-07-16T13:00:00+0000,0.006189,0.0061925,0.006187,0.006188,7582
2026-07-16T14:00:00+0000,0.006188,0.006189,0.006183,0.0061835,11843
2026-07-16T15:00:00+0000,0.0061835,0.006185,0.006182,0.0061845,6984
2026-07-16T16:00:00+0000,0.0061845,0.006185,0.00618,0.0061825,6892
2026-07-16T17:00:00+0000,0.0061825,0.0061855,0.006181,0.0061845,2687
2026-07-16T18:00:00+0000,0.006185,0.0061865,0.006184,0.006186,3356
2026-07-16T19:00:00+0000,0.0061855,0.0061865,0.006184,0.006185,2019
2026-07-16T20:00:00+0000,0.0061855,0.0061875,0.006185,0.0061865,2134
2026-07-16T22:00:00+0000,0.0061865,0.006188,0.006186,0.006187,1070
2026-07-16T23:00:00+0000,0.006187,0.0061885,0.006185,0.006186,2396
2026-07-17T00:00:00+0000,0.006186,0.0061865,0.006183,0.006184,4468
2026-07-17T01:00:00+0000,0.006184,0.0061845,0.006182,0.006182,2351
2026-07-17T02:00:00+0000,0.006182,0.0061875,0.006182,0.006186,2192
2026-07-17T03:00:00+0000,0.006186,0.0061865,0.0061845,0.0061855,1306
2026-07-17T04:00:00+0000,0.006185,0.006186,0.006184,0.0061845,1202
2026-07-17T05:00:00+0000,0.006184,0.0061865,0.006183,0.006185,1478
2026-07-17T06:00:00+0000,0.006185,0.0061955,0.006184,0.0061905,10166
2026-07-17T07:00:00+0000,0.00619,0.0061945,0.006189,0.0061895,7858
2026-07-17T08:00:00+0000,0.0061895,0.00619,0.006184,0.0061855,5147
2026-07-17T09:00:00+0000,0.006185,0.0061865,0.0061825,0.0061865,3948
2026-07-17T10:00:00+0000,0.0061865,0.0061865,0.006184,0.006186,2026
2026-07-17T11:00:00+0000,0.0061865,0.0061885,0.006186,0.0061865,2397
2026-07-17T12:00:00+0000,0.0061865,0.006189,0.006184,0.0061845,2759
2026-07-17T13:00:00+0000,0.0061845,0.006188,0.0061835,0.0061865,6776
2026-07-17T14:00:00+0000,0.0061865,0.006188,0.0061845,0.0061845,5536
2026-07-17T15:00:00+0000,0.006185,0.006187,0.006183,0.0061835,4213
2026-07-17T16:00:00+0000,0.0061835,0.0061835,0.0061805,0.0061835,7255
2026-07-17T17:00:00+0000,0.006184,0.006185,0.006182,0.0061835,2578
2026-07-17T18:00:00+0000,0.006183,0.0061845,0.006182,0.006183,4367
2026-07-17T19:00:00+0000,0.0061835,0.0061855,0.006182,0.0061855,3172
2026-07-17T20:00:00+0000,0.0061855,0.0061865,0.0061835,0.0061855,2532
2026-07-19T22:00:00+0000,0.006186,0.006186,0.0061705,0.006181,3726
2026-07-19T23:00:00+0000,0.006181,0.006182,0.006179,0.00618,1879
2026-07-20T00:00:00+0000,0.00618,0.006188,0.0061795,0.0061875,4300
2026-07-20T01:00:00+0000,0.0061875,0.006189,0.0061845,0.0061865,4020
2026-07-20T02:00:00+0000,0.0061865,0.006188,0.006186,0.006186,1613
2026-07-20T03:00:00+0000,0.006186,0.006187,0.006186,0.0061865,1182
2026-07-20T04:00:00+0000,0.0061865,0.006188,0.0061855,0.0061875,1724
2026-07-20T05:00:00+0000,0.006187,0.0061885,0.0061865,0.0061865,1695
2026-07-20T06:00:00+0000,0.006186,0.006187,0.0061845,0.006185,2585
2026-07-20T07:00:00+0000,0.006185,0.0061885,0.006183,0.0061865,4772
2026-07-20T08:00:00+0000,0.0061865,0.006188,0.006186,0.0061865,1766
2026-07-20T09:00:00+0000,0.0061865,0.0061865,0.0061835,0.006184,1854
2026-07-20T10:00:00+0000,0.0061845,0.0061855,0.0061835,0.006185,1566
2026-07-20T11:00:00+0000,0.0061845,0.006193,0.0061835,0.006187,7662
2026-07-20T12:00:00+0000,0.006187,0.006187,0.0061835,0.006184,5600
2026-07-20T13:00:00+0000,0.0061845,0.0061855,0.0061815,0.006182,4952
2026-07-20T14:00:00+0000,0.006182,0.0061825,0.0061775,0.00618,17995
2026-07-20T15:00:00+0000,0.00618,0.0061805,0.006178,0.0061785,5308
2026-07-20T16:00:00+0000,0.006178,0.0061805,0.006177,0.00618,4485
2026-07-20T17:00:00+0000,0.0061805,0.006183,0.0061805,0.0061825,2424
2026-07-20T18:00:00+0000,0.0061825,0.006184,0.00618,0.0061815,3798
2026-07-20T19:00:00+0000,0.006181,0.0061825,0.0061805,0.0061805,4074
2026-07-20T20:00:00+0000,0.0061805,0.006182,0.00618,0.0061815,1790
2026-07-20T22:00:00+0000,0.006181,0.006182,0.00618,0.006181,1365
2026-07-20T23:00:00+0000,0.006181,0.0061815,0.0061805,0.0061815,816
2026-07-21T00:00:00+0000,0.006181,0.006183,0.0061795,0.0061795,5087
2026-07-21T01:00:00+0000,0.0061795,0.0061835,0.0061795,0.006181,3215
2026-07-21T02:00:00+0000,0.0061805,0.0061815,0.0061795,0.006181,2498
2026-07-21T03:00:00+0000,0.006181,0.0061825,0.00618,0.0061815,1998
2026-07-21T04:00:00+0000,0.0061815,0.006182,0.0061805,0.006181,880
2026-07-21T05:00:00+0000,0.006181,0.006182,0.0061795,0.0061805,2570
2026-07-21T06:00:00+0000,0.00618,0.0061815,0.0061785,0.00618,2969
2026-07-21T07:00:00+0000,0.0061795,0.00618,0.0061765,0.006177,5697
2026-07-21T08:00:00+0000,0.006177,0.0061775,0.006173,0.0061735,6124
2026-07-21T09:00:00+0000,0.0061735,0.006177,0.006173,0.006174,4564
2026-07-21T10:00:00+0000,0.006174,0.0061755,0.006173,0.0061745,7007
2026-07-21T11:00:00+0000,0.0061745,0.006175,0.006171,0.006172,4657
2026-07-21T12:00:00+0000,0.006172,0.0061735,0.0061685,0.006172,7986
2026-07-21T13:00:00+0000,0.006172,0.0061725,0.0061655,0.0061665,11920
2026-07-21T14:00:00+0000,0.006167,0.0061675,0.00616,0.0061615,23833
2026-07-21T15:00:00+0000,0.006161,0.0061655,0.0061605,0.006161,8123
2026-07-21T16:00:00+0000,0.006161,0.0061635,0.0061605,0.0061615,4117
2026-07-21T17:00:00+0000,0.006162,0.006163,0.0061605,0.0061605,2368
2026-07-21T18:00:00+0000,0.006161,0.006161,0.006153,0.006155,16005
2026-07-21T19:00:00+0000,0.0061545,0.006156,0.0061535,0.0061545,5993
2026-07-21T20:00:00+0000,0.0061545,0.006156,0.0061525,0.006156,3928
2026-07-21T22:00:00+0000,0.0061555,0.0061555,0.006153,0.0061535,1356
2026-07-21T23:00:00+0000,0.0061535,0.0061545,0.0061525,0.0061545,1709
2026-07-22T00:00:00+0000,0.0061545,0.0061605,0.006154,0.0061565,9880
2026-07-22T01:00:00+0000,0.0061565,0.0061575,0.006154,0.0061555,3099
2026-07-22T02:00:00+0000,0.0061555,0.0061585,0.0061545,0.006157,2285
2026-07-22T03:00:00+0000,0.006157,0.006157,0.006155,0.0061555,1567
2026-07-22T04:00:00+0000,0.0061555,0.0061555,0.006154,0.006155,1556
2026-07-22T05:00:00+0000,0.006155,0.0061585,0.0061545,0.006158,1986
2026-07-22T06:00:00+0000,0.006158,0.0061595,0.0061565,0.0061585,4671
2026-07-22T07:00:00+0000,0.006158,0.006175,0.0061565,0.006164,26363
2026-07-22T08:00:00+0000,0.006164,0.0061655,0.006157,0.0061635,7693
2026-07-22T09:00:00+0000,0.006163,0.006164,0.00616,0.0061605,3953
2026-07-22T10:00:00+0000,0.0061605,0.0061615,0.0061585,0.006161,3219
2026-07-22T11:00:00+0000,0.0061605,0.006162,0.006159,0.006159,2376
2026-07-22T12:00:00+0000,0.006159,0.0061605,0.006156,0.0061575,4872
2026-07-22T13:00:00+0000,0.0061575,0.0061615,0.0061575,0.0061595,5748
2026-07-22T14:00:00+0000,0.0061595,0.00616,0.006157,0.006157,6352
2026-07-22T15:00:00+0000,0.006157,0.0061595,0.0061565,0.0061585,4798
2026-07-22T16:00:00+0000,0.006159,0.0061595,0.0061565,0.0061575,5039
2026-07-22T17:00:00+0000,0.0061575,0.006158,0.006155,0.0061555,2046
2026-07-22T18:00:00+0000,0.0061555,0.006158,0.006155,0.0061565,4321
2026-07-22T19:00:00+0000,0.006157,0.0061575,0.0061555,0.006156,1892
2026-07-22T20:00:00+0000,0.0061565,0.006157,0.0061555,0.006157,2138
2026-07-22T22:00:00+0000,0.0061565,0.006158,0.0061545,0.006156,1904
2026-07-22T23:00:00+0000,0.0061565,0.006157,0.0061555,0.006157,685
2026-07-23T00:00:00+0000,0.006157,0.0061585,0.0061555,0.006158,3379
2026-07-23T01:00:00+0000,0.0061585,0.0061605,0.0061575,0.006158,3261
2026-07-23T02:00:00+0000,0.006158,0.0061585,0.006157,0.006158,1948
2026-07-23T03:00:00+0000,0.006158,0.006159,0.006157,0.006159,1291
2026-07-23T04:00:00+0000,0.0061585,0.0061595,0.006157,0.0061575,1894
2026-07-23T05:00:00+0000,0.0061575,0.006158,0.006156,0.006156,1977
2026-07-23T06:00:00+0000,0.006156,0.006158,0.006156,0.0061565,3905
2026-07-23T07:00:00+0000,0.006156,0.006156,0.0061445,0.0061485,14604
2026-07-23T08:00:00+0000,0.0061485,0.0061495,0.0061435,0.0061475,8263
2026-07-23T09:00:00+0000,0.0061475,0.0061495,0.006145,0.006146,5591
2026-07-23T10:00:00+0000,0.006146,0.0061475,0.006146,0.006146,1982
2026-07-23T11:00:00+0000,0.006146,0.006149,0.006136,0.006142,12841
2026-07-23T12:00:00+0000,0.006142,0.0061435,0.006132,0.006135,10056
2026-07-23T13:00:00+0000,0.006135,0.006135,0.006124,0.006124,20068
2026-07-23T14:00:00+0000,0.0061245,0.0061275,0.006123,0.0061255,15365
2026-07-23T15:00:00+0000,0.0061255,0.0061315,0.0061245,0.00613,16062
2026-07-23T16:00:00+0000,0.0061305,0.0061335,0.006129,0.0061315,3572
2026-07-23T17:00:00+0000,0.0061315,0.006134,0.0061285,0.006129,4138
2026-07-23T18:00:00+0000,0.006129,0.0061315,0.0061285,0.0061305,4311
2026-07-23T19:00:00+0000,0.0061305,0.0061315,0.0061285,0.0061295,3135
2026-07-23T20:00:00+0000,0.0061295,0.0061305,0.0061275,0.00613,2192
2026-07-23T22:00:00+0000,0.006129,0.0061295,0.006128,0.006128,719
2026-07-23T23:00:00+0000,0.006128,0.0061295,0.006127,0.006128,1726
2026-07-24T00:00:00+0000,0.006128,0.00613,0.0061245,0.0061295,8300
2026-07-24T01:00:00+0000,0.0061295,0.006133,0.0061275,0.0061305,5333
2026-07-24T02:00:00+0000,0.006131,0.0061325,0.00613,0.006131,2002
2026-07-24T03:00:00+0000,0.006131,0.006131,0.0061275,0.00613,1518
2026-07-24T04:00:00+0000,0.0061295,0.0061305,0.006128,0.0061285,875
2026-07-24T05:00:00+0000,0.0061285,0.00613,0.006128,0.0061285,1650
2026-07-24T06:00:00+0000,0.006128,0.0061315,0.006128,0.006131,3846
2026-07-24T07:00:00+0000,0.006131,0.0061355,0.0061295,0.006131,7013
2026-07-24T08:00:00+0000,0.006131,0.006133,0.0061295,0.0061325,4059
2026-07-24T09:00:00+0000,0.006132,0.006134,0.006131,0.006134,2020
2026-07-24T10:00:00+0000,0.006134,0.0061345,0.0061295,0.0061305,1499
2026-07-24T11:00:00+0000,0.00613,0.0061315,0.006128,0.0061295,2522
2026-07-24T12:00:00+0000,0.0061295,0.00613,0.006127,0.0061275,4676
2026-07-24T13:00:00+0000,0.0061275,0.006131,0.0061265,0.0061305,9668
2026-07-24T14:00:00+0000,0.006131,0.006134,0.0061285,0.0061315,10615
2026-07-24T15:00:00+0000,0.0061315,0.0061355,0.0061305,0.0061335,8246
2026-07-24T16:00:00+0000,0.006133,0.0061335,0.0061305,0.0061305,2950
2026-07-24T17:00:00+0000,0.006131,0.006131,0.006128,0.0061295,3419
2026-07-24T18:00:00+0000,0.006129,0.00613,0.0061275,0.0061285,4951
2026-07-24T19:00:00+0000,0.006128,0.0061295,0.0061275,0.0061275,3754
2026-07-24T20:00:00+0000,0.0061275,0.006129,0.006127,0.0061285,1880
2026-07-26T22:00:00+0000,0.006132,0.0061405,0.006132,0.006133,3803
2026-07-26T23:00:00+0000,0.006133,0.0061365,0.006133,0.0061365,2028
2026-07-27T00:00:00+0000,0.006136,0.00614,0.006135,0.0061355,7117
2026-07-27T01:00:00+0000,0.0061355,0.0061415,0.0061355,0.0061415,4027
2026-07-27T02:00:00+0000,0.0061415,0.006142,0.0061375,0.006138,1738
2026-07-27T03:00:00+0000,0.006138,0.0061385,0.006136,0.006138,977
2026-07-27T04:00:00+0000,0.0061375,0.0061385,0.0061365,0.0061375,1097
2026-07-27T05:00:00+0000,0.006138,0.0061385,0.0061365,0.006137,1269
2026-07-27T06:00:00+0000,0.0061375,0.00614,0.006137,0.00614,4290
2026-07-27T07:00:00+0000,0.00614,0.006147,0.006139,0.00614,6321
2026-07-27T08:00:00+0000,0.00614,0.006141,0.0061385,0.00614,2838
2026-07-27T09:00:00+0000,0.0061395,0.006141,0.0061365,0.0061395,2463
2026-07-27T10:00:00+0000,0.006139,0.006139,0.0061365,0.006137,1903
2026-07-27T11:00:00+0000,0.006137,0.006137,0.006135,0.006135,2430
2026-07-27T12:00:00+0000,0.006135,0.0061355,0.006133,0.0061335,4379
2026-07-27T13:00:00+0000,0.0061335,0.006135,0.0061305,0.0061315,5241
2026-07-27T14:00:00+0000,0.006131,0.006133,0.0061305,0.0061325,6728
2026-07-27T15:00:00+0000,0.0061325,0.0061345,0.006132,0.006133,5031
2026-07-27T16:00:00+0000,0.0061325,0.0061375,0.0061325,0.006135,3844
2026-07-27T17:00:00+0000,0.006135,0.006135,0.0061315,0.0061325,2356
2026-07-27T18:00:00+0000,0.006132,0.0061335,0.006128,0.00613,21348
2026-07-27T19:00:00+0000,0.00613,0.0061335,0.00613,0.0061315,4779
2026-07-27T20:00:00+0000,0.0061315,0.006132,0.00613,0.0061305,1255
2026-07-27T22:00:00+0000,0.006131,0.0061315,0.00613,0.006131,810
2026-07-27T23:00:00+0000,0.006131,0.006132,0.0061295,0.00613,1671
2026-07-28T00:00:00+0000,0.00613,0.006131,0.0061275,0.006131,5634
2026-07-28T01:00:00+0000,0.006131,0.006132,0.006129,0.0061295,2767
2026-07-28T02:00:00+0000,0.00613,0.006134,0.0061295,0.0061325,2403
2026-07-28T03:00:00+0000,0.0061325,0.006133,0.00613,0.00613,2093
2026-07-28T04:00:00+0000,0.00613,0.006131,0.0061295,0.0061305,1965
2026-07-28T05:00:00+0000,0.0061305,0.006132,0.00613,0.0061315,2673
2026-07-28T06:00:00+0000,0.0061315,0.006134,0.006131,0.0061325,4055
2026-07-28T07:00:00+0000,0.0061325,0.0061325,0.006129,0.0061295,3711
2026-07-28T08:00:00+0000,0.006129,0.0061305,0.006127,0.006128,3302
2026-07-28T09:00:00+0000,0.0061275,0.0061285,0.006125,0.006126,2091
2026-07-28T10:00:00+0000,0.0061255,0.0061265,0.006123,0.0061235,4438
2026-07-28T11:00:00+0000,0.006124,0.006125,0.0061235,0.006124,2568
2026-07-28T12:00:00+0000,0.006124,0.006127,0.006124,0.0061255,5458
2026-07-28T13:00:00+0000,0.006126,0.0061285,0.006126,0.0061275,5979
2026-07-28T14:00:00+0000,0.006128,0.006128,0.006126,0.0061265,7485
2026-07-28T15:00:00+0000,0.0061265,0.006135,0.0061265,0.0061345,11133
2026-07-28T16:00:00+0000,0.0061345,0.006135,0.0061305,0.006131,4447
2026-07-28T17:00:00+0000,0.0061305,0.006132,0.0061285,0.0061285,2994
2026-07-28T18:00:00+0000,0.006129,0.00613,0.0061265,0.006127,3620
2026-07-28T19:00:00+0000,0.0061265,0.006128,0.006126,0.0061265,3794
2026-07-28T20:00:00+0000,0.0061265,0.0061275,0.0061255,0.006126,2478
2026-07-28T22:00:00+0000,0.006128,0.006128,0.006123,0.006126,2355
2026-07-28T23:00:00+0000,0.006126,0.0061265,0.0061255,0.006126,1283
2026-07-29T00:00:00+0000,0.006126,0.006133,0.006125,0.006132,5085
2026-07-29T01:00:00+0000,0.006132,0.006133,0.006129,0.0061315,4779
2026-07-29T02:00:00+0000,0.0061315,0.006134,0.00613,0.0061315,3083
2026-07-29T03:00:00+0000,0.0061315,0.0061375,0.006131,0.006135,3728
2026-07-29T04:00:00+0000,0.006135,0.006148,0.006135,0.0061425,10414
2026-07-29T05:00:00+0000,0.0061425,0.0061455,0.0061395,0.00614,4196
2026-07-29T06:00:00+0000,0.0061395,0.0061415,0.0061365,0.006138,5713
2026-07-29T07:00:00+0000,0.006138,0.00614,0.006132,0.006133,4318
2026-07-29T08:00:00+0000,0.0061325,0.0061375,0.006132,0.006136,2241
2026-07-29T09:00:00+0000,0.006136,0.0061395,0.006135,0.0061355,2595
2026-07-29T10:00:00+0000,0.006135,0.006136,0.006132,0.0061335,2494
2026-07-29T11:00:00+0000,0.006134,0.0061345,0.0061325,0.0061345,2520
2026-07-29T12:00:00+0000,0.0061345,0.0061345,0.0061275,0.006128,6399
2026-07-29T13:00:00+0000,0.006128,0.0061315,0.006128,0.0061305,4789
2026-07-29T14:00:00+0000,0.0061305,0.006131,0.006125,0.006125,7948
2026-07-29T15:00:00+0000,0.006125,0.0061275,0.006125,0.0061265,4475
2026-07-29T16:00:00+0000,0.006126,0.0061265,0.0061245,0.0061245,3982
2026-07-29T17:00:00+0000,0.0061245,0.0061295,0.0061245,0.006128,4558
2026-07-29T18:00:00+0000,0.006128,0.006146,0.006124,0.006146,29637
2026-07-29T19:00:00+0000,0.0061455,0.0061495,0.006138,0.0061385,12505
2026-07-29T20:00:00+0000,0.006138,0.006145,0.0061365,0.006145,3147
2026-07-29T22:00:00+0000,0.006143,0.006143,0.0061385,0.0061415,2108
2026-07-29T23:00:00+0000,0.006142,0.006146,0.0061415,0.0061445,3897
2026-07-30T00:00:00+0000,0.0061445,0.0061485,0.006137,0.006138,8366
2026-07-30T01:00:00+0000,0.006138,0.0061405,0.006136,0.006137,4015
2026-07-30T02:00:00+0000,0.0061375,0.0061395,0.006137,0.006138,1566
2026-07-30T03:00:00+0000,0.0061375,0.0061375,0.0061355,0.006137,2244
2026-07-30T04:00:00+0000,0.006137,0.006139,0.0061365,0.006138,2033
2026-07-30T05:00:00+0000,0.0061375,0.006139,0.006136,0.006136,2161
2026-07-30T06:00:00+0000,0.006136,0.006136,0.0061315,0.006132,4600
2026-07-30T07:00:00+0000,0.006132,0.006135,0.006128,0.0061285,5894
2026-07-30T08:00:00+0000,0.0061285,0.0061335,0.0061285,0.0061315,3671
2026-07-30T09:00:00+0000,0.0061315,0.0061455,0.0061315,0.0061445,9865
2026-07-30T10:00:00+0000,0.0061445,0.0061835,0.0061445,0.006163,35458
2026-07-30T11:00:00+0000,0.006163,0.006167,0.006154,0.0061605,11729
2026-07-30T12:00:00+0000,0.0061605,0.006168,0.006158,0.006158,15156
2026-07-30T13:00:00+0000,0.006158,0.006284,0.006158,0.006282,155158
2026-07-30T14:00:00+0000,0.006282,0.006354,0.006273,0.0063,190291
2026-07-30T15:00:00+0000,0.0063,0.0063155,0.006286,0.0062925,44078
2026-07-30T16:00:00+0000,0.0062925,0.0062965,0.006284,0.0062885,23434
2026-07-30T17:00:00+0000,0.0062885,0.0063305,0.006277,0.006311,45011
2026-07-30T18:00:00+0000,0.006311,0.006317,0.0063065,0.0063155,26368
2026-07-30T19:00:00+0000,0.006315,0.006315,0.006294,0.0062975,10655
2026-07-30T20:00:00+0000,0.0062975,0.0062975,0.006287,0.0062915,4665
2026-07-30T22:00:00+0000,0.0062875,0.006296,0.00628,0.006285,10781
2026-07-30T23:00:00+0000,0.006285,0.0062875,0.006263,0.0062635,14296
2026-07-31T00:00:00+0000,0.006264,0.006265,0.0062435,0.0062495,24813
2026-07-31T01:00:00+0000,0.00625,0.0062575,0.0062415,0.006242,18918
2026-07-31T02:00:00+0000,0.006242,0.0062535,0.006242,0.0062505,12041
2026-07-31T03:00:00+0000,0.0062505,0.006252,0.0062365,0.006247,14682
2026-07-31T04:00:00+0000,0.0062465,0.0062485,0.006239,0.0062445,6775
2026-07-31T05:00:00+0000,0.006244,0.0062495,0.006242,0.0062475,8310
2026-07-31T06:00:00+0000,0.006248,0.0062735,0.006247,0.0062595,19900
2026-07-31T07:00:00+0000,0.0062595,0.0062625,0.0062455,0.0062625,16775
2026-07-31T08:00:00+0000,0.0062625,0.006329,0.006251,0.006313,34054
2026-07-31T09:00:00+0000,0.006313,0.006328,0.006267,0.0062705,53657
2026-07-31T10:00:00+0000,0.006271,0.006276,0.006265,0.006271,7208
2026-07-31T11:00:00+0000,0.006271,0.0062715,0.006261,0.0062625,6644
2026-07-31T12:00:00+0000,0.0062625,0.0062645,0.006253,0.0062565,12155
2026-07-31T13:00:00+0000,0.0062565,0.006305,0.0062485,0.0062905,76855
2026-07-31T14:00:00+0000,0.0062905,0.006314,0.0062885,0.0063005,35171
2026-07-31T15:00:00+0000,0.0063005,0.006316,0.0062935,0.0063035,31282
2026-07-31T16:00:00+0000,0.0063035,0.0063055,0.006296,0.006296,13442
2026-07-31T17:00:00+0000,0.006296,0.0063445,0.00629,0.0063295,81154
2026-07-31T18:00:00+0000,0.0063305,0.0063375,0.006305,0.006315,35796
2026-07-31T19:00:00+0000,0.0063145,0.006316,0.006301,0.0063035,14618
2026-07-31T20:00:00+0000,0.006303,0.006383,0.0063025,0.0063725,43233
2026-08-02T22:00:00+0000,0.006377,0.0063915,0.00636,0.006377,16387
2026-08-02T23:00:00+0000,0.006377,0.0063875,0.0063545,0.006366,16960
2026-08-03T00:00:00+0000,0.0063665,0.006463,0.0063545,0.006426,75163
2026-08-03T01:00:00+0000,0.006426,0.006454,0.0064115,0.006416,23573
2026-08-03T02:00:00+0000,0.006416,0.006422,0.0064035,0.006411,9903
2026-08-03T03:00:00+0000,0.006411,0.0064185,0.0064045,0.00641,11999
2026-08-03T04:00:00+0000,0.0064095,0.006416,0.0064085,0.006412,6636
2026-08-03T05:00:00+0000,0.006412,0.0064155,0.00641,0.0064145,9110
2026-08-03T06:00:00+0000,0.006415,0.0064175,0.006396,0.0063995,19526
2026-08-03T07:00:00+0000,0.0063995,0.006412,0.006398,0.0063995,18399
2026-08-03T08:00:00+0000,0.0063995,0.0064085,0.006391,0.006391,11604
2026-08-03T09:00:00+0000,0.0063905,0.0063955,0.0063845,0.0063865,8091
2026-08-03T10:00:00+0000,0.0063865,0.0064035,0.0063865,0.006397,5577
2026-08-03T11:00:00+0000,0.006397,0.0064085,0.0063905,0.006404,8347
2026-08-03T12:00:00+0000,0.006404,0.0064075,0.006394,0.0063975,9549
2026-08-03T13:00:00+0000,0.006397,0.006419,0.0063955,0.006412,23116
2026-08-03T14:00:00+0000,0.006411,0.0064215,0.0064005,0.006408,19845
2026-08-03T15:00:00+0000,0.0064085,0.0064085,0.006389,0.0063915,15605
2026-08-03T16:00:00+0000,0.0063915,0.006407,0.006391,0.0063945,10814
2026-08-03T17:00:00+0000,0.006395,0.006395,0.006389,0.0063895,5426
2026-08-03T18:00:00+0000,0.0063895,0.006404,0.0063865,0.0063995,40757
2026-08-03T19:00:00+0000,0.0063995,0.0064005,0.0063915,0.0063925,7595
2026-08-03T20:00:00+0000,0.006392,0.0063965,0.006381,0.0063845,7504
2026-08-03T22:00:00+0000,0.0063835,0.0063835,0.006372,0.0063755,5178
2026-08-03T23:00:00+0000,0.0063755,0.006379,0.0063615,0.006368,9135
2026-08-04T00:00:00+0000,0.0063675,0.006381,0.0063675,0.0063695,16608
2026-08-04T01:00:00+0000,0.0063695,0.0063735,0.006365,0.006365,5859
2026-08-04T02:00:00+0000,0.006365,0.0063655,0.0063595,0.0063605,5194
2026-08-04T03:00:00+0000,0.006361,0.006373,0.006361,0.006363,5884
2026-08-04T04:00:00+0000,0.006363,0.00637,0.0063625,0.0063675,1968
2026-08-04T05:00:00+0000,0.0063675,0.0063695,0.00636,0.006361,2462
2026-08-04T06:00:00+0000,0.0063615,0.0063675,0.0063585,0.006362,5357
2026-08-04T07:00:00+0000,0.0063625,0.006365,0.0063555,0.006357,5610
2026-08-04T08:00:00+0000,0.006357,0.0063605,0.0063565,0.0063575,3799
2026-08-04T09:00:00+0000,0.0063575,0.0063575,0.006351,0.006353,6641
2026-08-04T10:00:00+0000,0.0063535,0.006359,0.006351,0.006357,6531
2026-08-04T11:00:00+0000,0.0063565,0.0063755,0.006355,0.0063705,21170
2026-08-04T12:00:00+0000,0.006371,0.0063775,0.0063655,0.0063685,11433
2026-08-04T13:00:00+0000,0.0063685,0.006381,0.0063665,0.0063725,11797
2026-08-04T14:00:00+0000,0.0063725,0.0063775,0.0063635,0.006367,9209
2026-08-04T15:00:00+0000,0.006367,0.006375,0.0063645,0.006372,6433
2026-08-04T16:00:00+0000,0.006372,0.006372,0.006364,0.006366,3636
2026-08-04T17:00:00+0000,0.0063665,0.006368,0.0063635,0.006365,2288
2026-08-04T18:00:00+0000,0.006365,0.0063655,0.006361,0.006364,7182
2026-08-04T19:00:00+0000,0.0063635,0.006364,0.0063555,0.006359,6068
2026-08-04T20:00:00+0000,0.006359,0.006362,0.006358,0.00636,1814
2026-08-04T22:00:00+0000,0.00636,0.0063615,0.006358,0.0063605,1800
2026-08-04T23:00:00+0000,0.0063605,0.0063625,0.0063565,0.006361,1955
2026-08-05T00:00:00+0000,0.0063605,0.006371,0.0063585,0.006367,5424
2026-08-05T01:00:00+0000,0.0063665,0.0063685,0.006362,0.0063635,4208
2026-08-05T02:00:00+0000,0.0063635,0.006377,0.006361,0.006371,5476
2026-08-05T03:00:00+0000,0.006371,0.0063755,0.006368,0.006372,2229
2026-08-05T04:00:00+0000,0.006372,0.0063745,0.0063615,0.0063625,2202
2026-08-05T05:00:00+0000,0.0063625,0.006365,0.0063605,0.006363,1805
2026-08-05T06:00:00+0000,0.0063635,0.006366,0.006358,0.0063645,3296
2026-08-05T07:00:00+0000,0.0063645,0.006368,0.0063595,0.0063605,4195
2026-08-05T08:00:00+0000,0.00636,0.0063605,0.006354,0.006356,3357
2026-08-05T09:00:00+0000,0.006356,0.0063615,0.0063545,0.0063585,2892
2026-08-05T10:00:00+0000,0.0063585,0.006361,0.0063565,0.006361,1392
2026-08-05T11:00:00+0000,0.006361,0.0063695,0.006361,0.0063665,4462
2026-08-05T12:00:00+0000,0.0063665,0.0063725,0.006364,0.006364,6362
2026-08-05T13:00:00+0000,0.006364,0.0063725,0.006363,0.006367,6588
2026-08-05T14:00:00+0000,0.006367,0.006377,0.006365,0.006369,10041
2026-08-05T15:00:00+0000,0.006369,0.0063725,0.006362,0.0063625,6160
2026-08-05T16:00:00+0000,0.0063625,0.006365,0.0063585,0.006359,4649
2026-08-05T17:00:00+0000,0.006359,0.0063625,0.0063565,0.0063615,3961
2026-08-05T18:00:00+0000,0.006361,0.006364,0.0063605,0.0063625,4659
2026-08-05T19:00:00+0000,0.006362,0.006363,0.006359,0.0063605,4639
2026-08-05T20:00:00+0000,0.0063605,0.0063615,0.0063565,0.0063615,2582
2026-08-05T22:00:00+0000,0.0063605,0.006361,0.006359,0.006361,685
2026-08-05T23:00:00+0000,0.006361,0.0063655,0.0063605,0.006363,1994
2026-08-06T00:00:00+0000,0.006363,0.0063635,0.006357,0.0063585,3646
2026-08-06T01:00:00+0000,0.0063585,0.0063635,0.006357,0.006361,2940
2026-08-06T02:00:00+0000,0.006361,0.006364,0.00636,0.006361,1337
2026-08-06T03:00:00+0000,0.0063605,0.0063605,0.006357,0.006358,1671
2026-08-06T04:00:00+0000,0.0063575,0.006359,0.0063575,0.006358,817
2026-08-06T05:00:00+0000,0.006358,0.006359,0.0063565,0.0063575,1070
2026-08-06T06:00:00+0000,0.006358,0.0063585,0.0063535,0.0063545,3711
2026-08-06T07:00:00+0000,0.0063545,0.0063575,0.006352,0.006353,3097
2026-08-06T08:00:00+0000,0.006353,0.0063555,0.006352,0.006354,1515
2026-08-06T09:00:00+0000,0.0063535,0.006355,0.006352,0.006353,1950
2026-08-06T10:00:00+0000,0.0063525,0.006354,0.006352,0.006352,1661
2026-08-06T11:00:00+0000,0.0063525,0.0063535,0.0063495,0.006353,2962
2026-08-06T12:00:00+0000,0.0063535,0.006355,0.0063505,0.0063515,3487
2026-08-06T13:00:00+0000,0.0063515,0.006355,0.0063495,0.006353,8112
2026-08-06T14:00:00+0000,0.006353,0.006353,0.006336,0.006339,16475
2026-08-06T15:00:00+0000,0.006339,0.0063395,0.0063285,0.0063295,12265
2026-08-06T16:00:00+0000,0.0063295,0.0063385,0.006325,0.0063265,9142
2026-08-06T17:00:00+0000,0.006327,0.0063315,0.0063265,0.0063315,2631
2026-08-06T18:00:00+0000,0.0063315,0.0063345,0.0063305,0.0063345,5162
2026-08-06T19:00:00+0000,0.0063345,0.0063355,0.0063285,0.0063315,5725
2026-08-06T20:00:00+0000,0.0063315,0.0063315,0.0063275,0.006331,1432
2026-08-06T22:00:00+0000,0.00633,0.00633,0.0063255,0.006328,1395
2026-08-06T23:00:00+0000,0.006328,0.0063315,0.0063275,0.00633,2865
2026-08-07T00:00:00+0000,0.00633,0.00633,0.0063235,0.0063255,4723
2026-08-07T01:00:00+0000,0.006325,0.006338,0.006325,0.0063335,5166
2026-08-07T02:00:00+0000,0.0063335,0.006334,0.006331,0.0063315,1772
2026-08-07T03:00:00+0000,0.0063315,0.006332,0.0063285,0.0063305,2856
2026-08-07T04:00:00+0000,0.00633,0.0063315,0.006329,0.006331,3331
2026-08-07T05:00:00+0000,0.0063315,0.006333,0.0063305,0.006333,3571
2026-08-07T06:00:00+0000,0.006333,0.0063345,0.006331,0.006332,4167
2026-08-07T07:00:00+0000,0.0063315,0.0063335,0.006328,0.00633,2793
2026-08-07T08:00:00+0000,0.00633,0.0063325,0.006327,0.0063315,3111
2026-08-07T09:00:00+0000,0.006331,0.0063335,0.0063305,0.0063325,3735
2026-08-07T10:00:00+0000,0.0063325,0.0063365,0.0063295,0.0063345,5366
2026-08-07T11:00:00+0000,0.0063345,0.006336,0.0063315,0.0063335,3722
2026-08-07T12:00:00+0000,0.0063335,0.0064005,0.0063305,0.006371,50927
2026-08-07T13:00:00+0000,0.0063715,0.006377,0.0063555,0.006357,13330
2026-08-07T14:00:00+0000,0.006357,0.00636,0.0063485,0.0063495,11422
2026-08-07T15:00:00+0000,0.006349,0.006369,0.0063465,0.006365,12938
2026-08-07T16:00:00+0000,0.0063645,0.006374,0.006364,0.006369,6891
2026-08-07T17:00:00+0000,0.0063685,0.006372,0.006367,0.006367,3345
2026-08-07T18:00:00+0000,0.0063675,0.006368,0.0063615,0.0063655,6123
2026-08-07T19:00:00+0000,0.006365,0.0063685,0.006362,0.006364,6328
2026-08-07T20:00:00+0000,0.0063645,0.006365,0.006352,0.0063555,3146
2026-08-09T22:00:00+0000,0.0063555,0.006358,0.006348,0.0063485,2183
2026-08-09T23:00:00+0000,0.006349,0.0063525,0.0063485,0.0063495,3011
2026-08-10T00:00:00+0000,0.0063495,0.0063525,0.0063465,0.006348,6039
2026-08-10T01:00:00+0000,0.0063475,0.0063485,0.0063325,0.0063345,9019
2026-08-10T02:00:00+0000,0.006335,0.006337,0.0063335,0.0063365,2187
2026-08-10T03:00:00+0000,0.0063365,0.0063395,0.0063365,0.0063375,1649
2026-08-10T04:00:00+0000,0.0063375,0.006338,0.006332,0.0063325,1912
2026-08-10T05:00:00+0000,0.006332,0.006334,0.0063305,0.0063325,2185
2026-08-10T06:00:00+0000,0.0063325,0.0063325,0.006327,0.0063305,6428
2026-08-10T07:00:00+0000,0.0063305,0.0063305,0.006325,0.0063265,7008
2026-08-10T08:00:00+0000,0.006326,0.006328,0.0063185,0.0063195,9195
2026-08-10T09:00:00+0000,0.006319,0.00632,0.0063115,0.0063115,7960
2026-08-10T10:00:00+0000,0.0063115,0.0063165,0.00631,0.0063145,10412
2026-08-10T11:00:00+0000,0.0063145,0.006316,0.0063105,0.006313,6033
2026-08-10T12:00:00+0000,0.0063135,0.0063295,0.0063075,0.0063085,18549
2026-08-10T13:00:00+0000,0.0063085,0.006312,0.0063035,0.006305,9515
2026-08-10T14:00:00+0000,0.0063055,0.0063115,0.0063055,0.006309,7830
2026-08-10T15:00:00+0000,0.0063085,0.0063115,0.006306,0.00631,4960
2026-08-10T16:00:00+0000,0.0063105,0.0063105,0.0063045,0.0063045,3793
2026-08-10T17:00:00+0000,0.006305,0.006305,0.0062995,0.0063005,4149
2026-08-10T18:00:00+0000,0.006301,0.0063025,0.006292,0.006297,12339
2026-08-10T19:00:00+0000,0.0062965,0.0062975,0.006292,0.0062935,5261
2026-08-10T20:00:00+0000,0.0062945,0.006295,0.0062925,0.006293,1826
2026-08-10T22:00:00+0000,0.006296,0.006297,0.0062935,0.0062965,2299
2026-08-10T23:00:00+0000,0.0062965,0.006301,0.0062945,0.0063,2492
2026-08-11T00:00:00+0000,0.0063,0.0063095,0.0062985,0.0063,6485
2026-08-11T01:00:00+0000,0.0063,0.0063035,0.006299,0.0062995,2634
2026-08-11T02:00:00+0000,0.006299,0.0062995,0.006294,0.0062955,4177
2026-08-11T03:00:00+0000,0.006296,0.0063,0.0062955,0.006298,4244
2026-08-11T04:00:00+0000,0.006298,0.0063,0.006296,0.0062985,1634
2026-08-11T05:00:00+0000,0.0062985,0.0063,0.006297,0.006298,3441
2026-08-11T06:00:00+0000,0.0062975,0.006299,0.0062965,0.006298,5120
2026-08-11T07:00:00+0000,0.006298,0.006298,0.0062915,0.0062915,3965
2026-08-11T08:00:00+0000,0.006292,0.0062945,0.006291,0.0062915,4394
2026-08-11T09:00:00+0000,0.0062915,0.006295,0.0062905,0.006295,2342
2026-08-11T10:00:00+0000,0.0062945,0.006298,0.006293,0.006297,3149
2026-08-11T11:00:00+0000,0.006297,0.006304,0.006296,0.006296,7146
2026-08-11T12:00:00+0000,0.006296,0.0062985,0.006292,0.0062955,8221
2026-08-11T13:00:00+0000,0.0062955,0.006299,0.0062955,0.0062965,7277
2026-08-11T14:00:00+0000,0.0062965,0.006298,0.0062945,0.0062965,5529
2026-08-11T15:00:00+0000,0.006297,0.0062985,0.006293,0.006296,6233
2026-08-11T16:00:00+0000,0.006296,0.0062975,0.006295,0.0062955,7047
2026-08-11T17:00:00+0000,0.006295,0.0062955,0.006292,0.0062935,2834
2026-08-11T18:00:00+0000,0.0062935,0.006296,0.0062925,0.0062955,4524
2026-08-11T19:00:00+0000,0.0062955,0.0062965,0.006294,0.006295,6329
2026-08-11T20:00:00+0000,0.0062945,0.0062955,0.0062915,0.0062955,2959
2026-08-11T22:00:00+0000,0.006294,0.0062955,0.0062935,0.006295,1095
2026-08-11T23:00:00+0000,0.006295,0.006295,0.0062935,0.006295,1095
2026-08-12T00:00:00+0000,0.006295,0.006298,0.0062915,0.0062925,3799
2026-08-12T01:00:00+0000,0.006292,0.006294,0.0062905,0.006292,2759
2026-08-12T02:00:00+0000,0.006292,0.0062925,0.0062885,0.00629,2791
2026-08-12T03:00:00+0000,0.0062895,0.0062895,0.006287,0.0062885,1955
2026-08-12T04:00:00+0000,0.0062885,0.0062905,0.006287,0.006289,2064
2026-08-12T05:00:00+0000,0.006289,0.006293,0.006288,0.0062895,3898
2026-08-12T06:00:00+0000,0.0062895,0.0062915,0.0062885,0.0062905,2579
2026-08-12T07:00:00+0000,0.00629,0.006292,0.00629,0.006291,2430
2026-08-12T08:00:00+0000,0.006291,0.0062945,0.006291,0.006293,2766
2026-08-12T09:00:00+0000,0.006293,0.0063225,0.006292,0.0062995,14999
2026-08-12T10:00:00+0000,0.0062995,0.0063015,0.006296,0.0062985,4318
2026-08-12T11:00:00+0000,0.0062985,0.0063035,0.0062985,0.006302,2303
2026-08-12T12:00:00+0000,0.0063015,0.00632,0.006298,0.0063135,28901
2026-08-12T13:00:00+0000,0.0063135,0.006318,0.0063045,0.006305,14961
2026-08-12T14:00:00+0000,0.0063045,0.0063055,0.006296,0.0062975,9217
2026-08-12T15:00:00+0000,0.006297,0.006298,0.006294,0.0062965,4334
2026-08-12T16:00:00+0000,0.0062965,0.006298,0.0062895,0.00629,4660
2026-08-12T17:00:00+0000,0.00629,0.006291,0.0062845,0.0062855,6482
2026-08-12T18:00:00+0000,0.006286,0.0062885,0.006283,0.0062855,5126
2026-08-12T19:00:00+0000,0.0062855,0.0062875,0.006285,0.006286,6898
2026-08-12T20:00:00+0000,0.0062865,0.0062895,0.0062855,0.0062885,2934
2026-08-12T22:00:00+0000,0.0062885,0.0062885,0.006286,0.0062885,675
2026-08-12T23:00:00+0000,0.0062885,0.0062915,0.0062885,0.006291,1320
2026-08-13T00:00:00+0000,0.006291,0.0062945,0.006289,0.0062915,4585
2026-08-13T01:00:00+0000,0.0062915,0.006293,0.0062895,0.00629,3345
2026-08-13T02:00:00+0000,0.0062905,0.006291,0.006285,0.006287,3533
2026-08-13T03:00:00+0000,0.006287,0.006288,0.0062845,0.006287,2353
2026-08-13T04:00:00+0000,0.006287,0.006297,0.006285,0.006294,6808
2026-08-13T05:00:00+0000,0.006294,0.006295,0.0062895,0.006293,4656
2026-08-13T06:00:00+0000,0.0062925,0.0062935,0.0062865,0.006289,3043
2026-08-13T07:00:00+0000,0.0062885,0.006291,0.006288,0.0062895,3046
2026-08-13T08:00:00+0000,0.00629,0.00629,0.0062875,0.006288,1883
2026-08-13T09:00:00+0000,0.006288,0.006291,0.006287,0.0062905,2484
2026-08-13T10:00:00+0000,0.0062905,0.0062915,0.0062895,0.0062905,2134
2026-08-13T11:00:00+0000,0.0062905,0.006295,0.00629,0.0062905,4139
2026-08-13T12:00:00+0000,0.006291,0.0062975,0.0062875,0.006297,9023
2026-08-13T13:00:00+0000,0.006297,0.006298,0.0062905,0.006293,8483
2026-08-13T14:00:00+0000,0.006294,0.0063035,0.006291,0.0062975,13131
2026-08-13T15:00:00+0000,0.006297,0.0062975,0.0062885,0.00629,7936
2026-08-13T16:00:00+0000,0.00629,0.0062905,0.0062845,0.0062845,6954
2026-08-13T17:00:00+0000,0.0062845,0.0062855,0.0062815,0.006283,4516
2026-08-13T18:00:00+0000,0.006283,0.0062865,0.006282,0.006284,4821
2026-08-13T19:00:00+0000,0.0062835,0.006285,0.0062825,0.006284,5050
2026-08-13T20:00:00+0000,0.006284,0.0062845,0.0062815,0.0062845,3071
2026-08-13T22:00:00+0000,0.0062845,0.006285,0.006283,0.006285,966
2026-08-13T23:00:00+0000,0.0062855,0.0062865,0.0062845,0.0062865,1284
2026-08-14T00:00:00+0000,0.0062865,0.0062895,0.006283,0.006289,7289
2026-08-14T01:00:00+0000,0.006289,0.00629,0.0062855,0.0062855,2700
2026-08-14T02:00:00+0000,0.006286,0.0062885,0.0062855,0.006287,1855
2026-08-14T03:00:00+0000,0.0062875,0.0062905,0.006287,0.006289,2617
2026-08-14T04:00:00+0000,0.006288,0.0062905,0.006288,0.0062895,1145
2026-08-14T05:00:00+0000,0.0062895,0.0062985,0.0062895,0.006293,8707
2026-08-14T06:00:00+0000,0.006293,0.0062975,0.0062925,0.006294,8873
2026-08-14T07:00:00+0000,0.006294,0.0062955,0.0062915,0.0062955,4422
2026-08-14T08:00:00+0000,0.006295,0.006301,0.0062945,0.0062965,3742
2026-08-14T09:00:00+0000,0.0062965,0.0062995,0.0062955,0.006298,1999
2026-08-14T10:00:00+0000,0.006298,0.0063,0.0062955,0.0062965,2354
2026-08-14T11:00:00+0000,0.0062965,0.006302,0.006296,0.006299,3838
2026-08-14T12:00:00+0000,0.006299,0.0063195,0.006299,0.006307,22561
2026-08-14T13:00:00+0000,0.006307,0.0063115,0.0062995,0.0063055,15515
2026-08-14T14:00:00+0000,0.0063055,0.0063075,0.006301,0.0063025,13077
2026-08-14T15:00:00+0000,0.0063025,0.006306,0.006295,0.006295,10721
2026-08-14T16:00:00+0000,0.0062945,0.0062955,0.0062885,0.006289,6721
2026-08-14T17:00:00+0000,0.006289,0.00629,0.006287,0.006289,6522
2026-08-14T18:00:00+0000,0.006289,0.00629,0.0062875,0.0062885,3496
2026-08-14T19:00:00+0000,0.006288,0.0062905,0.006288,0.006289,6381
2026-08-14T20:00:00+0000,0.006289,0.006292,0.006289,0.0062915,2692
2026-08-16T22:00:00+0000,0.006291,0.0062975,0.0062865,0.006297,4319
2026-08-16T23:00:00+0000,0.006297,0.0062975,0.006293,0.0062945,1898
2026-08-17T00:00:00+0000,0.006294,0.006303,0.0062935,0.0063025,5283
2026-08-17T01:00:00+0000,0.006302,0.0063035,0.006299,0.006301,2581
2026-08-17T02:00:00+0000,0.006301,0.0063045,0.0063005,0.0063015,2375
2026-08-17T03:00:00+0000,0.006301,0.006301,0.006297,0.0062995,2126
2026-08-17T04:00:00+0000,0.006299,0.006301,0.006298,0.006298,1060
2026-08-17T05:00:00+0000,0.006298,0.0063035,0.006298,0.0062995,2627
2026-08-17T06:00:00+0000,0.006299,0.0063055,0.0062985,0.0063045,3238
2026-08-17T07:00:00+0000,0.0063045,0.006309,0.006303,0.006305,4079
2026-08-17T08:00:00+0000,0.006305,0.0063055,0.006297,0.0062975,4102
2026-08-17T09:00:00+0000,0.0062975,0.0063,0.0062955,0.006296,3889
2026-08-17T10:00:00+0000,0.006296,0.006299,0.0062945,0.0062955,4520
2026-08-17T11:00:00+0000,0.006295,0.0062965,0.0062915,0.0062935,3415
2026-08-17T12:00:00+0000,0.0062935,0.0062955,0.0062915,0.006293,6599
2026-08-17T13:00:00+0000,0.0062935,0.006294,0.0062875,0.0062925,6894
2026-08-17T14:00:00+0000,0.0062925,0.0062955,0.006291,0.006292,7270
2026-08-17T15:00:00+0000,0.0062915,0.006292,0.006287,0.006289,5743
2026-08-17T16:00:00+0000,0.006289,0.0062895,0.006287,0.0062885,3604
2026-08-17T17:00:00+0000,0.0062885,0.006289,0.006283,0.0062835,5837
2026-08-17T18:00:00+0000,0.0062835,0.0062835,0.006279,0.006279,19159
2026-08-17T19:00:00+0000,0.006279,0.0062865,0.006279,0.006285,9976
2026-08-17T20:00:00+0000,0.006285,0.0062855,0.006283,0.0062845,3358
2026-08-17T22:00:00+0000,0.006285,0.0062865,0.0062835,0.0062865,1102
2026-08-17T23:00:00+0000,0.006286,0.0062905,0.006286,0.0062895,1699
2026-08-18T00:00:00+0000,0.0062895,0.0062905,0.006282,0.0062855,5710
2026-08-18T01:00:00+0000,0.006286,0.006287,0.0062825,0.0062825,3224
2026-08-18T02:00:00+0000,0.0062825,0.0062845,0.0062805,0.0062845,2964
2026-08-18T03:00:00+0000,0.0062845,0.0062845,0.0062795,0.0062805,1960
2026-08-18T04:00:00+0000,0.0062805,0.0062805,0.0062725,0.006275,6580
2026-08-18T05:00:00+0000,0.006275,0.0062775,0.0062735,0.006276,5221
2026-08-18T06:00:00+0000,0.006276,0.006277,0.0062715,0.006274,6665
2026-08-18T07:00:00+0000,0.006274,0.0062755,0.0062725,0.006274,6561
2026-08-18T08:00:00+0000,0.006274,0.0062775,0.006273,0.006276,6813
2026-08-18T09:00:00+0000,0.006276,0.0062795,0.0062755,0.0062785,3327
2026-08-18T10:00:00+0000,0.0062785,0.006279,0.0062745,0.006275,1845
2026-08-18T11:00:00+0000,0.0062745,0.006275,0.006273,0.006275,2028
2026-08-18T12:00:00+0000,0.006275,0.0062775,0.006274,0.0062765,4811
2026-08-18T13:00:00+0000,0.0062765,0.0062805,0.006274,0.0062795,8795
2026-08-18T14:00:00+0000,0.00628,0.0062855,0.00628,0.006281,15397
2026-08-18T15:00:00+0000,0.0062805,0.0062835,0.006277,0.0062785,9542
2026-08-18T16:00:00+0000,0.0062795,0.006281,0.006277,0.0062795,5317
2026-08-18T17:00:00+0000,0.00628,0.00628,0.006277,0.0062785,5311
2026-08-18T18:00:00+0000,0.006279,0.00628,0.0062775,0.0062785,6861
2026-08-18T19:00:00+0000,0.006279,0.0062795,0.0062765,0.006277,6877
2026-08-18T20:00:00+0000,0.006277,0.0062785,0.006276,0.0062785,2295
2026-08-18T22:00:00+0000,0.0062785,0.006279,0.006277,0.0062785,861
2026-08-18T23:00:00+0000,0.0062785,0.006281,0.006278,0.00628,2020
2026-08-19T00:00:00+0000,0.0062805,0.0062865,0.00628,0.006284,5767
2026-08-19T01:00:00+0000,0.006284,0.0062845,0.0062815,0.0062845,3490
2026-08-19T02:00:00+0000,0.0062845,0.0062905,0.0062835,0.0062875,5965
2026-08-19T03:00:00+0000,0.0062875,0.0062885,0.0062845,0.0062855,2439
2026-08-19T04:00:00+0000,0.006285,0.006293,0.006285,0.006289,3229
2026-08-19T05:00:00+0000,0.0062895,0.0062935,0.0062895,0.0062905,3158
2026-08-19T06:00:00+0000,0.0062905,0.006297,0.00629,0.0062925,4979
2026-08-19T07:00:00+0000,0.006293,0.006297,0.006291,0.0062955,5183
2026-08-19T08:00:00+0000,0.0062955,0.0063005,0.006295,0.006296,4501
2026-08-19T09:00:00+0000,0.006295,0.006299,0.0062915,0.006298,3101
2026-08-19T10:00:00+0000,0.0062985,0.006302,0.006298,0.0062985,3050
2026-08-19T11:00:00+0000,0.0062985,0.0062985,0.006295,0.0062965,3673
2026-08-19T12:00:00+0000,0.0062965,0.0063355,0.006296,0.0063185,48918
2026-08-19T13:00:00+0000,0.006318,0.006329,0.006318,0.0063245,25185
2026-08-19T14:00:00+0000,0.0063245,0.00634,0.006323,0.0063285,27772
2026-08-19T15:00:00+0000,0.006328,0.0063285,0.0063205,0.0063235,14010
2026-08-19T16:00:00+0000,0.0063235,0.006329,0.006322,0.0063265,6838
2026-08-19T17:00:00+0000,0.0063265,0.0063285,0.006317,0.006318,5156
2026-08-19T18:00:00+0000,0.006318,0.0063315,0.006318,0.006329,9136
2026-08-19T19:00:00+0000,0.006329,0.0063385,0.0063275,0.006336,11430
2026-08-19T20:00:00+0000,0.0063365,0.0063385,0.006333,0.0063365,5854
2026-08-19T22:00:00+0000,0.0063365,0.0063395,0.0063325,0.0063325,5902
2026-08-19T23:00:00+0000,0.0063325,0.006333,0.006329,0.00633,4870
2026-08-20T00:00:00+0000,0.0063305,0.006334,0.006323,0.006324,8159
2026-08-20T01:00:00+0000,0.0063245,0.0063275,0.0063175,0.006319,6569
2026-08-20T02:00:00+0000,0.0063185,0.0063285,0.0063185,0.0063225,7051
2026-08-20T03:00:00+0000,0.0063225,0.0063255,0.0063205,0.006323,2198
2026-08-20T04:00:00+0000,0.006323,0.0063235,0.006315,0.0063175,4224
2026-08-20T05:00:00+0000,0.006317,0.0063185,0.006311,0.006315,4018
2026-08-20T06:00:00+0000,0.0063155,0.006326,0.0063145,0.006326,4754
2026-08-20T07:00:00+0000,0.006326,0.0063275,0.0063185,0.006323,6316
2026-08-20T08:00:00+0000,0.006323,0.0063255,0.006319,0.0063205,3222
2026-08-20T09:00:00+0000,0.006321,0.006332,0.0063205,0.0063265,3227
2026-08-20T10:00:00+0000,0.0063265,0.0063305,0.0063195,0.0063215,2517
2026-08-20T11:00:00+0000,0.006321,0.0063215,0.006312,0.006314,7052
2026-08-20T12:00:00+0000,0.006314,0.0063165,0.0063085,0.0063145,9572
2026-08-20T13:00:00+0000,0.006315,0.006319,0.006307,0.0063075,9762
2026-08-20T14:00:00+0000,0.0063075,0.006312,0.0063045,0.006311,8559
2026-08-20T15:00:00+0000,0.0063115,0.0063205,0.0063015,0.006306,24586
2026-08-20T16:00:00+0000,0.0063065,0.0063065,0.006296,0.0063005,8934
2026-08-20T17:00:00+0000,0.0063005,0.0063015,0.0062965,0.006298,4896
2026-08-20T18:00:00+0000,0.0062985,0.006299,0.0062935,0.006295,9046
2026-08-20T19:00:00+0000,0.006295,0.0062965,0.0062935,0.006296,7064
2026-08-20T20:00:00+0000,0.006296,0.006298,0.006295,0.0062975,2822
2026-08-20T22:00:00+0000,0.006297,0.0063025,0.0062965,0.006302,3253
2026-08-20T23:00:00+0000,0.006302,0.0063055,0.0063015,0.0063045,4779
2026-08-21T00:00:00+0000,0.0063045,0.0063055,0.006295,0.0062965,9319
2026-08-21T01:00:00+0000,0.0062965,0.006304,0.0062945,0.0063025,6461
2026-08-21T02:00:00+0000,0.0063025,0.0063055,0.006299,0.0063015,4612
2026-08-21T03:00:00+0000,0.0063015,0.0063025,0.006297,0.0063,3019
2026-08-21T04:00:00+0000,0.0063,0.006302,0.0062975,0.0063,1396
2026-08-21T05:00:00+0000,0.0062995,0.0063075,0.006299,0.006307,3100
2026-08-21T06:00:00+0000,0.0063065,0.0063085,0.006301,0.0063045,5867
2026-08-21T07:00:00+0000,0.006304,0.0063105,0.006303,0.006307,4543
2026-08-21T08:00:00+0000,0.006307,0.00632,0.0063055,0.006319,9318
2026-08-21T09:00:00+0000,0.006319,0.006326,0.006316,0.006316,12928
2026-08-21T10:00:00+0000,0.006316,0.0063195,0.006311,0.006312,3172
2026-08-21T11:00:00+0000,0.006312,0.006318,0.006309,0.0063125,5665
2026-08-21T12:00:00+0000,0.0063125,0.006315,0.0063065,0.0063095,5802
2026-08-21T13:00:00+0000,0.00631,0.0063115,0.006304,0.006309,8498
2026-08-21T14:00:00+0000,0.006309,0.006309,0.0063,0.006302,12765
2026-08-21T15:00:00+0000,0.006302,0.006304,0.0062985,0.006303,8955
2026-08-21T16:00:00+0000,0.006303,0.006307,0.006301,0.0063015,6763
2026-08-21T17:00:00+0000,0.006301,0.0063015,0.0062985,0.006299,3585
2026-08-21T18:00:00+0000,0.0062995,0.006301,0.0062975,0.0062995,7522
2026-08-21T19:00:00+0000,0.0062995,0.0063015,0.006298,0.0063,5746
2026-08-21T20:00:00+0000,0.0063,0.0063015,0.006299,0.0063015,2229
2026-08-23T22:00:00+0000,0.0063015,0.006305,0.0063005,0.006301,1821
2026-08-23T23:00:00+0000,0.0063005,0.006305,0.006299,0.0063045,2134
2026-08-24T00:00:00+0000,0.0063045,0.0063115,0.006304,0.0063105,6592
2026-08-24T01:00:00+0000,0.00631,0.0063105,0.0063015,0.0063055,4483
2026-08-24T02:00:00+0000,0.006306,0.0063075,0.0063025,0.006304,1990
2026-08-24T03:00:00+0000,0.0063045,0.0063045,0.006301,0.006302,2011
2026-08-24T04:00:00+0000,0.006302,0.006307,0.006301,0.006305,3137
2026-08-24T05:00:00+0000,0.006305,0.006305,0.0063005,0.0063035,2495
2026-08-24T06:00:00+0000,0.006303,0.006305,0.006298,0.0062985,4121
2026-08-24T07:00:00+0000,0.006298,0.0063,0.006292,0.006293,5089
2026-08-24T08:00:00+0000,0.006293,0.006294,0.0062885,0.006292,5996
2026-08-24T09:00:00+0000,0.006292,0.0062935,0.00629,0.006292,2791
2026-08-24T10:00:00+0000,0.0062915,0.006295,0.006291,0.0062915,3092
2026-08-24T11:00:00+0000,0.0062915,0.0063,0.0062905,0.006297,5265
2026-08-24T12:00:00+0000,0.006297,0.0063045,0.006295,0.0062975,10079
2026-08-24T13:00:00+0000,0.006298,0.006299,0.006293,0.0062955,7326
2026-08-24T14:00:00+0000,0.006296,0.006297,0.0062915,0.006292,6263
2026-08-24T15:00:00+0000,0.0062915,0.006297,0.0062915,0.0062925,7786
2026-08-24T16:00:00+0000,0.006293,0.006299,0.006292,0.006296,6181
2026-08-24T17:00:00+0000,0.006297,0.0063,0.006292,0.006293,4794
2026-08-24T18:00:00+0000,0.0062935,0.0062945,0.006291,0.006292,7722
2026-08-24T19:00:00+0000,0.0062925,0.0062945,0.0062905,0.0062935,5431
2026-08-24T20:00:00+0000,0.006293,0.0062965,0.0062925,0.006296,1450
2026-08-24T22:00:00+0000,0.0062965,0.0062975,0.0062945,0.0062955,864
2026-08-24T23:00:00+0000,0.006295,0.006297,0.006293,0.006294,1649
2026-08-25T00:00:00+0000,0.0062935,0.0062955,0.0062915,0.006292,5581
2026-08-25T01:00:00+0000,0.0062915,0.006294,0.006287,0.0062885,3864
2026-08-25T02:00:00+0000,0.006288,0.006289,0.006283,0.006285,6692
2026-08-25T03:00:00+0000,0.006285,0.006286,0.006283,0.006286,4727
2026-08-25T04:00:00+0000,0.006286,0.0062905,0.006284,0.0062875,6103
2026-08-25T05:00:00+0000,0.006287,0.006288,0.006285,0.006286,4824
2026-08-25T06:00:00+0000,0.0062855,0.0062885,0.006283,0.006283,3977
2026-08-25T07:00:00+0000,0.006283,0.0062865,0.006281,0.0062815,4433
2026-08-25T08:00:00+0000,0.006282,0.006286,0.0062795,0.0062855,6772
2026-08-25T09:00:00+0000,0.006285,0.0062905,0.006285,0.006288,4581
2026-08-25T10:00:00+0000,0.006288,0.0062895,0.0062865,0.006288,1171
2026-08-25T11:00:00+0000,0.006288,0.00629,0.0062855,0.006289,2877
2026-08-25T12:00:00+0000,0.006289,0.006291,0.006287,0.006287,4816
2026-08-25T13:00:00+0000,0.0062875,0.0062945,0.006287,0.006291,7477
2026-08-25T14:00:00+0000,0.0062905,0.006292,0.006286,0.006289,8406
2026-08-25T15:00:00+0000,0.006289,0.0062925,0.0062875,0.0062905,7011
2026-08-25T16:00:00+0000,0.006291,0.006291,0.0062875,0.006288,3367
2026-08-25T17:00:00+0000,0.006288,0.006291,0.0062865,0.0062905,3548
2026-08-25T18:00:00+0000,0.0062905,0.006292,0.006289,0.0062905,4009
2026-08-25T19:00:00+0000,0.0062905,0.006296,0.0062895,0.0062935,6876
2026-08-25T20:00:00+0000,0.006294,0.0062945,0.00629,0.0062915,4873
2026-08-25T22:00:00+0000,0.0062915,0.0062915,0.0062895,0.0062905,707
2026-08-25T23:00:00+0000,0.0062905,0.006291,0.006288,0.0062905,1506
2026-08-26T00:00:00+0000,0.00629,0.0062945,0.006288,0.0062925,6572
2026-08-26T01:00:00+0000,0.0062925,0.0063005,0.006291,0.006297,6135
2026-08-26T02:00:00+0000,0.006297,0.006304,0.0062965,0.006297,6897
2026-08-26T03:00:00+0000,0.0062975,0.0063025,0.0062975,0.0063,2982
2026-08-26T04:00:00+0000,0.0063,0.006301,0.006297,0.0062975,2594
2026-08-26T05:00:00+0000,0.006297,0.0063,0.0062965,0.0062985,1533
2026-08-26T06:00:00+0000,0.0062985,0.0062985,0.006294,0.0062965,2599
2026-08-26T07:00:00+0000,0.0062965,0.0063,0.0062965,0.006298,2085
2026-08-26T08:00:00+0000,0.006298,0.006301,0.006297,0.0062985,2974
2026-08-26T09:00:00+0000,0.0062985,0.0063005,0.0062965,0.006299,4096
2026-08-26T10:00:00+0000,0.006299,0.006299,0.006294,0.006295,2253
2026-08-26T11:00:00+0000,0.006295,0.006296,0.006292,0.006295,2704
2026-08-26T12:00:00+0000,0.0062955,0.0063025,0.0062885,0.006289,10406
2026-08-26T13:00:00+0000,0.006289,0.006289,0.0062825,0.0062825,11481
2026-08-26T14:00:00+0000,0.006283,0.006285,0.0062805,0.006282,10804
2026-08-26T15:00:00+0000,0.006282,0.0062855,0.006282,0.0062835,7079
2026-08-26T16:00:00+0000,0.006284,0.0062865,0.0062815,0.006282,5517
2026-08-26T17:00:00+0000,0.0062825,0.0062845,0.0062815,0.0062825,3000
2026-08-26T18:00:00+0000,0.006283,0.0062835,0.006282,0.0062825,4153
2026-08-26T19:00:00+0000,0.006283,0.006286,0.006282,0.0062845,5370
2026-08-26T20:00:00+0000,0.0062845,0.006287,0.006284,0.006287,1944
2026-08-26T22:00:00+0000,0.006287,0.0062875,0.0062845,0.006286,1164
2026-08-26T23:00:00+0000,0.0062865,0.006289,0.006286,0.006287,1560
2026-08-27T00:00:00+0000,0.006287,0.006293,0.006287,0.00629,9592
2026-08-27T01:00:00+0000,0.00629,0.006292,0.006286,0.0062875,5846
2026-08-27T02:00:00+0000,0.006287,0.0062875,0.0062815,0.006284,4693
2026-08-27T03:00:00+0000,0.006284,0.006285,0.006282,0.006283,1306
2026-08-27T04:00:00+0000,0.006283,0.006284,0.0062815,0.0062825,2024
2026-08-27T05:00:00+0000,0.0062825,0.0062855,0.006282,0.0062825,2258
2026-08-27T06:00:00+0000,0.0062825,0.0062835,0.006282,0.006283,2658
2026-08-27T07:00:00+0000,0.006283,0.006286,0.0062825,0.006283,2669
2026-08-27T08:00:00+0000,0.006283,0.0062865,0.0062825,0.0062845,2421
2026-08-27T09:00:00+0000,0.0062845,0.0062845,0.0062775,0.0062785,4503
2026-08-27T10:00:00+0000,0.006278,0.0062805,0.0062765,0.006278,3133
2026-08-27T11:00:00+0000,0.0062785,0.0062805,0.0062765,0.00628,4879
2026-08-27T12:00:00+0000,0.00628,0.0062835,0.0062795,0.0062805,4415
2026-08-27T13:00:00+0000,0.0062805,0.0062835,0.0062785,0.0062825,7254
2026-08-27T14:00:00+0000,0.006283,0.0062865,0.006282,0.006284,9292
2026-08-27T15:00:00+0000,0.0062845,0.0062875,0.006284,0.006287,6235
2026-08-27T16:00:00+0000,0.006287,0.0062875,0.006285,0.006286,3000
2026-08-27T17:00:00+0000,0.0062855,0.0062865,0.006281,0.006281,3892
2026-08-27T18:00:00+0000,0.006281,0.006281,0.006279,0.00628,6852
2026-08-27T19:00:00+0000,0.00628,0.0062815,0.006279,0.0062805,5453
2026-08-27T20:00:00+0000,0.006281,0.006282,0.00628,0.0062815,1942
2026-08-27T22:00:00+0000,0.0062825,0.0062825,0.006281,0.006282,634
2026-08-27T23:00:00+0000,0.006282,0.006284,0.0062815,0.006284,1281
2026-08-28T00:00:00+0000,0.006284,0.006285,0.006281,0.006282,5418
2026-08-28T01:00:00+0000,0.0062825,0.0062835,0.0062785,0.006279,4938
2026-08-28T02:00:00+0000,0.006279,0.006281,0.006278,0.0062795,3438
2026-08-28T03:00:00+0000,0.006279,0.0062795,0.006278,0.0062785,1614
2026-08-28T04:00:00+0000,0.0062785,0.0062785,0.0062765,0.0062765,2623
2026-08-28T05:00:00+0000,0.0062765,0.0062765,0.0062745,0.006276,3586
2026-08-28T06:00:00+0000,0.006276,0.00628,0.006275,0.00628,3344
2026-08-28T07:00:00+0000,0.0062795,0.0062805,0.0062765,0.0062765,2909
2026-08-28T08:00:00+0000,0.0062765,0.0062765,0.006273,0.0062735,4255
2026-08-28T09:00:00+0000,0.006274,0.006274,0.006269,0.006269,5239
2026-08-28T10:00:00+0000,0.006269,0.006271,0.0062685,0.006271,4792
2026-08-28T11:00:00+0000,0.0062715,0.0062715,0.006269,0.0062705,3443
2026-08-28T12:00:00+0000,0.006271,0.006274,0.0062695,0.006274,7796
2026-08-28T13:00:00+0000,0.006274,0.0062755,0.006269,0.00627,13528
2026-08-28T14:00:00+0000,0.0062695,0.006281,0.006259,0.006262,41774
2026-08-28T15:00:00+0000,0.006262,0.006264,0.0062545,0.0062575,18464
2026-08-28T16:00:00+0000,0.0062575,0.0062585,0.006249,0.0062495,13902
2026-08-28T17:00:00+0000,0.006249,0.0062515,0.006249,0.00625,8331
2026-08-28T18:00:00+0000,0.00625,0.006252,0.0062495,0.006252,8999
2026-08-28T19:00:00+0000,0.006252,0.006255,0.006251,0.006254,8655
2026-08-28T20:00:00+0000,0.0062535,0.006255,0.006252,0.006254,3405
2026-08-30T22:00:00+0000,0.006249,0.006253,0.006249,0.0062525,1662
2026-08-30T23:00:00+0000,0.006252,0.0062525,0.006249,0.006252,3036
2026-08-31T00:00:00+0000,0.0062525,0.006259,0.0062525,0.0062585,9775
2026-08-31T01:00:00+0000,0.006258,0.006266,0.0062575,0.006264,8070
2026-08-31T02:00:00+0000,0.006264,0.006267,0.006263,0.0062655,5798
2026-08-31T03:00:00+0000,0.006266,0.0062665,0.006263,0.0062645,2377
2026-08-31T04:00:00+0000,0.0062645,0.0062665,0.0062635,0.006265,2567
2026-08-31T05:00:00+0000,0.0062645,0.006266,0.006262,0.0062635,3107
2026-08-31T06:00:00+0000,0.006264,0.006265,0.00626,0.0062645,5709
2026-08-31T07:00:00+0000,0.0062645,0.0062745,0.006264,0.0062735,12228
2026-08-31T08:00:00+0000,0.0062735,0.0062775,0.006267,0.006267,8725
2026-08-31T09:00:00+0000,0.006267,0.0062685,0.006266,0.0062675,4156
2026-08-31T10:00:00+0000,0.0062675,0.0062685,0.0062655,0.0062675,2671
2026-08-31T11:00:00+0000,0.0062675,0.0062725,0.0062675,0.0062685,3534
2026-08-31T12:00:00+0000,0.0062685,0.006269,0.006261,0.006261,8753
2026-08-31T13:00:00+0000,0.0062615,0.0062655,0.0062605,0.0062635,7123
2026-08-31T14:00:00+0000,0.006263,0.0062735,0.006262,0.006268,22252
2026-08-31T15:00:00+0000,0.006268,0.006269,0.0062645,0.0062665,7164
2026-08-31T16:00:00+0000,0.006267,0.0062695,0.0062665,0.0062695,5720
2026-08-31T17:00:00+0000,0.006269,0.0062695,0.0062675,0.006269,3732
2026-08-31T18:00:00+0000,0.0062685,0.0062695,0.0062635,0.006264,23740
2026-08-31T19:00:00+0000,0.006264,0.006268,0.006264,0.006266,10740
2026-08-31T20:00:00+0000,0.0062665,0.0062675,0.006265,0.006266,2702
2026-08-31T22:00:00+0000,0.006266,0.0062665,0.0062645,0.0062645,1340
2026-08-31T23:00:00+0000,0.0062645,0.006266,0.0062625,0.006266,2568
2026-09-01T00:00:00+0000,0.0062655,0.0062705,0.006262,0.006264,7085
2026-09-01T01:00:00+0000,0.006264,0.006268,0.006262,0.006266,5226
2026-09-01T02:00:00+0000,0.0062655,0.0062655,0.0062625,0.0062645,2974
2026-09-01T03:00:00+0000,0.006265,0.006265,0.006263,0.006264,1254
2026-09-01T04:00:00+0000,0.006264,0.0062645,0.0062605,0.0062615,2791
2026-09-01T05:00:00+0000,0.006261,0.006263,0.0062595,0.006261,2517
2026-09-01T06:00:00+0000,0.006261,0.006261,0.006257,0.0062585,4289
2026-09-01T07:00:00+0000,0.006258,0.006259,0.006255,0.0062565,6452
2026-09-01T08:00:00+0000,0.0062565,0.0062595,0.006255,0.006259,5213
2026-09-01T09:00:00+0000,0.006259,0.0062605,0.006254,0.006254,4291
2026-09-01T10:00:00+0000,0.006254,0.006257,0.0062515,0.0062525,3547
2026-09-01T11:00:00+0000,0.0062525,0.006257,0.00625,0.0062515,11203
2026-09-01T12:00:00+0000,0.0062515,0.0062555,0.006248,0.006252,12223
2026-09-01T13:00:00+0000,0.006252,0.006256,0.0062495,0.006255,8202
2026-09-01T14:00:00+0000,0.0062555,0.0062605,0.0062525,0.006253,11501
2026-09-01T15:00:00+0000,0.006253,0.0062555,0.006252,0.0062545,8785
2026-09-01T16:00:00+0000,0.006255,0.0062555,0.006249,0.0062495,8527
2026-09-01T17:00:00+0000,0.0062495,0.0062505,0.0062465,0.0062465,6656
2026-09-01T18:00:00+0000,0.0062465,0.006249,0.0062455,0.006248,10331
2026-09-01T19:00:00+0000,0.0062485,0.0062495,0.006246,0.0062475,7363
2026-09-01T20:00:00+0000,0.006247,0.0062495,0.0062465,0.0062495,3060
2026-09-01T22:00:00+0000,0.006249,0.0062495,0.0062475,0.0062475,961
2026-09-01T23:00:00+0000,0.0062475,0.00625,0.0062465,0.0062475,1965
2026-09-02T00:00:00+0000,0.0062475,0.006251,0.006244,0.0062445,7804
2026-09-02T01:00:00+0000,0.0062445,0.006245,0.0062405,0.0062415,6478
2026-09-02T02:00:00+0000,0.006241,0.006246,0.0062405,0.0062455,4593
2026-09-02T03:00:00+0000,0.006245,0.006248,0.006245,0.0062475,3708
2026-09-02T04:00:00+0000,0.0062475,0.0062545,0.0062475,0.0062515,6052
2026-09-02T05:00:00+0000,0.0062515,0.0062635,0.0062505,0.0062625,9406
2026-09-02T06:00:00+0000,0.006263,0.006278,0.006263,0.0062715,24618
2026-09-02T07:00:00+0000,0.0062715,0.0062735,0.006265,0.006268,8381
2026-09-02T08:00:00+0000,0.006268,0.00627,0.0062615,0.0062615,5512
2026-09-02T09:00:00+0000,0.0062615,0.0062645,0.00626,0.006261,4139
2026-09-02T10:00:00+0000,0.006261,0.0062615,0.0062585,0.0062595,3336
2026-09-02T11:00:00+0000,0.0062595,0.0062705,0.006259,0.0062705,8874
2026-09-02T12:00:00+0000,0.0062705,0.006275,0.006267,0.0062715,12768
2026-09-02T13:00:00+0000,0.006272,0.0063275,0.0062705,0.0063115,83627
2026-09-02T14:00:00+0000,0.006312,0.006315,0.0063005,0.006305,34321
2026-09-02T15:00:00+0000,0.006305,0.0063105,0.006302,0.0063035,15742
2026-09-02T16:00:00+0000,0.006303,0.0063035,0.0062995,0.0063015,6976
2026-09-02T17:00:00+0000,0.006301,0.006304,0.0062965,0.0063,12087
2026-09-02T18:00:00+0000,0.0063,0.0063015,0.006296,0.0062975,8466
2026-09-02T19:00:00+0000,0.006298,0.006305,0.006295,0.006304,6625
2026-09-02T20:00:00+0000,0.0063045,0.0063105,0.0063035,0.006307,4376
2026-09-02T22:00:00+0000,0.006306,0.0063065,0.0062995,0.006302,3033
2026-09-02T23:00:00+0000,0.006302,0.006303,0.0062955,0.0062975,3387
2026-09-03T00:00:00+0000,0.006297,0.006311,0.006294,0.0063045,9706
2026-09-03T01:00:00+0000,0.0063045,0.006324,0.006304,0.006313,12242
2026-09-03T02:00:00+0000,0.0063125,0.006336,0.0063115,0.0063315,16179
2026-09-03T03:00:00+0000,0.006332,0.006348,0.006332,0.006342,12687
2026-09-03T04:00:00+0000,0.006342,0.006351,0.006338,0.0063455,8209
2026-09-03T05:00:00+0000,0.0063455,0.0063585,0.0063415,0.0063585,11744
2026-09-03T06:00:00+0000,0.0063585,0.0063735,0.006356,0.006368,20259
2026-09-03T07:00:00+0000,0.006368,0.0063995,0.006358,0.0063715,37720
2026-09-03T08:00:00+0000,0.0063715,0.006392,0.0063675,0.0063855,12911
2026-09-03T09:00:00+0000,0.0063855,0.0064065,0.006379,0.006397,18641
2026-09-03T10:00:00+0000,0.0063975,0.0064075,0.0063945,0.0064015,11491
2026-09-03T11:00:00+0000,0.0064015,0.006421,0.006399,0.00641,18600
2026-09-03T12:00:00+0000,0.0064105,0.006439,0.006408,0.0064325,37719
2026-09-03T13:00:00+0000,0.0064315,0.00644,0.006425,0.0064395,31292
2026-09-03T14:00:00+0000,0.0064385,0.006441,0.0064235,0.006438,32662
2026-09-03T15:00:00+0000,0.0064375,0.0064405,0.0064245,0.0064395,20187
2026-09-03T16:00:00+0000,0.0064395,0.006443,0.0064375,0.0064405,10219
2026-09-03T17:00:00+0000,0.0064405,0.006441,0.006435,0.0064365,8468
2026-09-03T18:00:00+0000,0.0064365,0.0064395,0.0064315,0.0064355,11315
2026-09-03T19:00:00+0000,0.0064355,0.0064355,0.00642,0.006424,12803
2026-09-03T20:00:00+0000,0.0064245,0.006425,0.006422,0.006423,3410
2026-09-03T22:00:00+0000,0.006422,0.006422,0.0064085,0.006409,7529
2026-09-03T23:00:00+0000,0.0064095,0.0064295,0.0064075,0.006429,8669
2026-09-04T00:00:00+0000,0.0064285,0.006444,0.006416,0.0064235,26701
2026-09-04T01:00:00+0000,0.0064235,0.0064275,0.0064115,0.00642,11785
2026-09-04T02:00:00+0000,0.00642,0.0064235,0.0064105,0.0064115,5676
2026-09-04T03:00:00+0000,0.006411,0.006413,0.006396,0.006399,10061
2026-09-04T04:00:00+0000,0.006399,0.0064035,0.006396,0.0064005,4760
2026-09-04T05:00:00+0000,0.006401,0.0064045,0.006397,0.0064,6302
2026-09-04T06:00:00+0000,0.006401,0.0064105,0.006396,0.006403,14192
2026-09-04T07:00:00+0000,0.006403,0.006405,0.006397,0.0064015,6648
2026-09-04T08:00:00+0000,0.0064015,0.006402,0.0063965,0.006397,4806
2026-09-04T09:00:00+0000,0.0063975,0.0064015,0.00639,0.0063945,7466
2026-09-04T10:00:00+0000,0.0063945,0.0064025,0.0063945,0.006401,4775
2026-09-04T11:00:00+0000,0.006401,0.006407,0.006399,0.006403,5194
2026-09-04T12:00:00+0000,0.0064035,0.006441,0.0063835,0.006427,68158
2026-09-04T13:00:00+0000,0.0064265,0.0064355,0.0064085,0.0064205,32449
2026-09-04T14:00:00+0000,0.0064205,0.006421,0.0064065,0.006409,25261
2026-09-04T15:00:00+0000,0.006409,0.0064165,0.006407,0.0064095,11262
2026-09-04T16:00:00+0000,0.0064095,0.006416,0.0064085,0.0064145,8333
2026-09-04T17:00:00+0000,0.006414,0.006414,0.006406,0.006408,7142
2026-09-04T18:00:00+0000,0.0064085,0.006409,0.0064025,0.0064055,11671
2026-09-04T19:00:00+0000,0.0064055,0.006406,0.0064035,0.006405,4750
2026-09-04T20:00:00+0000,0.0064045,0.0064065,0.006403,0.006404,3631
2026-09-06T22:00:00+0000,0.006406,0.0064075,0.006401,0.006405,1922
2026-09-06T23:00:00+0000,0.006405,0.00641,0.0064035,0.006405,3051
2026-09-07T00:00:00+0000,0.006405,0.006422,0.006403,0.0064185,9784
2026-09-07T01:00:00+0000,0.0064185,0.00642,0.0064085,0.006412,6182
2026-09-07T02:00:00+0000,0.0064125,0.006413,0.006404,0.006406,3802
2026-09-07T03:00:00+0000,0.006406,0.006412,0.006405,0.006412,1659
2026-09-07T04:00:00+0000,0.0064115,0.006412,0.0064065,0.0064115,2234
2026-09-07T05:00:00+0000,0.006412,0.0064225,0.0064095,0.006422,3031
2026-09-07T06:00:00+0000,0.006422,0.006433,0.0064175,0.006419,8848
2026-09-07T07:00:00+0000,0.006419,0.0064335,0.006418,0.0064325,6117
2026-09-07T08:00:00+0000,0.006432,0.0064945,0.0064315,0.0064775,49744
2026-09-07T09:00:00+0000,0.006477,0.0064875,0.0064735,0.0064755,6634
2026-09-07T10:00:00+0000,0.006476,0.0064775,0.0064655,0.00647,5649
2026-09-07T11:00:00+0000,0.0064695,0.0064715,0.0064645,0.0064665,3733
2026-09-07T12:00:00+0000,0.0064665,0.006486,0.0064635,0.0064765,12526
2026-09-07T13:00:00+0000,0.0064765,0.0064815,0.0064725,0.0064755,6010
2026-09-07T14:00:00+0000,0.006475,0.0064855,0.0064705,0.0064845,8046
2026-09-07T15:00:00+0000,0.0064845,0.006487,0.0064785,0.0064805,5395
2026-09-07T16:00:00+0000,0.00648,0.0064855,0.0064785,0.0064845,2268
2026-09-07T17:00:00+0000,0.0064845,0.0064845,0.0064805,0.006482,875
2026-09-07T18:00:00+0000,0.006482,0.0064825,0.0064815,0.0064825,540
2026-09-07T19:00:00+0000,0.0064825,0.006483,0.006481,0.006482,809
2026-09-07T20:00:00+0000,0.0064815,0.006483,0.0064805,0.0064815,854
2026-09-07T22:00:00+0000,0.0064815,0.00649,0.006481,0.0064895,4234
2026-09-07T23:00:00+0000,0.0064895,0.006505,0.0064895,0.006504,14659
2026-09-08T00:00:00+0000,0.0065035,0.006517,0.006501,0.0065055,21898
2026-09-08T01:00:00+0000,0.006505,0.006524,0.0065045,0.006524,18043
2026-09-08T02:00:00+0000,0.0065245,0.0065435,0.0065235,0.006524,27465
2026-09-08T03:00:00+0000,0.006524,0.0065335,0.0065235,0.006525,11643
2026-09-08T04:00:00+0000,0.0065245,0.006529,0.0065145,0.006519,13525
2026-09-08T05:00:00+0000,0.0065185,0.006527,0.006514,0.006525,9399
2026-09-08T06:00:00+0000,0.0065255,0.0065275,0.0065,0.006506,17293
2026-09-08T07:00:00+0000,0.0065055,0.006508,0.0064975,0.006505,16513
2026-09-08T08:00:00+0000,0.006505,0.006508,0.006484,0.006489,17461
2026-09-08T09:00:00+0000,0.006489,0.0065045,0.0064885,0.0065005,11486
2026-09-08T10:00:00+0000,0.0065,0.0065,0.0064855,0.0064865,6931
2026-09-08T11:00:00+0000,0.0064865,0.00649,0.006478,0.006485,8142
2026-09-08T12:00:00+0000,0.006485,0.006505,0.006483,0.0065045,15389
2026-09-08T13:00:00+0000,0.0065045,0.006509,0.006499,0.0065045,14620
2026-09-08T14:00:00+0000,0.0065045,0.0065055,0.006491,0.006496,15611
2026-09-08T15:00:00+0000,0.0064965,0.0064965,0.006485,0.0064865,14004
2026-09-08T16:00:00+0000,0.0064865,0.0064875,0.0064805,0.006485,9944
2026-09-08T17:00:00+0000,0.0064855,0.0064875,0.006483,0.0064875,6353
2026-09-08T18:00:00+0000,0.006487,0.0065205,0.0064795,0.0065135,80805
2026-09-08T19:00:00+0000,0.0065135,0.0065135,0.006496,0.006497,17575
2026-09-08T20:00:00+0000,0.0064975,0.0065,0.006495,0.0064975,4900
2026-09-08T22:00:00+0000,0.0064995,0.006512,0.0064975,0.006507,4152
2026-09-08T23:00:00+0000,0.0065075,0.0065205,0.0065075,0.0065195,4434
2026-09-09T00:00:00+0000,0.006519,0.0065275,0.0065075,0.006514,13473
2026-09-09T01:00:00+0000,0.006514,0.0065155,0.0065035,0.006515,5368
2026-09-09T02:00:00+0000,0.006515,0.006519,0.0065085,0.006517,4439
2026-09-09T03:00:00+0000,0.006517,0.006524,0.006513,0.0065195,6025
2026-09-09T04:00:00+0000,0.0065195,0.006526,0.0065175,0.006519,4282
2026-09-09T05:00:00+0000,0.006519,0.006528,0.006518,0.0065255,5448
2026-09-09T06:00:00+0000,0.006526,0.006541,0.006522,0.006524,11661
2026-09-09T07:00:00+0000,0.006524,0.006535,0.006523,0.006534,8663
2026-09-09T08:00:00+0000,0.0065335,0.006534,0.0065095,0.0065105,13286
2026-09-09T09:00:00+0000,0.006511,0.006521,0.0065105,0.006511,5795
2026-09-09T10:00:00+0000,0.0065115,0.006518,0.0065075,0.006515,4802
2026-09-09T11:00:00+0000,0.0065145,0.00653,0.006514,0.0065285,6326
2026-09-09T12:00:00+0000,0.006529,0.00653,0.006518,0.006524,9650
2026-09-09T13:00:00+0000,0.006524,0.0065285,0.0065195,0.0065265,8651
2026-09-09T14:00:00+0000,0.006526,0.006534,0.006524,0.0065295,15406
2026-09-09T15:00:00+0000,0.006529,0.006532,0.006504,0.0065155,32456
2026-09-09T16:00:00+0000,0.0065155,0.0065205,0.0065095,0.006514,10528
2026-09-09T17:00:00+0000,0.006514,0.006519,0.006513,0.0065185,7586
2026-09-09T18:00:00+0000,0.0065185,0.00652,0.0065095,0.0065135,13088
2026-09-09T19:00:00+0000,0.006513,0.006514,0.006508,0.0065115,9265
2026-09-09T20:00:00+0000,0.0065115,0.0065155,0.0065095,0.0065155,1823
2026-09-09T22:00:00+0000,0.006516,0.006523,0.0065125,0.0065225,2161
2026-09-09T23:00:00+0000,0.0065225,0.006524,0.0065105,0.006514,3903
2026-09-10T00:00:00+0000,0.0065135,0.006517,0.0065065,0.006507,7509
2026-09-10T01:00:00+0000,0.006507,0.0065185,0.006505,0.0065185,5041
2026-09-10T02:00:00+0000,0.0065185,0.0065245,0.0065115,0.006519,5080
2026-09-10T03:00:00+0000,0.0065195,0.0065215,0.0065165,0.0065205,1706
2026-09-10T04:00:00+0000,0.0065205,0.006524,0.0065165,0.006517,1435
2026-09-10T05:00:00+0000,0.006517,0.0065195,0.006508,0.0065115,4027
2026-09-10T06:00:00+0000,0.006511,0.0065195,0.0065105,0.0065195,3098
2026-09-10T07:00:00+0000,0.006519,0.006523,0.006513,0.00652,3409
2026-09-10T08:00:00+0000,0.00652,0.00652,0.0065075,0.00651,4029
2026-09-10T09:00:00+0000,0.006511,0.0065135,0.0065035,0.006507,3240
2026-09-10T10:00:00+0000,0.006507,0.006509,0.006487,0.006491,9640
2026-09-10T11:00:00+0000,0.006491,0.0064925,0.006486,0.006488,2868
2026-09-10T12:00:00+0000,0.006488,0.0064885,0.006466,0.0064795,20076
2026-09-10T13:00:00+0000,0.0064795,0.006496,0.0064795,0.006493,12307
2026-09-10T14:00:00+0000,0.006493,0.006501,0.006491,0.006499,8363
2026-09-10T15:00:00+0000,0.0064995,0.0065005,0.0064895,0.0064915,5823
2026-09-10T16:00:00+0000,0.006492,0.006492,0.006478,0.0064825,7011
2026-09-10T17:00:00+0000,0.006483,0.0064855,0.00648,0.0064835,5169
2026-09-10T18:00:00+0000,0.0064835,0.0064845,0.0064775,0.0064815,6122
2026-09-10T19:00:00+0000,0.006481,0.0064815,0.006478,0.00648,3039
2026-09-10T20:00:00+0000,0.00648,0.0064805,0.006473,0.006475,2361
2026-09-10T22:00:00+0000,0.006475,0.0064785,0.0064715,0.006478,304
2026-09-10T23:00:00+0000,0.0064775,0.006479,0.006468,0.006474,416
2026-09-11T00:00:00+0000,0.0064745,0.00648,0.0064685,0.006473,640
2026-09-11T01:00:00+0000,0.006473,0.0064855,0.006472,0.0064795,555
2026-09-11T02:00:00+0000,0.0064805,0.0064805,0.0064725,0.006478,470
2026-09-11T03:00:00+0000,0.0064775,0.00648,0.006473,0.006477,385
2026-09-11T04:00:00+0000,0.006477,0.0064825,0.006477,0.0064805,2299
2026-09-11T05:00:00+0000,0.00648,0.0064935,0.0064795,0.006492,373
2026-09-11T06:00:00+0000,0.0064925,0.0064955,0.006485,0.0064865,598
2026-09-11T07:00:00+0000,0.006486,0.0064905,0.0064825,0.0064845,348
2026-09-11T08:00:00+0000,0.006485,0.0064915,0.0064785,0.00649,495
2026-09-11T09:00:00+0000,0.00649,0.0064925,0.006485,0.00649,453
2026-09-11T10:00:00+0000,0.0064905,0.0064955,0.006488,0.006495,303
2026-09-11T11:00:00+0000,0.006495,0.006499,0.00649,0.0064945,1208
2026-09-11T12:00:00+0000,0.0064925,0.0065175,0.006472,0.006517,1082
2026-09-11T13:00:00+0000,0.0065165,0.0065265,0.00651,0.006519,1069
2026-09-11T14:00:00+0000,0.006519,0.0065195,0.006509,0.0065155,1464
2026-09-11T15:00:00+0000,0.0065155,0.0065185,0.006505,0.006505,1595
2026-09-11T16:00:00+0000,0.006506,0.006509,0.0065045,0.006506,261
2026-09-11T17:00:00+0000,0.0065055,0.0065075,0.0065045,0.0065065,116
2026-09-11T18:00:00+0000,0.006507,0.006508,0.0065045,0.006506,319
2026-09-11T19:00:00+0000,0.006505,0.0065075,0.006504,0.006507,101
2026-09-11T20:00:00+0000,0.006507,0.006515,0.006504,0.006515,86
2026-09-13T22:00:00+0000,0.006512,0.0065185,0.006503,0.0065075,149
2026-09-13T23:00:00+0000,0.0065075,0.006518,0.0065075,0.006518,87
2026-09-14T00:00:00+0000,0.006513,0.006513,0.006508,0.006508,29
2026-09-14T01:00:00+0000,0.0064995,0.0065045,0.0064995,0.0065045,27
2026-09-14T02:00:00+0000,0.006504,0.006504,0.006496,0.006496,19
2026-09-14T03:00:00+0000,0.006489,0.0064905,0.006488,0.006488,4
