Time,Open,High,Low,Close,Volume
2025-06-03T01:00:00+0000,0.0072725,0.007276,0.0072725,0.007276,10
2025-06-03T12:00:00+0000,0.007255,0.007255,0.007255,0.007255,1
2025-06-04T01:00:00+0000,0.00721,0.00721,0.00721,0.00721,1
2025-06-05T02:00:00+0000,0.0072625,0.0072625,0.0072625,0.0072625,1
2025-06-05T06:00:00+0000,0.00725,0.00725,0.00725,0.00725,2
2025-06-09T11:00:00+0000,0.0071995,0.0071995,0.0071995,0.0071995,4
2025-06-12T23:00:00+0000,0.007235,0.007235,0.007235,0.007235,3
2025-06-23T04:00:00+0000,0.007068,0.007068,0.007068,0.007068,1
2025-06-23T14:00:00+0000,0.0070595,0.0070595,0.0070595,0.0070595,1
2025-06-23T16:00:00+0000,0.007082,0.007082,0.007082,0.007082,5
2025-06-24T15:00:00+0000,0.0071665,0.0071665,0.0071665,0.0071665,1
2025-06-30T18:00:00+0000,0.007174,0.007174,0.007174,0.007174,2
2025-07-02T14:00:00+0000,0.0071815,0.0071815,0.0071815,0.0071815,1
2025-07-03T12:00:00+0000,0.0071465,0.0071465,0.0071465,0.0071465,2
2025-07-08T15:00:00+0000,0.0070485,0.0070485,0.0070485,0.0070485,1
2025-07-15T14:00:00+0000,0.0069595,0.0069595,0.006952,0.006952,2
2025-07-16T01:00:00+0000,0.006945,0.006945,0.006945,0.006945,1
2025-08-07T09:00:00+0000,0.006994,0.006994,0.006994,0.006994,1
2025-08-13T16:00:00+0000,0.00699,0.00699,0.00699,0.00699,1
2025-08-14T00:00:00+0000,0.007013,0.007015,0.007013,0.007015,2
2025-08-14T01:00:00+0000,0.0070275,0.0070275,0.0070275,0.0070275,4
2025-08-14T13:00:00+0000,0.006985,0.006985,0.006985,0.006985,1
2025-08-15T11:00:00+0000,0.007002,0.007002,0.007002,0.007002,11
2025-08-15T16:00:00+0000,0.0070025,0.0070025,0.0070025,0.0070025,11
2025-08-18T03:00:00+0000,0.0069845,0.0069845,0.0069845,0.0069845,3
2025-08-18T17:00:00+0000,0.0069665,0.0069665,0.0069665,0.0069665,25
2025-08-18T18:00:00+0000,0.006967,0.006967,0.006967,0.006967,25
2025-08-18T19:00:00+0000,0.006964,0.006964,0.006964,0.006964,50
2025-08-24T23:00:00+0000,0.00699,0.00699,0.00699,0.00699,1
2025-08-27T05:00:00+0000,0.0069505,0.0069505,0.0069505,0.0069505,1
2025-08-28T01:00:00+0000,0.00698,0.00698,0.00698,0.00698,1
2025-08-28T15:00:00+0000,0.0069925,0.0069925,0.0069925,0.0069925,1
2025-09-01T00:00:00+0000,0.0069825,0.0069825,0.0069815,0.0069815,4
2025-09-02T05:00:00+0000,0.00695,0.00695,0.00695,0.00695,1
2025-09-02T08:00:00+0000,0.00692,0.00692,0.00692,0.00692,1
2025-09-02T14:00:00+0000,0.0069385,0.0069385,0.0069385,0.0069385,1
2025-09-03T02:00:00+0000,0.00691,0.00691,0.00691,0.00691,1
2025-09-03T07:00:00+0000,0.0069,0.0069,0.0069,0.0069,1
2025-09-03T14:00:00+0000,0.006936,0.006936,0.006936,0.006936,1
2025-09-04T00:00:00+0000,0.006934,0.006934,0.006934,0.006934,1
2025-09-04T12:00:00+0000,0.0069175,0.006918,0.0069175,0.006918,200
2025-09-04T14:00:00+0000,0.0069175,0.0069175,0.0069175,0.0069175,1
2025-09-05T13:00:00+0000,0.006966,0.006975,0.006966,0.006975,2
2025-09-05T18:00:00+0000,0.0069675,0.0069685,0.006965,0.006965,6
2025-09-08T00:00:00+0000,0.006911,0.006912,0.00691,0.006912,4
2025-09-09T08:00:00+0000,0.0069915,0.006994,0.0069915,0.0069915,5
2025-09-09T09:00:00+0000,0.007006,0.007012,0.007006,0.007012,2
2025-09-09T13:00:00+0000,0.006986,0.006989,0.006986,0.0069875,4
2025-09-11T01:00:00+0000,0.006955,0.006955,0.006955,0.006955,1
2025-09-11T12:00:00+0000,0.0069575,0.0069575,0.0069575,0.0069575,1
2025-09-15T12:00:00+0000,0.0069595,0.0069595,0.0069595,0.0069595,1
2025-09-15T18:00:00+0000,0.006962,0.006962,0.0069605,0.0069605,300
2025-09-16T16:00:00+0000,0.007,0.007,0.007,0.007,1
2025-09-17T23:00:00+0000,0.0069795,0.006981,0.0069795,0.006981,2
2025-09-18T11:00:00+0000,0.0069535,0.0069535,0.0069515,0.0069515,2
2025-09-18T13:00:00+0000,0.00693,0.00693,0.00693,0.00693,1
2025-09-19T04:00:00+0000,0.006955,0.006955,0.006955,0.006955,1
2025-09-22T04:00:00+0000,0.0069035,0.0069035,0.0069035,0.0069035,1
2025-09-22T06:00:00+0000,0.0069155,0.0069155,0.0069155,0.0069155,1
2025-09-22T12:00:00+0000,0.00693,0.00693,0.00693,0.00693,10
2025-09-22T13:00:00+0000,0.0069315,0.0069315,0.0069315,0.0069315,1
2025-09-22T17:00:00+0000,0.006936,0.006936,0.006936,0.006936,10
2025-09-24T06:00:00+0000,0.0069185,0.0069185,0.0069185,0.0069185,1
2025-09-24T09:00:00+0000,0.006906,0.006906,0.006906,0.006906,1
2025-09-25T16:00:00+0000,0.0068375,0.0068375,0.0068375,0.0068375,1
2025-09-26T06:00:00+0000,0.006838,0.006838,0.006838,0.006838,1
2025-09-26T08:00:00+0000,0.0068405,0.0068405,0.0068405,0.0068405,1
2025-09-26T14:00:00+0000,0.0068435,0.0068435,0.0068435,0.0068435,1
2025-09-29T00:00:00+0000,0.0068605,0.0068605,0.0068605,0.0068605,1
2025-09-29T07:00:00+0000,0.006886,0.006886,0.006886,0.006886,1
2025-10-01T05:00:00+0000,0.006935,0.006935,0.006935,0.006935,1
2025-10-01T09:00:00+0000,0.0069575,0.0069575,0.0069575,0.0069575,1
2025-10-01T22:00:00+0000,0.006957,0.006957,0.006957,0.006957,1
2025-10-02T12:00:00+0000,0.006963,0.006963,0.0069585,0.0069585,3
2025-10-02T14:00:00+0000,0.0069465,0.006947,0.0069455,0.006947,3
2025-10-03T04:00:00+0000,0.006924,0.006924,0.006924,0.006924,1
2025-10-03T13:00:00+0000,0.0069425,0.0069425,0.0069425,0.0069425,1
2025-10-05T22:00:00+0000,0.006851,0.006851,0.006849,0.006849,13
2025-10-06T00:00:00+0000,0.006857,0.0068675,0.006857,0.0068675,2
2025-10-06T03:00:00+0000,0.006821,0.006821,0.006821,0.006821,1
2025-10-06T04:00:00+0000,0.006821,0.006821,0.006821,0.006821,1
2025-10-06T05:00:00+0000,0.006805,0.006805,0.006805,0.006805,1
2025-10-06T06:00:00+0000,0.0068135,0.0068135,0.0068135,0.0068135,2
2025-10-06T09:00:00+0000,0.0068,0.0068,0.0068,0.0068,3
2025-10-06T12:00:00+0000,0.006823,0.006829,0.006823,0.006829,3
2025-10-07T13:00:00+0000,0.0067845,0.006785,0.0067845,0.006785,5
2025-10-07T14:00:00+0000,0.0067715,0.0067715,0.006768,0.006768,8
2025-10-07T16:00:00+0000,0.006765,0.006765,0.006765,0.006765,1
2025-10-07T17:00:00+0000,0.006756,0.006756,0.006756,0.006756,1
2025-10-07T19:00:00+0000,0.006734,0.006734,0.006734,0.006734,1
2025-10-08T00:00:00+0000,0.0067145,0.006716,0.0067135,0.006716,9
2025-10-08T02:00:00+0000,0.0067,0.0067,0.0067,0.0067,1
2025-10-08T11:00:00+0000,0.006696,0.006696,0.006695,0.0066955,3
2025-10-08T12:00:00+0000,0.006698,0.006698,0.0066975,0.0066975,3
2025-10-08T14:00:00+0000,0.0067005,0.0067005,0.0067005,0.0067005,1
2025-10-08T17:00:00+0000,0.0066945,0.0066945,0.006693,0.006693,2
2025-10-09T00:00:00+0000,0.006701,0.0067025,0.0066995,0.0067025,3
2025-10-09T02:00:00+0000,0.006699,0.0066995,0.006699,0.0066995,4
2025-10-09T03:00:00+0000,0.006703,0.006703,0.006703,0.006703,2
2025-10-09T04:00:00+0000,0.0067,0.006704,0.0067,0.006704,4
2025-10-09T12:00:00+0000,0.0066965,0.0066965,0.006694,0.006694,3
2025-10-09T13:00:00+0000,0.006691,0.006697,0.006691,0.006697,4
2025-10-09T14:00:00+0000,0.0066875,0.0066875,0.00668,0.0066815,22
2025-10-09T15:00:00+0000,0.006676,0.006676,0.006675,0.006675,6
2025-10-10T00:00:00+0000,0.006676,0.006676,0.006676,0.006676,15
2025-10-10T01:00:00+0000,0.006683,0.006683,0.006682,0.006682,25
2025-10-10T03:00:00+0000,0.006687,0.006687,0.006687,0.006687,8
2025-10-10T04:00:00+0000,0.0066935,0.0066965,0.006692,0.0066945,17
2025-10-10T05:00:00+0000,0.006693,0.0066935,0.006693,0.0066935,8
2025-10-10T06:00:00+0000,0.0066995,0.0066995,0.0066995,0.0066995,1
2025-10-10T09:00:00+0000,0.0066965,0.0066965,0.0066965,0.0066965,1
2025-10-13T00:00:00+0000,0.0067255,0.0067275,0.0067255,0.0067275,24
2025-10-13T01:00:00+0000,0.0067285,0.0067285,0.0067275,0.0067275,12
2025-10-13T05:00:00+0000,0.0067325,0.0067345,0.0067325,0.0067345,5
2025-10-13T08:00:00+0000,0.0067125,0.006713,0.006711,0.006711,9
2025-10-13T12:00:00+0000,0.006722,0.006722,0.006716,0.006716,8
2025-10-13T13:00:00+0000,0.006717,0.006717,0.006717,0.006717,2
2025-10-14T00:00:00+0000,0.0067025,0.0067035,0.0066975,0.0066975,62
2025-10-14T01:00:00+0000,0.006702,0.006706,0.0067015,0.006706,12
2025-10-14T05:00:00+0000,0.006728,0.006736,0.006728,0.0067345,9
2025-10-14T06:00:00+0000,0.006734,0.006734,0.006733,0.006733,2
2025-10-14T07:00:00+0000,0.006727,0.006727,0.006727,0.006727,1
2025-10-14T08:00:00+0000,0.0067205,0.006726,0.0067185,0.006726,13
2025-10-14T09:00:00+0000,0.006721,0.006721,0.0067205,0.006721,7
2025-10-14T10:00:00+0000,0.0067265,0.0067265,0.0067265,0.0067265,3
2025-10-14T13:00:00+0000,0.00673,0.006731,0.006727,0.006727,5
2025-10-15T00:00:00+0000,0.006739,0.006739,0.006739,0.006739,1
2025-10-15T02:00:00+0000,0.0067565,0.0067605,0.0067565,0.0067605,2
2025-10-15T06:00:00+0000,0.0067715,0.0067715,0.006766,0.006766,5
2025-10-15T08:00:00+0000,0.006755,0.006756,0.006752,0.006752,10
2025-10-15T09:00:00+0000,0.0067505,0.006751,0.00675,0.00675,12
2025-10-15T12:00:00+0000,0.0067425,0.0067425,0.0067425,0.0067425,1
2025-10-16T00:00:00+0000,0.0067835,0.0067835,0.006782,0.006782,3
2025-10-16T02:00:00+0000,0.00678,0.00678,0.0067775,0.006778,8
2025-10-16T04:00:00+0000,0.0067665,0.0067665,0.0067665,0.0067665,4
2025-10-16T05:00:00+0000,0.006758,0.006758,0.006757,0.006757,23
2025-10-16T06:00:00+0000,0.006753,0.006753,0.006753,0.006753,3
2025-10-16T08:00:00+0000,0.006754,0.00676,0.0067535,0.00676,31
2025-10-16T09:00:00+0000,0.0067525,0.006753,0.00675,0.006753,4
2025-10-16T10:00:00+0000,0.0067545,0.006756,0.0067545,0.006755,10
2025-10-16T12:00:00+0000,0.0067565,0.00676,0.0067565,0.00676,28
2025-10-16T13:00:00+0000,0.0067565,0.006764,0.0067565,0.006764,4
2025-10-16T14:00:00+0000,0.006772,0.006773,0.006772,0.0067725,4
2025-10-16T15:00:00+0000,0.0067745,0.0067745,0.006774,0.006774,3
2025-10-16T18:00:00+0000,0.0067905,0.0067905,0.0067905,0.0067905,2
2025-10-17T00:00:00+0000,0.006802,0.0068035,0.006796,0.0068035,24
2025-10-17T01:00:00+0000,0.006799,0.006799,0.006791,0.006793,121
2025-10-17T02:00:00+0000,0.0067915,0.0068025,0.0067915,0.006799,43
2025-10-17T03:00:00+0000,0.0068015,0.006807,0.0068015,0.006807,27
2025-10-17T04:00:00+0000,0.006802,0.0068045,0.0068015,0.0068045,19
2025-10-17T05:00:00+0000,0.006812,0.006814,0.006809,0.006814,13
2025-10-17T06:00:00+0000,0.0068145,0.006818,0.00681,0.0068125,37
2025-10-17T07:00:00+0000,0.0068295,0.0068295,0.0068295,0.0068295,2
2025-10-17T08:00:00+0000,0.0068225,0.0068225,0.0068155,0.006817,27
2025-10-17T09:00:00+0000,0.0068175,0.0068245,0.0068175,0.0068225,22
2025-10-17T10:00:00+0000,0.0068155,0.0068185,0.0068155,0.0068185,10
2025-10-17T11:00:00+0000,0.006802,0.006802,0.006802,0.006802,5
2025-10-17T12:00:00+0000,0.0067965,0.0067965,0.0067875,0.0067875,10
2025-10-17T13:00:00+0000,0.00679,0.0067975,0.00679,0.0067925,41
2025-10-17T14:00:00+0000,0.006792,0.006792,0.0067815,0.006789,75
2025-10-17T15:00:00+0000,0.0067895,0.0067895,0.0067895,0.0067895,5
2025-10-17T16:00:00+0000,0.0067905,0.0067905,0.0067905,0.0067905,1
2025-10-17T17:00:00+0000,0.0067895,0.0067905,0.0067895,0.0067905,2
2025-10-17T18:00:00+0000,0.0067865,0.0067885,0.006786,0.006786,13
2025-10-19T23:00:00+0000,0.006773,0.006773,0.0067695,0.0067695,10
2025-10-20T00:00:00+0000,0.006768,0.0067715,0.006767,0.0067685,35
2025-10-20T01:00:00+0000,0.0067605,0.006762,0.0067605,0.006762,4
2025-10-20T03:00:00+0000,0.0067695,0.006772,0.0067695,0.006772,14
2025-10-20T04:00:00+0000,0.006785,0.006785,0.0067815,0.0067815,9
2025-10-20T05:00:00+0000,0.006785,0.006785,0.0067845,0.0067845,2
2025-10-20T06:00:00+0000,0.006781,0.0067845,0.0067765,0.0067845,63
2025-10-20T08:00:00+0000,0.0067755,0.006776,0.0067755,0.006776,2
2025-10-20T09:00:00+0000,0.006785,0.0067855,0.006776,0.006776,9
2025-10-20T13:00:00+0000,0.006778,0.006778,0.006778,0.006778,1
2025-10-20T14:00:00+0000,0.0067835,0.0067835,0.0067835,0.0067835,1
2025-10-20T15:00:00+0000,0.006782,0.006786,0.0067815,0.006782,11
2025-10-21T01:00:00+0000,0.0067765,0.0067765,0.0067635,0.0067635,8
2025-10-21T02:00:00+0000,0.006758,0.006764,0.006758,0.006762,39
2025-10-21T03:00:00+0000,0.006757,0.006757,0.006757,0.006757,1
2025-10-21T05:00:00+0000,0.0067425,0.0067425,0.0067425,0.0067425,2
2025-10-21T06:00:00+0000,0.006739,0.00674,0.006739,0.0067395,3
2025-10-21T08:00:00+0000,0.0067545,0.0067545,0.006743,0.006743,16
2025-10-21T09:00:00+0000,0.006729,0.006729,0.006729,0.006729,1
2025-10-21T14:00:00+0000,0.0067375,0.0067375,0.0067375,0.0067375,19
2025-10-21T18:00:00+0000,0.006722,0.006722,0.006722,0.006722,1
2025-10-21T23:00:00+0000,0.0067215,0.0067215,0.0067215,0.0067215,3
2025-10-22T00:00:00+0000,0.006728,0.006734,0.006728,0.006734,23
2025-10-22T01:00:00+0000,0.0067345,0.0067375,0.0067345,0.006737,4
2025-10-22T02:00:00+0000,0.006736,0.006736,0.006736,0.006736,1
2025-10-22T03:00:00+0000,0.006732,0.006732,0.006732,0.006732,1
2025-10-22T05:00:00+0000,0.0067285,0.0067285,0.006727,0.006727,2
2025-10-22T06:00:00+0000,0.006723,0.006723,0.006723,0.006723,2
2025-10-22T08:00:00+0000,0.006729,0.006731,0.006729,0.006731,36
2025-10-22T12:00:00+0000,0.0067205,0.0067205,0.0067205,0.0067205,1
2025-10-22T23:00:00+0000,0.006716,0.006719,0.006716,0.006719,2
2025-10-23T01:00:00+0000,0.006704,0.006704,0.006695,0.006698,3
2025-10-23T02:00:00+0000,0.006698,0.006698,0.006698,0.006698,2
2025-10-23T03:00:00+0000,0.006697,0.006697,0.006697,0.006697,1
2025-10-23T06:00:00+0000,0.006701,0.006701,0.00669,0.00669,4
2025-10-23T09:00:00+0000,0.0066885,0.0066885,0.006688,0.006688,2
2025-10-23T10:00:00+0000,0.006689,0.006689,0.006684,0.006684,3
2025-10-23T14:00:00+0000,0.006687,0.006687,0.006686,0.006686,2
2025-10-24T00:00:00+0000,0.006692,0.006692,0.0066905,0.0066905,3
2025-10-24T05:00:00+0000,0.006673,0.006673,0.006673,0.006673,1
2025-10-24T08:00:00+0000,0.006677,0.006677,0.006677,0.006677,1
2025-10-26T23:00:00+0000,0.006669,0.006669,0.006669,0.006669,1
2025-10-27T00:00:00+0000,0.0066745,0.0066745,0.0066745,0.0066745,1
2025-10-27T10:00:00+0000,0.006682,0.0066825,0.006682,0.0066825,2
2025-10-27T14:00:00+0000,0.006668,0.006668,0.006666,0.006666,2
2025-10-27T16:00:00+0000,0.00667,0.00667,0.00667,0.00667,1
2025-10-28T00:00:00+0000,0.006688,0.0066915,0.006686,0.0066915,16
2025-10-28T02:00:00+0000,0.0066965,0.0066965,0.0066955,0.0066955,6
2025-10-28T03:00:00+0000,0.0066955,0.0066955,0.0066955,0.0066955,1
2025-10-28T04:00:00+0000,0.0067085,0.006721,0.0067085,0.006721,9
2025-10-28T06:00:00+0000,0.00672,0.00672,0.00672,0.00672,1
2025-10-28T07:00:00+0000,0.006702,0.006702,0.006702,0.006702,1
2025-10-28T08:00:00+0000,0.006712,0.0067165,0.006712,0.0067165,2
2025-10-28T10:00:00+0000,0.006715,0.006721,0.006715,0.006721,29
2025-10-28T14:00:00+0000,0.00671,0.006714,0.0067095,0.006714,6
2025-10-28T15:00:00+0000,0.006713,0.006713,0.006713,0.006713,1
2025-10-29T00:00:00+0000,0.00672,0.0067215,0.00672,0.006721,4
2025-10-29T01:00:00+0000,0.006726,0.006726,0.006723,0.006723,2
2025-10-29T02:00:00+0000,0.006707,0.006707,0.006707,0.006707,1
2025-10-29T04:00:00+0000,0.0067135,0.0067135,0.0067135,0.0067135,1
2025-10-29T08:00:00+0000,0.0067035,0.0067035,0.0066975,0.0067,9
2025-10-29T09:00:00+0000,0.006697,0.006697,0.006696,0.006696,7
2025-10-29T11:00:00+0000,0.006705,0.006705,0.006705,0.006705,5
2025-10-29T13:00:00+0000,0.0067185,0.006719,0.0067185,0.006719,5
2025-10-29T14:00:00+0000,0.006709,0.006709,0.006709,0.006709,1
2025-10-29T19:00:00+0000,0.0066745,0.0066745,0.0066745,0.0066745,1
2025-10-29T23:00:00+0000,0.006686,0.006686,0.006686,0.006686,1
2025-10-30T01:00:00+0000,0.00669,0.00669,0.00669,0.00669,7
2025-10-30T03:00:00+0000,0.006674,0.006674,0.0066725,0.0066725,7
2025-10-30T06:00:00+0000,0.0066695,0.0066695,0.0066695,0.0066695,2
2025-10-30T08:00:00+0000,0.0066495,0.0066495,0.0066345,0.0066345,5
2025-10-30T09:00:00+0000,0.0066395,0.0066395,0.0066395,0.0066395,5
2025-10-30T11:00:00+0000,0.006628,0.006628,0.006628,0.006628,3
2025-10-30T12:00:00+0000,0.00662,0.00662,0.00662,0.00662,2
2025-10-30T14:00:00+0000,0.0066245,0.0066245,0.0066135,0.0066135,6
2025-10-30T20:00:00+0000,0.0066255,0.0066255,0.0066255,0.0066255,1
2025-10-31T03:00:00+0000,0.006628,0.006628,0.006628,0.006628,10
2025-10-31T04:00:00+0000,0.00663,0.00663,0.0066295,0.0066295,10
2025-10-31T05:00:00+0000,0.006626,0.006626,0.006626,0.006626,1
2025-10-31T06:00:00+0000,0.00663,0.00663,0.0066265,0.0066265,5
2025-10-31T07:00:00+0000,0.0066125,0.0066125,0.0066125,0.0066125,8
2025-10-31T08:00:00+0000,0.0066125,0.0066125,0.006612,0.006612,5
2025-10-31T11:00:00+0000,0.006621,0.006621,0.006621,0.006621,5
2025-10-31T12:00:00+0000,0.0066245,0.0066245,0.006624,0.0066245,4
2025-10-31T13:00:00+0000,0.006623,0.006623,0.006623,0.006623,2
2025-10-31T14:00:00+0000,0.006628,0.0066305,0.006628,0.00663,4
2025-10-31T16:00:00+0000,0.0066215,0.0066215,0.0066215,0.0066215,5
2025-11-03T03:00:00+0000,0.006626,0.006626,0.006626,0.006626,5
2025-11-03T04:00:00+0000,0.006626,0.0066265,0.006626,0.0066265,10
2025-11-03T05:00:00+0000,0.0066235,0.0066235,0.0066235,0.0066235,6
2025-11-04T00:00:00+0000,0.006611,0.0066135,0.006611,0.0066125,4
2025-11-04T01:00:00+0000,0.006611,0.006611,0.00661,0.0066105,7
2025-11-04T02:00:00+0000,0.006619,0.006619,0.006619,0.006619,1
2025-11-04T03:00:00+0000,0.0066225,0.0066225,0.0066225,0.0066225,1
2025-11-04T05:00:00+0000,0.0066315,0.0066315,0.006631,0.006631,6
2025-11-04T10:00:00+0000,0.0066555,0.0066555,0.006643,0.006643,7
2025-11-04T13:00:00+0000,0.006652,0.006652,0.006652,0.006652,3
2025-11-04T14:00:00+0000,0.0066495,0.0066495,0.0066475,0.0066475,3
2025-11-04T17:00:00+0000,0.006643,0.006643,0.006643,0.006643,1
2025-11-05T00:00:00+0000,0.006648,0.006648,0.006648,0.006648,1
2025-11-05T01:00:00+0000,0.006667,0.006667,0.006667,0.006667,1
2025-11-05T02:00:00+0000,0.0066645,0.0066645,0.00666,0.0066605,6
2025-11-05T03:00:00+0000,0.0066545,0.006655,0.0066545,0.006655,5
2025-11-05T10:00:00+0000,0.0066355,0.0066355,0.0066355,0.0066355,5
2025-11-05T11:00:00+0000,0.006642,0.006642,0.0066405,0.0066405,2
2025-11-05T15:00:00+0000,0.006614,0.0066155,0.006613,0.006615,19
2025-11-06T00:00:00+0000,0.0066225,0.0066225,0.0066225,0.0066225,1
2025-11-06T03:00:00+0000,0.0066275,0.0066285,0.0066275,0.0066285,10
2025-11-06T15:00:00+0000,0.0066495,0.0066495,0.0066495,0.0066495,5
2025-11-06T19:00:00+0000,0.006661,0.006661,0.006661,0.006661,2
2025-11-06T20:00:00+0000,0.006662,0.006662,0.006662,0.006662,1
2025-11-07T01:00:00+0000,0.006658,0.006658,0.006658,0.006658,1
2025-11-07T12:00:00+0000,0.0066585,0.0066585,0.0066585,0.0066585,1
2025-11-10T00:00:00+0000,0.0066315,0.0066315,0.0066315,0.0066315,1
2025-11-10T01:00:00+0000,0.006631,0.006631,0.006631,0.006631,2
2025-11-10T03:00:00+0000,0.0066265,0.0066265,0.0066265,0.0066265,5
2025-11-10T05:00:00+0000,0.0066235,0.0066255,0.0066235,0.0066255,12
2025-11-10T06:00:00+0000,0.0066225,0.0066225,0.0066225,0.0066225,2
2025-11-10T09:00:00+0000,0.006615,0.006615,0.006615,0.006615,5
2025-11-10T12:00:00+0000,0.0066185,0.0066185,0.0066185,0.0066185,5
2025-11-10T13:00:00+0000,0.0066215,0.0066215,0.0066205,0.0066205,8
2025-11-10T14:00:00+0000,0.006618,0.006618,0.006618,0.006618,1
2025-11-10T18:00:00+0000,0.0066255,0.0066255,0.0066255,0.0066255,5
2025-11-10T20:00:00+0000,0.006622,0.006622,0.006622,0.006622,1
2025-11-11T01:00:00+0000,0.0066065,0.0066065,0.0066065,0.0066065,3
2025-11-11T02:00:00+0000,0.0066055,0.0066055,0.0066055,0.0066055,5
2025-11-11T03:00:00+0000,0.0066125,0.0066125,0.0066125,0.0066125,5
2025-11-11T08:00:00+0000,0.0066105,0.0066105,0.0066105,0.0066105,1
2025-11-11T15:00:00+0000,0.006618,0.006622,0.006618,0.006622,6
2025-11-12T04:00:00+0000,0.0066,0.0066,0.0066,0.0066,1
2025-11-12T06:00:00+0000,0.006594,0.006594,0.006594,0.006594,1
2025-11-12T11:00:00+0000,0.006584,0.006585,0.006584,0.006585,6
2025-11-12T13:00:00+0000,0.00658,0.00658,0.00658,0.00658,1
2025-11-12T15:00:00+0000,0.0065875,0.0065885,0.0065875,0.0065885,4
2025-11-12T17:00:00+0000,0.006595,0.0065955,0.006595,0.0065955,10
2025-11-13T00:00:00+0000,0.006584,0.006584,0.006584,0.006584,1
2025-11-13T01:00:00+0000,0.006581,0.006581,0.006581,0.006581,5
2025-11-13T05:00:00+0000,0.006583,0.006583,0.006583,0.006583,5
2025-11-13T09:00:00+0000,0.0066015,0.0066015,0.0066015,0.0066015,1
2025-11-13T10:00:00+0000,0.006595,0.006596,0.006595,0.006596,2
2025-11-14T10:00:00+0000,0.0065925,0.0065925,0.0065925,0.0065925,2
2025-11-14T12:00:00+0000,0.006618,0.006618,0.006618,0.006618,1
2025-11-14T13:00:00+0000,0.006618,0.006618,0.006618,0.006618,1
2025-11-14T14:00:00+0000,0.006613,0.006613,0.006613,0.006613,2
2025-11-14T15:00:00+0000,0.0066015,0.0066015,0.0066,0.0066,10
2025-11-14T16:00:00+0000,0.006603,0.006603,0.006603,0.006603,5
2025-11-14T18:00:00+0000,0.0065935,0.0065935,0.0065935,0.0065935,5
2025-11-17T01:00:00+0000,0.006598,0.0065985,0.0065975,0.0065975,30
2025-11-17T02:00:00+0000,0.006595,0.006595,0.006595,0.006595,5
2025-11-17T03:00:00+0000,0.0065915,0.0065915,0.006589,0.0065895,10
2025-11-17T04:00:00+0000,0.0065935,0.006594,0.0065935,0.006594,10
2025-11-17T05:00:00+0000,0.006595,0.006595,0.006594,0.006594,2
2025-11-17T06:00:00+0000,0.006589,0.006589,0.006589,0.006589,1
2025-11-17T07:00:00+0000,0.006588,0.006588,0.006588,0.006588,44
2025-11-17T08:00:00+0000,0.006588,0.006588,0.006588,0.006588,1
2025-11-17T11:00:00+0000,0.006585,0.006585,0.006585,0.006585,10
2025-11-17T12:00:00+0000,0.006587,0.006588,0.006587,0.0065875,8
2025-11-17T13:00:00+0000,0.0065835,0.0065835,0.0065835,0.0065835,5
2025-11-18T02:00:00+0000,0.00657,0.00657,0.00657,0.00657,5
2025-11-18T04:00:00+0000,0.006576,0.0065825,0.006576,0.0065825,6
2025-11-18T06:00:00+0000,0.006574,0.006574,0.006574,0.006574,1
2025-11-18T13:00:00+0000,0.006569,0.00657,0.006569,0.00657,6
2025-11-18T16:00:00+0000,0.0065645,0.0065645,0.0065645,0.0065645,5
2025-11-18T18:00:00+0000,0.006549,0.006549,0.006549,0.006549,5
2025-11-18T19:00:00+0000,0.0065525,0.0065525,0.0065525,0.0065525,5
2025-11-19T05:00:00+0000,0.0065605,0.0065625,0.0065605,0.0065625,10
2025-11-19T11:00:00+0000,0.006522,0.006529,0.006522,0.006529,11
2025-11-19T14:00:00+0000,0.006518,0.006518,0.006511,0.006511,16
2025-11-19T15:00:00+0000,0.0065065,0.0065085,0.0065065,0.0065085,6
2025-11-19T17:00:00+0000,0.006506,0.006506,0.0065025,0.0065025,11
2025-11-19T18:00:00+0000,0.0065005,0.006501,0.0065005,0.006501,5
2025-11-19T20:00:00+0000,0.0064945,0.0064955,0.0064945,0.0064955,4
2025-11-20T00:00:00+0000,0.006492,0.006492,0.006487,0.006487,4
2025-11-20T01:00:00+0000,0.0064755,0.0064755,0.0064755,0.0064755,1
2025-11-20T02:00:00+0000,0.0064725,0.0064765,0.006472,0.0064745,30
2025-11-20T03:00:00+0000,0.006472,0.006472,0.006472,0.006472,5
2025-11-20T05:00:00+0000,0.0064735,0.0064735,0.0064705,0.0064705,6
2025-11-20T06:00:00+0000,0.006467,0.006467,0.006467,0.006467,5
2025-11-20T07:00:00+0000,0.0064645,0.0064645,0.006463,0.006463,31
2025-11-20T12:00:00+0000,0.006465,0.006465,0.006465,0.006465,5
2025-11-20T13:00:00+0000,0.0064635,0.0064665,0.0064635,0.0064665,40
2025-11-20T14:00:00+0000,0.0064655,0.0064655,0.0064645,0.0064655,31
2025-11-20T15:00:00+0000,0.006455,0.006455,0.006455,0.006455,11
2025-11-20T16:00:00+0000,0.006468,0.006474,0.006467,0.006473,6
2025-11-20T17:00:00+0000,0.0064685,0.0064685,0.0064685,0.0064685,4
2025-11-20T18:00:00+0000,0.006468,0.00647,0.006466,0.00647,5
2025-11-20T19:00:00+0000,0.00647,0.00647,0.00647,0.00647,1
2025-11-20T23:00:00+0000,0.0064755,0.0064755,0.006475,0.006475,2
2025-11-21T00:00:00+0000,0.006472,0.006477,0.006472,0.006477,70
2025-11-21T03:00:00+0000,0.006474,0.006474,0.006474,0.006474,5
2025-11-21T05:00:00+0000,0.0064825,0.0064825,0.006482,0.006482,10
2025-11-21T07:00:00+0000,0.0064845,0.006501,0.0064845,0.0065005,42
2025-11-21T08:00:00+0000,0.0064985,0.0064985,0.006498,0.006498,10
2025-11-21T09:00:00+0000,0.006494,0.006494,0.0064925,0.0064925,10
2025-11-21T10:00:00+0000,0.006504,0.006504,0.0065015,0.0065015,11
2025-11-21T13:00:00+0000,0.006498,0.006498,0.006497,0.006497,7
2025-11-21T14:00:00+0000,0.006496,0.0064975,0.006496,0.0064975,8
2025-11-21T15:00:00+0000,0.006515,0.006515,0.006513,0.006513,3
2025-11-21T16:00:00+0000,0.0065075,0.0065075,0.006503,0.006503,5
2025-11-24T04:00:00+0000,0.006505,0.006505,0.006505,0.006505,5
2025-11-24T08:00:00+0000,0.006494,0.006494,0.0064915,0.0064915,3
2025-11-24T12:00:00+0000,0.0064945,0.0064945,0.0064945,0.0064945,1
2025-11-24T13:00:00+0000,0.006491,0.006491,0.006491,0.006491,12
2025-11-24T14:00:00+0000,0.006484,0.006484,0.006484,0.006484,5
2025-11-24T15:00:00+0000,0.0064825,0.0064825,0.0064825,0.0064825,5
2025-11-25T09:00:00+0000,0.006516,0.006516,0.006516,0.006516,5
2025-11-25T11:00:00+0000,0.006507,0.006507,0.006507,0.006507,1
2025-11-25T23:00:00+0000,0.0065255,0.0065255,0.0065255,0.0065255,1
2025-11-26T04:00:00+0000,0.006526,0.006526,0.006526,0.006526,1
2025-11-26T05:00:00+0000,0.006523,0.006523,0.00652,0.0065205,15
2025-11-26T12:00:00+0000,0.006506,0.006506,0.006506,0.006506,5
2025-11-26T13:00:00+0000,0.0065,0.0065,0.0065,0.0065,1
2025-11-26T14:00:00+0000,0.0065045,0.0065045,0.0065045,0.0065045,1
2025-11-26T23:00:00+0000,0.00651,0.00651,0.00651,0.00651,1
2025-11-27T05:00:00+0000,0.00653,0.00653,0.00653,0.00653,5
2025-11-27T07:00:00+0000,0.006517,0.006517,0.006517,0.006517,1
2025-11-27T12:00:00+0000,0.006513,0.006513,0.006513,0.006513,10
2025-11-27T13:00:00+0000,0.0065105,0.0065105,0.0065105,0.0065105,1
2025-11-28T00:00:00+0000,0.006515,0.006515,0.006504,0.006504,2
2025-11-28T14:00:00+0000,0.0065235,0.0065235,0.0065235,0.0065235,1
2025-11-28T17:00:00+0000,0.0065165,0.0065165,0.0065165,0.0065165,5
2025-12-01T01:00:00+0000,0.006539,0.006539,0.0065375,0.0065375,11
2025-12-01T03:00:00+0000,0.00654,0.006545,0.00654,0.006545,12
2025-12-01T05:00:00+0000,0.006543,0.006546,0.006541,0.006541,11
2025-12-01T07:00:00+0000,0.006549,0.006549,0.006549,0.006549,1
2025-12-01T08:00:00+0000,0.006553,0.006553,0.006541,0.006541,5
2025-12-01T09:00:00+0000,0.0065435,0.0065435,0.0065435,0.0065435,1
2025-12-01T12:00:00+0000,0.006565,0.006565,0.006565,0.006565,1
2025-12-01T13:00:00+0000,0.0065735,0.006575,0.006571,0.006575,3
2025-12-01T14:00:00+0000,0.006566,0.006566,0.006566,0.006566,1
2025-12-01T17:00:00+0000,0.0065505,0.0065505,0.0065505,0.0065505,5
2025-12-01T21:00:00+0000,0.006545,0.006545,0.006545,0.006545,1
2025-12-01T23:00:00+0000,0.0065425,0.0065425,0.0065425,0.0065425,1
2025-12-02T00:00:00+0000,0.0065385,0.0065385,0.0065385,0.0065385,1
2025-12-02T03:00:00+0000,0.0065365,0.0065365,0.0065365,0.0065365,5
2025-12-02T06:00:00+0000,0.0065325,0.006533,0.0065305,0.0065305,28
2025-12-02T15:00:00+0000,0.006518,0.006518,0.006518,0.006518,1
2025-12-02T16:00:00+0000,0.006526,0.006529,0.006526,0.006529,3
2025-12-02T21:00:00+0000,0.006526,0.006526,0.006526,0.006526,1
2025-12-03T03:00:00+0000,0.006536,0.006536,0.006536,0.006536,1
2025-12-03T14:00:00+0000,0.006546,0.006546,0.006546,0.006546,5
2025-12-03T16:00:00+0000,0.006556,0.006556,0.0065555,0.0065555,5
2025-12-04T00:00:00+0000,0.006551,0.006551,0.006551,0.006551,1
2025-12-04T01:00:00+0000,0.006553,0.006553,0.006553,0.006553,100
2025-12-04T10:00:00+0000,0.006571,0.006571,0.006571,0.006571,1
2025-12-04T11:00:00+0000,0.006572,0.006572,0.006572,0.006572,1
2025-12-04T13:00:00+0000,0.006569,0.006569,0.006569,0.006569,1
2025-12-04T23:00:00+0000,0.0065545,0.0065545,0.006554,0.006554,2
2025-12-05T01:00:00+0000,0.0065585,0.0065585,0.0065585,0.0065585,6
2025-12-05T03:00:00+0000,0.006555,0.0065555,0.006553,0.0065555,7
2025-12-05T04:00:00+0000,0.006563,0.006563,0.006563,0.006563,6
2025-12-05T05:00:00+0000,0.0065725,0.0065785,0.0065725,0.006577,9
2025-12-05T07:00:00+0000,0.006587,0.006587,0.006587,0.006587,4
2025-12-05T10:00:00+0000,0.0065575,0.0065575,0.0065575,0.0065575,1
2025-12-05T11:00:00+0000,0.0065535,0.0065535,0.0065535,0.0065535,2
2025-12-05T12:00:00+0000,0.0065515,0.0065515,0.0065515,0.0065515,2
2025-12-05T15:00:00+0000,0.0065505,0.0065505,0.0065505,0.0065505,2
2025-12-07T23:00:00+0000,0.006547,0.006547,0.006545,0.006545,6
2025-12-08T00:00:00+0000,0.0065545,0.0065545,0.0065545,0.0065545,1
2025-12-08T01:00:00+0000,0.006562,0.006562,0.006562,0.006562,1
2025-12-08T02:00:00+0000,0.00656,0.00656,0.00656,0.00656,1
2025-12-08T03:00:00+0000,0.006557,0.006557,0.0065565,0.0065565,5
2025-12-08T05:00:00+0000,0.0065495,0.0065495,0.0065495,0.0065495,4
2025-12-08T07:00:00+0000,0.0065485,0.0065485,0.006545,0.006545,5
2025-12-08T11:00:00+0000,0.006537,0.006537,0.006535,0.006535,4
2025-12-08T14:00:00+0000,0.00653,0.00653,0.006528,0.006528,2
2025-12-08T15:00:00+0000,0.006524,0.006524,0.0065225,0.0065225,11
2025-12-08T19:00:00+0000,0.0065285,0.0065285,0.0065285,0.0065285,1
2025-12-08T23:00:00+0000,0.006522,0.006522,0.006522,0.006522,1
2025-12-09T04:00:00+0000,0.0065235,0.0065235,0.006522,0.006522,3
2025-12-09T05:00:00+0000,0.00652,0.00652,0.00652,0.00652,6
2025-12-09T07:00:00+0000,0.006514,0.006514,0.006514,0.006514,14
2025-12-09T08:00:00+0000,0.0065,0.0065,0.006499,0.006499,2
2025-12-09T10:00:00+0000,0.0065115,0.006512,0.0065115,0.006512,10
2025-12-09T13:00:00+0000,0.006504,0.006504,0.0065,0.0065,7
2025-12-09T15:00:00+0000,0.006492,0.006493,0.0064815,0.0064815,30
2025-12-09T16:00:00+0000,0.006484,0.006484,0.006479,0.006482,13
2025-12-09T17:00:00+0000,0.0064805,0.0064805,0.00648,0.00648,2
2025-12-09T18:00:00+0000,0.00648,0.00648,0.00648,0.00648,2
2025-12-10T00:00:00+0000,0.0064825,0.006483,0.0064785,0.006483,3
2025-12-10T01:00:00+0000,0.006486,0.006487,0.006486,0.006487,2
2025-12-10T02:00:00+0000,0.0064895,0.0064915,0.0064895,0.0064915,5
2025-12-10T04:00:00+0000,0.006493,0.006493,0.006493,0.006493,2
2025-12-10T05:00:00+0000,0.0064925,0.0064925,0.0064925,0.0064925,5
2025-12-10T08:00:00+0000,0.00649,0.00649,0.00649,0.00649,5
2025-12-10T10:00:00+0000,0.006487,0.006487,0.006487,0.006487,2
2025-12-10T12:00:00+0000,0.006489,0.006489,0.006489,0.006489,1
2025-12-10T13:00:00+0000,0.006493,0.006493,0.006493,0.006493,5
2025-12-10T14:00:00+0000,0.006494,0.006494,0.006492,0.006492,11
2025-12-10T15:00:00+0000,0.0065,0.0065,0.0065,0.0065,1
2025-12-10T16:00:00+0000,0.0065025,0.0065025,0.0065025,0.0065025,1
2025-12-10T18:00:00+0000,0.006501,0.006501,0.006501,0.006501,5
2025-12-10T19:00:00+0000,0.006505,0.0065085,0.006496,0.006496,13
2025-12-10T20:00:00+0000,0.006512,0.00652,0.006512,0.006519,5
2025-12-10T23:00:00+0000,0.00653,0.00653,0.00653,0.00653,1
2025-12-11T00:00:00+0000,0.00653,0.00653,0.00653,0.00653,1
2025-12-11T01:00:00+0000,0.0065255,0.0065255,0.0065255,0.0065255,1
2025-12-11T02:00:00+0000,0.006532,0.0065335,0.006532,0.0065335,3
2025-12-11T03:00:00+0000,0.006528,0.006528,0.006524,0.006524,3
2025-12-11T04:00:00+0000,0.006527,0.006527,0.006523,0.0065235,11
2025-12-11T07:00:00+0000,0.006518,0.0065185,0.006518,0.0065185,2
2025-12-11T08:00:00+0000,0.0065215,0.0065215,0.006521,0.006521,2
2025-12-11T10:00:00+0000,0.0065215,0.0065215,0.0065175,0.0065195,4
2025-12-11T11:00:00+0000,0.006522,0.006522,0.006522,0.006522,5
2025-12-11T12:00:00+0000,0.0065235,0.006524,0.0065235,0.006524,6
2025-12-11T13:00:00+0000,0.00654,0.00654,0.00654,0.00654,1
2025-12-11T14:00:00+0000,0.006549,0.0065505,0.006549,0.0065505,2
2025-12-11T15:00:00+0000,0.0065555,0.006558,0.0065535,0.006558,24
2025-12-11T16:00:00+0000,0.0065515,0.0065515,0.006545,0.006549,21
2025-12-11T17:00:00+0000,0.006552,0.006552,0.0065445,0.0065445,11
2025-12-11T18:00:00+0000,0.0065455,0.0065465,0.006542,0.006542,15
2025-12-11T19:00:00+0000,0.006533,0.006533,0.006533,0.006533,6
2025-12-11T20:00:00+0000,0.0065355,0.0065355,0.0065355,0.0065355,9
2025-12-11T23:00:00+0000,0.0065315,0.0065315,0.0065315,0.0065315,1
2025-12-12T01:00:00+0000,0.006526,0.006526,0.0065255,0.0065255,2
2025-12-12T06:00:00+0000,0.0065245,0.0065245,0.0065245,0.0065245,3
2025-12-12T07:00:00+0000,0.006529,0.00653,0.006529,0.00653,2
2025-12-12T08:00:00+0000,0.0065255,0.0065255,0.00652,0.00652,10
2025-12-12T09:00:00+0000,0.006522,0.0065225,0.00652,0.00652,15
2025-12-12T10:00:00+0000,0.0065185,0.0065185,0.0065165,0.006517,20
2025-12-12T11:00:00+0000,0.006515,0.0065155,0.006515,0.0065155,8
2025-12-12T12:00:00+0000,0.0065145,0.0065155,0.006509,0.006509,3
2025-12-12T13:00:00+0000,0.0065135,0.006517,0.0065135,0.006517,18
2025-12-12T14:00:00+0000,0.0065105,0.00652,0.0065105,0.00652,8
2025-12-12T15:00:00+0000,0.006514,0.006516,0.006514,0.006516,10
2025-12-12T16:00:00+0000,0.006519,0.0065245,0.006519,0.006522,53
2025-12-12T17:00:00+0000,0.006522,0.006522,0.006522,0.006522,1
2025-12-12T18:00:00+0000,0.006522,0.006522,0.006522,0.006522,1
2025-12-15T00:00:00+0000,0.0065125,0.0065125,0.0065125,0.0065125,1
2025-12-15T01:00:00+0000,0.00652,0.0065275,0.00652,0.0065275,5
2025-12-15T02:00:00+0000,0.0065275,0.0065355,0.0065275,0.0065355,7
2025-12-15T03:00:00+0000,0.00654,0.00654,0.006536,0.006536,4
2025-12-15T04:00:00+0000,0.006545,0.006545,0.006545,0.006545,1
2025-12-15T05:00:00+0000,0.006545,0.0065505,0.006545,0.0065505,6
2025-12-15T06:00:00+0000,0.0065505,0.0065565,0.0065505,0.0065555,14
2025-12-15T07:00:00+0000,0.0065485,0.0065485,0.0065445,0.0065445,4
2025-12-15T08:00:00+0000,0.0065475,0.006548,0.006547,0.0065475,27
2025-12-15T10:00:00+0000,0.006553,0.006553,0.006553,0.006553,2
2025-12-15T11:00:00+0000,0.0065525,0.006553,0.0065525,0.0065525,4
2025-12-15T12:00:00+0000,0.0065535,0.0065535,0.0065535,0.0065535,1
2025-12-15T13:00:00+0000,0.0065555,0.0065555,0.0065555,0.0065555,1
2025-12-15T14:00:00+0000,0.006549,0.00656,0.006549,0.006558,19
2025-12-15T15:00:00+0000,0.0065595,0.0065595,0.0065535,0.0065535,3
2025-12-15T16:00:00+0000,0.006546,0.0065465,0.006539,0.0065435,32
2025-12-15T17:00:00+0000,0.00654,0.00654,0.00654,0.00654,6
2025-12-15T19:00:00+0000,0.006538,0.006538,0.006538,0.006538,1
2025-12-15T20:00:00+0000,0.006544,0.006544,0.006544,0.006544,1
2025-12-15T21:00:00+0000,0.006545,0.006545,0.006545,0.006545,4
2025-12-16T00:00:00+0000,0.00656,0.00656,0.00656,0.00656,6
2025-12-16T01:00:00+0000,0.006556,0.006556,0.006556,0.006556,3
2025-12-16T02:00:00+0000,0.006559,0.0065615,0.006556,0.0065615,11
2025-12-16T03:00:00+0000,0.006564,0.006564,0.0065575,0.0065575,2
2025-12-16T05:00:00+0000,0.006564,0.0065655,0.006564,0.006565,4
2025-12-16T06:00:00+0000,0.006557,0.006559,0.006557,0.006559,3
2025-12-16T07:00:00+0000,0.006557,0.006557,0.006557,0.006557,1
2025-12-16T08:00:00+0000,0.0065615,0.0065615,0.0065565,0.00656,24
2025-12-16T10:00:00+0000,0.006563,0.006563,0.006563,0.006563,1
2025-12-16T12:00:00+0000,0.006562,0.006569,0.006562,0.006569,6
2025-12-16T13:00:00+0000,0.00657,0.006572,0.006559,0.006559,9
2025-12-16T14:00:00+0000,0.0065595,0.006572,0.0065595,0.006565,25
2025-12-16T15:00:00+0000,0.006569,0.006574,0.0065625,0.0065625,4
2025-12-16T16:00:00+0000,0.00656,0.006561,0.00656,0.006561,3
2025-12-16T18:00:00+0000,0.006565,0.006565,0.006564,0.006564,6
2025-12-16T23:00:00+0000,0.006561,0.006561,0.006561,0.006561,1
2025-12-17T00:00:00+0000,0.006562,0.006565,0.00656,0.006565,8
2025-12-17T02:00:00+0000,0.00656,0.00656,0.006556,0.006556,8
2025-12-17T04:00:00+0000,0.006556,0.006556,0.006545,0.006545,24
2025-12-17T05:00:00+0000,0.006547,0.00655,0.006547,0.006549,10
2025-12-17T06:00:00+0000,0.0065425,0.0065425,0.006534,0.006534,16
2025-12-17T07:00:00+0000,0.006532,0.0065325,0.006532,0.0065325,2
2025-12-17T08:00:00+0000,0.00653,0.0065315,0.0065295,0.0065295,5
2025-12-17T09:00:00+0000,0.00653,0.006532,0.00653,0.006531,9
2025-12-17T10:00:00+0000,0.006529,0.0065315,0.006529,0.006531,11
2025-12-17T11:00:00+0000,0.0065295,0.0065295,0.0065295,0.0065295,2
2025-12-17T12:00:00+0000,0.006532,0.006532,0.006532,0.006532,2
2025-12-17T13:00:00+0000,0.006532,0.006535,0.0065255,0.006535,15
2025-12-17T14:00:00+0000,0.0065375,0.0065375,0.00653,0.0065325,6
2025-12-17T15:00:00+0000,0.006531,0.006536,0.006531,0.006536,12
2025-12-17T16:00:00+0000,0.0065285,0.0065285,0.0065285,0.0065285,1
2025-12-17T17:00:00+0000,0.0065275,0.0065295,0.006527,0.006527,4
2025-12-17T20:00:00+0000,0.006523,0.006523,0.006523,0.006523,1
2025-12-17T21:00:00+0000,0.006522,0.006522,0.006522,0.006522,1
2025-12-18T01:00:00+0000,0.00652,0.00652,0.0065185,0.0065185,2
2025-12-18T02:00:00+0000,0.0065175,0.0065215,0.0065175,0.0065215,3
2025-12-18T03:00:00+0000,0.00652,0.00652,0.00652,0.00652,1
2025-12-18T04:00:00+0000,0.006518,0.00652,0.006518,0.00652,24
2025-12-18T06:00:00+0000,0.006514,0.006515,0.006512,0.006515,7
2025-12-18T07:00:00+0000,0.0065155,0.0065155,0.0065155,0.0065155,1
2025-12-18T08:00:00+0000,0.0065115,0.006516,0.0065115,0.006516,7
2025-12-18T09:00:00+0000,0.0065125,0.0065125,0.0065125,0.0065125,1
2025-12-18T10:00:00+0000,0.0065125,0.0065125,0.006511,0.006511,9
2025-12-18T11:00:00+0000,0.006516,0.00652,0.006516,0.00652,3
2025-12-18T12:00:00+0000,0.006519,0.006519,0.006516,0.006516,5
2025-12-18T13:00:00+0000,0.0065325,0.0065325,0.006525,0.006525,20
2025-12-18T14:00:00+0000,0.0065305,0.006537,0.0065305,0.0065355,9
2025-12-18T15:00:00+0000,0.006529,0.006529,0.006523,0.006523,21
2025-12-18T16:00:00+0000,0.0065325,0.006535,0.0065325,0.0065325,20
2025-12-18T17:00:00+0000,0.0065225,0.0065235,0.0065225,0.006523,6
2025-12-18T21:00:00+0000,0.006525,0.006525,0.006525,0.006525,1
2025-12-18T23:00:00+0000,0.006526,0.006526,0.006524,0.006524,4
2025-12-19T00:00:00+0000,0.0065245,0.0065245,0.006519,0.006519,3
2025-12-19T01:00:00+0000,0.006519,0.006519,0.006519,0.006519,1
2025-12-19T02:00:00+0000,0.0065175,0.0065185,0.0065165,0.0065165,6
2025-12-19T03:00:00+0000,0.006514,0.006518,0.0064995,0.006512,29
2025-12-19T04:00:00+0000,0.006513,0.006513,0.006504,0.006504,81
2025-12-19T05:00:00+0000,0.0065035,0.0065085,0.0065035,0.0065085,2
2025-12-19T06:00:00+0000,0.0065065,0.0065095,0.0064895,0.006507,81
2025-12-19T07:00:00+0000,0.0064915,0.0064915,0.0064765,0.0064765,8
2025-12-19T08:00:00+0000,0.0064735,0.0064745,0.0064705,0.006472,16
2025-12-19T09:00:00+0000,0.00647,0.00647,0.00646,0.00646,16
2025-12-19T10:00:00+0000,0.006458,0.006458,0.00645,0.006451,22
2025-12-19T11:00:00+0000,0.0064525,0.006453,0.006451,0.006453,8
2025-12-19T13:00:00+0000,0.0064555,0.0064565,0.0064505,0.0064505,35
2025-12-19T14:00:00+0000,0.006454,0.0064605,0.006452,0.0064525,10
2025-12-19T15:00:00+0000,0.0064475,0.006449,0.006447,0.006447,14
2025-12-19T16:00:00+0000,0.006447,0.006447,0.006446,0.006446,4
2025-12-19T17:00:00+0000,0.0064385,0.0064465,0.006438,0.0064465,10
2025-12-19T18:00:00+0000,0.0064485,0.0064485,0.006445,0.006445,5
2025-12-19T19:00:00+0000,0.0064425,0.0064435,0.0064425,0.0064435,7
2025-12-19T20:00:00+0000,0.006441,0.006441,0.006441,0.006441,12
2025-12-19T21:00:00+0000,0.006435,0.006435,0.006435,0.006435,1
2025-12-21T23:00:00+0000,0.006441,0.006441,0.0064355,0.0064355,8
2025-12-22T00:00:00+0000,0.0064405,0.0064425,0.0064405,0.0064415,9
2025-12-22T01:00:00+0000,0.006444,0.006452,0.006444,0.006452,10
2025-12-22T02:00:00+0000,0.006455,0.006455,0.006455,0.006455,1
2025-12-22T03:00:00+0000,0.006446,0.0064465,0.006446,0.0064465,4
2025-12-22T04:00:00+0000,0.0064495,0.006452,0.0064495,0.006452,4
2025-12-22T05:00:00+0000,0.0064505,0.006453,0.0064505,0.006452,3
2025-12-22T06:00:00+0000,0.0064535,0.0064535,0.00645,0.00645,8
2025-12-22T08:00:00+0000,0.0064475,0.006448,0.006446,0.006447,35
2025-12-22T10:00:00+0000,0.0064495,0.0064495,0.0064495,0.0064495,3
2025-12-22T13:00:00+0000,0.006452,0.0064695,0.006452,0.006462,105
2025-12-22T14:00:00+0000,0.0064575,0.0064675,0.0064575,0.006467,7
2025-12-22T15:00:00+0000,0.006462,0.006468,0.006462,0.006468,7
2025-12-22T16:00:00+0000,0.0064645,0.0064665,0.0064645,0.0064665,3
2025-12-22T18:00:00+0000,0.0064675,0.0064675,0.0064675,0.0064675,1
2025-12-22T20:00:00+0000,0.0064675,0.0064675,0.0064675,0.0064675,1
2025-12-22T21:00:00+0000,0.006465,0.006465,0.006465,0.006465,1
2025-12-22T23:00:00+0000,0.0064695,0.0064695,0.0064685,0.0064685,2
2025-12-23T00:00:00+0000,0.00648,0.00648,0.00648,0.00648,1
2025-12-23T01:00:00+0000,0.0064825,0.006487,0.0064805,0.006487,13
2025-12-23T02:00:00+0000,0.0064905,0.0064925,0.0064885,0.0064905,18
2025-12-23T03:00:00+0000,0.0064945,0.0064975,0.0064945,0.0064975,6
2025-12-23T04:00:00+0000,0.0064995,0.0065065,0.0064995,0.0065055,15
2025-12-23T05:00:00+0000,0.0065065,0.006508,0.0065045,0.006508,8
2025-12-23T06:00:00+0000,0.006505,0.006505,0.006499,0.006499,22
2025-12-23T07:00:00+0000,0.006499,0.0065005,0.006499,0.0065005,5
2025-12-23T08:00:00+0000,0.006505,0.006505,0.006505,0.006505,1
2025-12-23T09:00:00+0000,0.00651,0.00652,0.0065095,0.006515,25
2025-12-23T11:00:00+0000,0.006508,0.006508,0.006508,0.006508,2
2025-12-23T13:00:00+0000,0.0065015,0.006504,0.006491,0.006491,14
2025-12-23T14:00:00+0000,0.0064865,0.0064895,0.0064865,0.0064885,19
2025-12-23T15:00:00+0000,0.006488,0.006495,0.006488,0.006495,25
2025-12-23T16:00:00+0000,0.006491,0.006491,0.006491,0.006491,1
2025-12-23T17:00:00+0000,0.0064935,0.0064935,0.0064925,0.0064935,7
2025-12-23T18:00:00+0000,0.0064935,0.0064935,0.0064935,0.0064935,2
2025-12-23T19:00:00+0000,0.006497,0.006497,0.006497,0.006497,1
2025-12-23T23:00:00+0000,0.006498,0.006498,0.006498,0.006498,1
2025-12-24T00:00:00+0000,0.0065025,0.0065055,0.006496,0.0065035,13
2025-12-24T01:00:00+0000,0.0065035,0.006521,0.0065025,0.00652,52
2025-12-24T02:00:00+0000,0.0065205,0.0065225,0.006516,0.006516,33
2025-12-24T03:00:00+0000,0.006516,0.006516,0.0065065,0.0065065,38
2025-12-24T04:00:00+0000,0.006503,0.006507,0.006503,0.006506,4
2025-12-24T05:00:00+0000,0.006515,0.0065155,0.006514,0.0065155,12
2025-12-24T06:00:00+0000,0.0065195,0.00652,0.006516,0.0065195,19
2025-12-24T07:00:00+0000,0.006516,0.0065175,0.0065155,0.0065155,7
2025-12-24T08:00:00+0000,0.006517,0.006517,0.006508,0.0065155,39
2025-12-24T09:00:00+0000,0.0065165,0.006518,0.0065135,0.0065135,11
2025-12-24T10:00:00+0000,0.006511,0.006512,0.0065075,0.0065075,5
2025-12-24T12:00:00+0000,0.0065105,0.0065105,0.006509,0.006509,3
2025-12-24T13:00:00+0000,0.0065035,0.0065065,0.0065035,0.006504,3
2025-12-24T14:00:00+0000,0.0065105,0.006517,0.0065105,0.006517,15
2025-12-24T15:00:00+0000,0.0065145,0.006515,0.0065115,0.0065115,11
2025-12-24T16:00:00+0000,0.0065105,0.0065145,0.0065105,0.0065145,3
2025-12-24T17:00:00+0000,0.0065095,0.0065095,0.006508,0.006508,2
2025-12-25T23:00:00+0000,0.006507,0.006507,0.0065,0.0065,6
2025-12-26T00:00:00+0000,0.006498,0.006498,0.006484,0.006484,18
2025-12-26T01:00:00+0000,0.0064905,0.0064945,0.006489,0.006491,8
2025-12-26T04:00:00+0000,0.006497,0.006498,0.0064965,0.0064965,5
2025-12-26T05:00:00+0000,0.006497,0.006497,0.0064935,0.0064935,3
2025-12-26T06:00:00+0000,0.0065005,0.0065005,0.0064905,0.0064905,2
2025-12-26T07:00:00+0000,0.0064905,0.0064905,0.00649,0.00649,2
2025-12-26T09:00:00+0000,0.0064865,0.0064865,0.006485,0.006486,34
2025-12-26T10:00:00+0000,0.006485,0.006489,0.006485,0.0064865,14
2025-12-26T11:00:00+0000,0.0064885,0.0064885,0.0064885,0.0064885,1
2025-12-26T12:00:00+0000,0.006483,0.006483,0.006483,0.006483,1
2025-12-26T13:00:00+0000,0.0064905,0.0064925,0.0064905,0.0064925,4
2025-12-26T14:00:00+0000,0.0064915,0.0064915,0.0064885,0.0064885,11
2025-12-26T15:00:00+0000,0.0064885,0.0064885,0.006483,0.006483,7
2025-12-26T16:00:00+0000,0.006487,0.006487,0.006483,0.006483,2
2025-12-26T17:00:00+0000,0.0064765,0.00648,0.006476,0.00648,9
2025-12-26T20:00:00+0000,0.006484,0.006484,0.006484,0.006484,1
2025-12-28T23:00:00+0000,0.006482,0.006482,0.006482,0.006482,8
2025-12-29T00:00:00+0000,0.0064905,0.0064915,0.006485,0.006485,10
2025-12-29T01:00:00+0000,0.0064885,0.0064885,0.006488,0.006488,2
2025-12-29T02:00:00+0000,0.006483,0.006483,0.0064785,0.0064815,13
2025-12-29T03:00:00+0000,0.0064835,0.006484,0.0064835,0.006484,2
2025-12-29T04:00:00+0000,0.006481,0.0064875,0.006481,0.0064855,5
2025-12-29T05:00:00+0000,0.0064845,0.0064845,0.006484,0.006484,34
2025-12-29T06:00:00+0000,0.0064885,0.0064905,0.006486,0.006486,13
2025-12-29T07:00:00+0000,0.0064915,0.006497,0.0064915,0.006497,6
2025-12-29T08:00:00+0000,0.0064885,0.0064885,0.0064875,0.0064875,2
2025-12-29T09:00:00+0000,0.0064835,0.0064935,0.0064835,0.0064935,7
2025-12-29T10:00:00+0000,0.0064845,0.00649,0.0064845,0.00649,27
2025-12-29T11:00:00+0000,0.006485,0.006486,0.006485,0.006486,4
2025-12-29T13:00:00+0000,0.006486,0.00649,0.0064855,0.00649,6
2025-12-29T14:00:00+0000,0.006492,0.0064945,0.0064905,0.0064945,8
2025-12-29T15:00:00+0000,0.00649,0.0065,0.00649,0.0065,9
2025-12-29T16:00:00+0000,0.0064955,0.0064955,0.0064955,0.0064955,1
2025-12-29T17:00:00+0000,0.006496,0.006496,0.0064925,0.0064925,4
2025-12-29T19:00:00+0000,0.0064935,0.0064935,0.0064935,0.0064935,2
2025-12-29T23:00:00+0000,0.006502,0.006502,0.0064955,0.0064955,2
2025-12-30T00:00:00+0000,0.0064965,0.0064965,0.006485,0.006485,7
2025-12-30T01:00:00+0000,0.0064855,0.0064895,0.006485,0.0064895,22
2025-12-30T02:00:00+0000,0.006488,0.00649,0.006484,0.006485,28
2025-12-30T03:00:00+0000,0.006487,0.006487,0.006487,0.006487,1
2025-12-30T04:00:00+0000,0.00649,0.0064905,0.00649,0.0064905,2
2025-12-30T05:00:00+0000,0.006497,0.006497,0.006495,0.006495,3
2025-12-30T06:00:00+0000,0.0064985,0.0064985,0.0064965,0.0064965,3
2025-12-30T07:00:00+0000,0.006498,0.0065,0.006498,0.006498,3
2025-12-30T08:00:00+0000,0.006503,0.006503,0.006503,0.006503,1
2025-12-30T09:00:00+0000,0.006497,0.006504,0.006497,0.0064985,4
2025-12-30T10:00:00+0000,0.006504,0.006504,0.006504,0.006504,2
2025-12-30T11:00:00+0000,0.006504,0.006505,0.006504,0.006505,3
2025-12-30T12:00:00+0000,0.0065,0.0065,0.0064975,0.0065,19
2025-12-30T13:00:00+0000,0.006495,0.006495,0.0064915,0.0064915,13
2025-12-30T14:00:00+0000,0.006489,0.0064895,0.006485,0.006485,4
2025-12-30T15:00:00+0000,0.00648,0.00648,0.006478,0.006479,7
2025-12-30T16:00:00+0000,0.006488,0.006488,0.006488,0.006488,1
2025-12-30T18:00:00+0000,0.006485,0.006485,0.0064815,0.0064815,2
2025-12-30T19:00:00+0000,0.006482,0.006482,0.006482,0.006482,20
2025-12-31T04:00:00+0000,0.006476,0.006476,0.0064725,0.0064725,2
2025-12-31T05:00:00+0000,0.0064725,0.0064725,0.0064725,0.0064725,3
2025-12-31T06:00:00+0000,0.006472,0.006472,0.006472,0.006472,2
2025-12-31T10:00:00+0000,0.0064715,0.0064715,0.00647,0.00647,3
2025-12-31T13:00:00+0000,0.00647,0.00647,0.00647,0.00647,1
2025-12-31T14:00:00+0000,0.0064625,0.0064625,0.0064605,0.0064605,4
2025-12-31T15:00:00+0000,0.006458,0.0064605,0.0064575,0.0064605,3
2025-12-31T16:00:00+0000,0.00647,0.00647,0.00647,0.00647,1
2025-12-31T18:00:00+0000,0.0064625,0.0064625,0.00646,0.00646,2
2025-12-31T19:00:00+0000,0.006464,0.006464,0.006464,0.006464,20
2026-01-01T23:00:00+0000,0.006463,0.006463,0.006462,0.006462,2
2026-01-02T00:00:00+0000,0.00647,0.00647,0.00647,0.00647,1
2026-01-02T01:00:00+0000,0.006473,0.006473,0.006473,0.006473,1
2026-01-02T02:00:00+0000,0.006473,0.006473,0.006473,0.006473,1
2026-01-02T03:00:00+0000,0.0064705,0.0064705,0.006469,0.006469,3
2026-01-02T06:00:00+0000,0.0064595,0.0064595,0.006457,0.006457,33
2026-01-02T08:00:00+0000,0.006462,0.006462,0.006458,0.006458,4
2026-01-02T09:00:00+0000,0.006466,0.006466,0.006466,0.006466,1
2026-01-02T11:00:00+0000,0.006462,0.006462,0.006462,0.006462,1
2026-01-02T12:00:00+0000,0.006458,0.006458,0.006458,0.006458,1
2026-01-02T13:00:00+0000,0.0064625,0.006463,0.0064625,0.006463,3
2026-01-02T14:00:00+0000,0.0064635,0.0064635,0.0064605,0.0064605,34
2026-01-02T15:00:00+0000,0.0064715,0.0064715,0.0064715,0.0064715,1
2026-01-02T18:00:00+0000,0.0064635,0.0064635,0.0064635,0.0064635,2
2026-01-02T19:00:00+0000,0.006461,0.006461,0.006461,0.006461,1
2026-01-04T23:00:00+0000,0.006459,0.006459,0.0064575,0.0064575,4
2026-01-05T00:00:00+0000,0.0064495,0.0064495,0.0064475,0.0064485,7
2026-01-05T01:00:00+0000,0.006449,0.0064535,0.006449,0.0064535,5
2026-01-05T02:00:00+0000,0.006453,0.0064555,0.006448,0.006448,14
2026-01-05T03:00:00+0000,0.006447,0.0064475,0.006447,0.0064475,2
2026-01-05T04:00:00+0000,0.0064435,0.0064445,0.0064425,0.006444,7
2026-01-05T05:00:00+0000,0.0064495,0.0064495,0.006449,0.006449,3
2026-01-05T06:00:00+0000,0.006449,0.0064545,0.0064455,0.006454,9
2026-01-05T07:00:00+0000,0.006455,0.006455,0.006455,0.006455,2
2026-01-05T08:00:00+0000,0.00646,0.0064665,0.00646,0.0064625,5
2026-01-05T09:00:00+0000,0.006463,0.006464,0.0064615,0.0064615,19
2026-01-05T10:00:00+0000,0.006459,0.006467,0.006459,0.006467,10
2026-01-05T11:00:00+0000,0.0064735,0.006474,0.0064735,0.006474,2
2026-01-05T12:00:00+0000,0.006473,0.006473,0.006473,0.006473,3
2026-01-05T13:00:00+0000,0.0064595,0.0064595,0.0064595,0.0064595,1
2026-01-05T14:00:00+0000,0.006465,0.006465,0.006465,0.006465,1
2026-01-05T15:00:00+0000,0.0064705,0.006476,0.0064685,0.0064685,13
2026-01-05T16:00:00+0000,0.006473,0.0064825,0.006473,0.0064825,8
2026-01-05T17:00:00+0000,0.0064845,0.0064845,0.006481,0.006482,3
2026-01-05T18:00:00+0000,0.006484,0.006484,0.006484,0.006484,1
2026-01-05T19:00:00+0000,0.0064905,0.0064905,0.006489,0.006489,3
2026-01-05T20:00:00+0000,0.0064845,0.0064845,0.0064845,0.0064845,2
2026-01-05T21:00:00+0000,0.0064825,0.0064825,0.00648,0.00648,4
2026-01-05T23:00:00+0000,0.0064735,0.0064735,0.0064735,0.0064735,1
2026-01-06T01:00:00+0000,0.0064735,0.0064735,0.006472,0.006472,2
2026-01-06T02:00:00+0000,0.0064755,0.0064825,0.0064755,0.0064825,6
2026-01-06T03:00:00+0000,0.0064785,0.0064825,0.0064785,0.0064825,3
2026-01-06T04:00:00+0000,0.0064825,0.0064825,0.006478,0.006478,3
2026-01-06T05:00:00+0000,0.006483,0.006483,0.006479,0.006479,3
2026-01-06T06:00:00+0000,0.00648,0.00648,0.00648,0.00648,4
2026-01-06T07:00:00+0000,0.006486,0.006486,0.0064845,0.006486,4
2026-01-06T08:00:00+0000,0.006486,0.0064885,0.006486,0.0064875,8
2026-01-06T09:00:00+0000,0.006486,0.006486,0.0064765,0.0064785,6
2026-01-06T10:00:00+0000,0.0064825,0.0064825,0.0064825,0.0064825,1
2026-01-06T12:00:00+0000,0.0064805,0.0064805,0.0064805,0.0064805,1
2026-01-06T13:00:00+0000,0.006473,0.006473,0.006472,0.006472,2
2026-01-06T14:00:00+0000,0.0064825,0.0064825,0.0064815,0.0064815,2
2026-01-06T15:00:00+0000,0.0064735,0.0064735,0.00647,0.0064715,5
2026-01-06T16:00:00+0000,0.0064725,0.0064725,0.006467,0.006467,2
2026-01-06T17:00:00+0000,0.006466,0.006466,0.006466,0.006466,1
2026-01-06T18:00:00+0000,0.006465,0.006465,0.006465,0.006465,1
2026-01-06T23:00:00+0000,0.006469,0.006469,0.006469,0.006469,1
2026-01-07T00:00:00+0000,0.006467,0.006472,0.006466,0.0064695,4
2026-01-07T02:00:00+0000,0.0064675,0.006468,0.006467,0.006467,4
2026-01-07T03:00:00+0000,0.0064735,0.0064735,0.0064735,0.0064735,1
2026-01-07T04:00:00+0000,0.0064725,0.0064745,0.0064725,0.0064745,3
2026-01-07T05:00:00+0000,0.006474,0.0064785,0.006474,0.006478,6
2026-01-07T06:00:00+0000,0.00648,0.006483,0.00648,0.0064825,10
2026-01-07T07:00:00+0000,0.0064765,0.006477,0.0064765,0.0064765,4
2026-01-07T08:00:00+0000,0.0064735,0.0064735,0.0064735,0.0064735,1
2026-01-07T09:00:00+0000,0.006473,0.006473,0.006473,0.006473,1
2026-01-07T12:00:00+0000,0.006474,0.006474,0.006474,0.006474,1
2026-01-07T13:00:00+0000,0.0064735,0.006481,0.00647,0.006481,4
2026-01-07T14:00:00+0000,0.0064775,0.0064775,0.0064755,0.0064755,2
2026-01-07T15:00:00+0000,0.0064695,0.006472,0.006469,0.006469,4
2026-01-07T18:00:00+0000,0.006471,0.006471,0.006471,0.006471,1
2026-01-07T19:00:00+0000,0.0064675,0.0064675,0.0064675,0.0064675,1
2026-01-08T01:00:00+0000,0.00646,0.00646,0.006458,0.006458,2
2026-01-08T02:00:00+0000,0.0064555,0.0064555,0.0064555,0.0064555,1
2026-01-08T05:00:00+0000,0.006465,0.006465,0.006465,0.006465,1
2026-01-08T06:00:00+0000,0.006469,0.0064735,0.006469,0.0064715,7
2026-01-08T07:00:00+0000,0.006473,0.006474,0.006473,0.006474,9
2026-01-08T08:00:00+0000,0.006475,0.006475,0.006465,0.006465,9
2026-01-08T10:00:00+0000,0.006466,0.006466,0.006466,0.006466,1
2026-01-08T11:00:00+0000,0.006466,0.006466,0.0064625,0.0064625,3
2026-01-08T13:00:00+0000,0.0064645,0.006465,0.006458,0.006458,9
2026-01-08T14:00:00+0000,0.0064545,0.0064545,0.0064525,0.0064535,9
2026-01-08T15:00:00+0000,0.0064545,0.0064545,0.0064545,0.0064545,1
2026-01-08T16:00:00+0000,0.0064585,0.0064585,0.0064535,0.0064585,8
2026-01-08T17:00:00+0000,0.0064605,0.0064605,0.006458,0.006458,18
2026-01-08T19:00:00+0000,0.006456,0.006456,0.006456,0.006456,1
2026-01-08T23:00:00+0000,0.006458,0.006458,0.006458,0.006458,1
2026-01-09T02:00:00+0000,0.006443,0.006443,0.006443,0.006443,1
2026-01-09T03:00:00+0000,0.006445,0.006445,0.006443,0.006444,10
2026-01-09T04:00:00+0000,0.006441,0.006443,0.006441,0.006443,3
2026-01-09T05:00:00+0000,0.0064375,0.0064375,0.006436,0.006436,3
2026-01-09T06:00:00+0000,0.0064365,0.0064365,0.006435,0.0064355,5
2026-01-09T07:00:00+0000,0.0064355,0.0064355,0.006429,0.00643,4
2026-01-09T08:00:00+0000,0.006429,0.006429,0.006427,0.0064285,8
2026-01-09T09:00:00+0000,0.006425,0.006425,0.0064235,0.0064235,5
2026-01-09T10:00:00+0000,0.006423,0.0064255,0.006422,0.0064255,6
2026-01-09T12:00:00+0000,0.0064275,0.0064275,0.0064235,0.0064255,57
2026-01-09T13:00:00+0000,0.006429,0.0064335,0.006429,0.006433,10
2026-01-09T14:00:00+0000,0.006433,0.006433,0.0064115,0.006412,20
2026-01-09T15:00:00+0000,0.0064185,0.0064185,0.0064065,0.006416,12
2026-01-09T16:00:00+0000,0.006414,0.006414,0.006408,0.006408,6
2026-01-09T17:00:00+0000,0.006409,0.006412,0.006409,0.006412,3
2026-01-09T18:00:00+0000,0.0064105,0.0064165,0.0064105,0.006416,8
2026-01-09T19:00:00+0000,0.0064165,0.0064165,0.0064165,0.0064165,1
2026-01-09T20:00:00+0000,0.006416,0.006416,0.006416,0.006416,1
2026-01-09T21:00:00+0000,0.006417,0.0064175,0.006417,0.0064175,32
2026-01-11T23:00:00+0000,0.0064145,0.0064145,0.0064045,0.006405,5
2026-01-12T00:00:00+0000,0.006417,0.0064305,0.006417,0.0064305,4
2026-01-12T01:00:00+0000,0.0064295,0.0064295,0.006422,0.0064225,5
2026-01-12T02:00:00+0000,0.006422,0.006422,0.0064115,0.0064115,3
2026-01-12T03:00:00+0000,0.00641,0.00641,0.00641,0.00641,2
2026-01-12T06:00:00+0000,0.00641,0.006411,0.00641,0.006411,3
2026-01-12T08:00:00+0000,0.0064185,0.0064245,0.0064175,0.006421,27
2026-01-12T09:00:00+0000,0.0064165,0.0064165,0.0064165,0.0064165,1
2026-01-12T10:00:00+0000,0.006416,0.006416,0.006414,0.006414,3
2026-01-12T11:00:00+0000,0.006416,0.006416,0.006416,0.006416,1
2026-01-12T12:00:00+0000,0.006416,0.006419,0.006416,0.006419,4
2026-01-12T13:00:00+0000,0.0064225,0.0064235,0.006419,0.006419,3
2026-01-12T14:00:00+0000,0.006419,0.006419,0.006415,0.006415,5
2026-01-12T15:00:00+0000,0.006416,0.006416,0.006416,0.006416,3
2026-01-12T16:00:00+0000,0.0064085,0.0064085,0.006406,0.006406,3
2026-01-12T17:00:00+0000,0.0064055,0.0064055,0.0064055,0.0064055,1
2026-01-12T18:00:00+0000,0.006408,0.0064085,0.006408,0.0064085,2
2026-01-12T19:00:00+0000,0.0064075,0.006408,0.0064065,0.006408,35
2026-01-12T20:00:00+0000,0.006406,0.0064075,0.006406,0.006406,3
2026-01-13T00:00:00+0000,0.006402,0.006402,0.006401,0.006401,18
2026-01-13T01:00:00+0000,0.006402,0.006402,0.006392,0.006392,50
2026-01-13T02:00:00+0000,0.006392,0.006394,0.0063845,0.0063845,11
2026-01-13T03:00:00+0000,0.0063835,0.006384,0.006379,0.00638,27
2026-01-13T04:00:00+0000,0.0063785,0.0063845,0.006377,0.006378,15
2026-01-13T05:00:00+0000,0.0063805,0.0063805,0.0063795,0.0063795,4
2026-01-13T06:00:00+0000,0.006376,0.006376,0.006373,0.0063745,4
2026-01-13T07:00:00+0000,0.0063755,0.006377,0.0063755,0.006376,4
2026-01-13T08:00:00+0000,0.0063735,0.0063765,0.00637,0.00637,12
2026-01-13T09:00:00+0000,0.0063745,0.0063745,0.0063745,0.0063745,4
2026-01-13T11:00:00+0000,0.006375,0.006375,0.006375,0.006375,2
2026-01-13T12:00:00+0000,0.0063755,0.0063755,0.0063755,0.0063755,1
2026-01-13T13:00:00+0000,0.0063775,0.006386,0.0063775,0.0063775,4
2026-01-13T14:00:00+0000,0.0063775,0.0063785,0.006371,0.006375,174
2026-01-13T15:00:00+0000,0.0063685,0.006375,0.0063685,0.006373,7
2026-01-13T16:00:00+0000,0.0063735,0.0063735,0.006365,0.006365,4
2026-01-13T17:00:00+0000,0.006367,0.006368,0.006367,0.006368,4
2026-01-13T18:00:00+0000,0.006368,0.0063695,0.006368,0.0063695,19
2026-01-13T19:00:00+0000,0.006367,0.006367,0.0063665,0.0063665,6
2026-01-13T20:00:00+0000,0.0063665,0.0063665,0.0063665,0.0063665,1
2026-01-13T21:00:00+0000,0.0063655,0.0063655,0.0063655,0.0063655,1
2026-01-13T23:00:00+0000,0.0063625,0.0063625,0.0063625,0.0063625,6
2026-01-14T00:00:00+0000,0.00636,0.006364,0.0063595,0.006364,3
2026-01-14T01:00:00+0000,0.00636,0.006361,0.00636,0.006361,2
2026-01-14T02:00:00+0000,0.006356,0.006361,0.006356,0.006361,3
2026-01-14T04:00:00+0000,0.0063605,0.0063605,0.0063605,0.0063605,4
2026-01-14T05:00:00+0000,0.006363,0.006363,0.006358,0.0063585,18
2026-01-14T06:00:00+0000,0.0063615,0.0063615,0.0063585,0.0063585,5
2026-01-14T08:00:00+0000,0.006368,0.006373,0.006367,0.006373,14
2026-01-14T09:00:00+0000,0.006373,0.00638,0.006373,0.0063755,26
2026-01-14T10:00:00+0000,0.006379,0.006385,0.006379,0.006385,7
2026-01-14T11:00:00+0000,0.0063805,0.0063805,0.0063805,0.0063805,2
2026-01-14T12:00:00+0000,0.0063955,0.0064,0.006383,0.006383,10
2026-01-14T13:00:00+0000,0.006383,0.0063885,0.006383,0.0063845,4
2026-01-14T14:00:00+0000,0.0063915,0.006402,0.0063915,0.006402,15
2026-01-14T15:00:00+0000,0.0064,0.006402,0.0064,0.006402,6
2026-01-14T16:00:00+0000,0.006405,0.006405,0.0063995,0.0064045,8
2026-01-14T17:00:00+0000,0.006406,0.006406,0.0063995,0.0063995,3
2026-01-14T18:00:00+0000,0.006398,0.006398,0.006393,0.006393,5
2026-01-14T20:00:00+0000,0.0063875,0.0063875,0.0063875,0.0063875,1
2026-01-14T21:00:00+0000,0.0063895,0.0063895,0.0063895,0.0063895,1
2026-01-14T23:00:00+0000,0.006397,0.006397,0.006397,0.006397,1
2026-01-15T00:00:00+0000,0.006388,0.006388,0.006388,0.006388,1
2026-01-15T03:00:00+0000,0.006385,0.006386,0.006385,0.006386,4
2026-01-15T04:00:00+0000,0.006386,0.006386,0.006386,0.006386,1
2026-01-15T05:00:00+0000,0.0063875,0.006392,0.0063875,0.006392,14
2026-01-15T06:00:00+0000,0.0063905,0.006391,0.0063845,0.0063845,4
2026-01-15T07:00:00+0000,0.00638,0.00638,0.00638,0.00638,3
2026-01-15T08:00:00+0000,0.00638,0.006384,0.00638,0.006384,3
2026-01-15T09:00:00+0000,0.006392,0.006392,0.0063905,0.0063905,5
2026-01-15T10:00:00+0000,0.0063925,0.0063925,0.0063925,0.0063925,1
2026-01-15T13:00:00+0000,0.006384,0.006384,0.0063755,0.006376,74
2026-01-15T14:00:00+0000,0.006372,0.0063755,0.006372,0.0063755,11
2026-01-15T15:00:00+0000,0.006379,0.0063875,0.006379,0.0063875,4
2026-01-15T16:00:00+0000,0.0063855,0.0063855,0.0063855,0.0063855,2
2026-01-15T18:00:00+0000,0.0063865,0.006388,0.0063865,0.006388,3
2026-01-15T21:00:00+0000,0.0063805,0.0063805,0.0063805,0.0063805,1
2026-01-15T23:00:00+0000,0.006383,0.006383,0.0063805,0.0063805,2
2026-01-16T00:00:00+0000,0.0063855,0.0063855,0.0063855,0.0063855,1
2026-01-16T01:00:00+0000,0.0063855,0.0063855,0.0063855,0.0063855,2
2026-01-16T02:00:00+0000,0.006385,0.0064075,0.006384,0.0063965,19
2026-01-16T03:00:00+0000,0.0064,0.0064,0.0064,0.0064,1
2026-01-16T04:00:00+0000,0.0063995,0.0063995,0.006397,0.006397,3
2026-01-16T05:00:00+0000,0.006395,0.006395,0.006395,0.006395,1
2026-01-16T06:00:00+0000,0.00639,0.0063905,0.00639,0.0063905,3
2026-01-16T07:00:00+0000,0.0063955,0.0063955,0.0063955,0.0063955,1
2026-01-16T08:00:00+0000,0.006405,0.006407,0.006405,0.0064055,3
2026-01-16T10:00:00+0000,0.0064015,0.0064035,0.0064015,0.0064035,5
2026-01-16T12:00:00+0000,0.0064015,0.0064015,0.006399,0.0064015,8
2026-01-16T13:00:00+0000,0.0064025,0.0064035,0.0064025,0.0064035,3
2026-01-16T14:00:00+0000,0.0064045,0.006408,0.0064045,0.006408,2
2026-01-16T15:00:00+0000,0.0064145,0.0064145,0.0064025,0.0064035,16
2026-01-16T18:00:00+0000,0.006402,0.006402,0.006401,0.006401,7
2026-01-16T21:00:00+0000,0.0064045,0.0064045,0.0064045,0.0064045,1
2026-01-18T23:00:00+0000,0.006417,0.0064325,0.006417,0.006421,28
2026-01-19T00:00:00+0000,0.0064255,0.006426,0.0064155,0.006426,13
2026-01-19T01:00:00+0000,0.00643,0.00643,0.00642,0.00642,2
2026-01-19T02:00:00+0000,0.006416,0.006416,0.006411,0.006411,7
2026-01-19T03:00:00+0000,0.0064105,0.006413,0.0064105,0.006412,13
2026-01-19T04:00:00+0000,0.006411,0.006411,0.006411,0.006411,1
2026-01-19T05:00:00+0000,0.006417,0.006417,0.0064095,0.006412,8
2026-01-19T07:00:00+0000,0.0064165,0.006417,0.0064085,0.0064085,7
2026-01-19T08:00:00+0000,0.0064025,0.0064025,0.006401,0.006401,2
2026-01-19T09:00:00+0000,0.006402,0.006411,0.006401,0.0064085,20
2026-01-19T10:00:00+0000,0.00641,0.0064135,0.00641,0.0064135,9
2026-01-19T11:00:00+0000,0.006406,0.006406,0.006404,0.006404,4
2026-01-19T12:00:00+0000,0.0064095,0.0064095,0.0064095,0.0064095,2
2026-01-19T13:00:00+0000,0.0064095,0.0064095,0.0064095,0.0064095,1
2026-01-19T14:00:00+0000,0.0064105,0.0064105,0.0064105,0.0064105,2
2026-01-19T15:00:00+0000,0.006411,0.006411,0.006411,0.006411,1
2026-01-19T16:00:00+0000,0.006404,0.006404,0.0064025,0.0064025,6
2026-01-19T18:00:00+0000,0.0064055,0.0064055,0.0064055,0.0064055,2
2026-01-19T20:00:00+0000,0.0064025,0.0064025,0.0064025,0.0064025,1
2026-01-19T23:00:00+0000,0.0064,0.0064,0.006398,0.0064,6
2026-01-20T00:00:00+0000,0.0063985,0.006409,0.006397,0.006409,4
2026-01-20T01:00:00+0000,0.006404,0.006409,0.006401,0.006409,12
2026-01-20T02:00:00+0000,0.0064075,0.0064075,0.006405,0.0064055,11
2026-01-20T03:00:00+0000,0.0064075,0.0064075,0.0064075,0.0064075,1
2026-01-20T04:00:00+0000,0.00641,0.00641,0.006403,0.006403,8
2026-01-20T06:00:00+0000,0.006398,0.006398,0.006389,0.006389,6
2026-01-20T07:00:00+0000,0.006383,0.0063915,0.006383,0.0063915,7
2026-01-20T08:00:00+0000,0.0063975,0.006417,0.0063975,0.006417,27
2026-01-20T09:00:00+0000,0.00642,0.006423,0.006417,0.006418,13
2026-01-20T10:00:00+0000,0.006411,0.006413,0.006411,0.006413,9
2026-01-20T11:00:00+0000,0.0064125,0.0064125,0.0064115,0.006412,4
2026-01-20T12:00:00+0000,0.006416,0.006416,0.006412,0.006412,3
2026-01-20T13:00:00+0000,0.0064115,0.0064215,0.0064115,0.006413,10
2026-01-20T14:00:00+0000,0.0064145,0.006415,0.006407,0.0064095,35
2026-01-20T15:00:00+0000,0.0064045,0.00641,0.006404,0.0064095,25
2026-01-20T16:00:00+0000,0.0064095,0.00641,0.0064045,0.006406,6
2026-01-20T17:00:00+0000,0.006408,0.0064095,0.006408,0.006409,9
2026-01-20T18:00:00+0000,0.0064075,0.0064075,0.0064055,0.0064055,3
2026-01-20T19:00:00+0000,0.0064,0.0064,0.0063965,0.0063965,3
2026-01-20T20:00:00+0000,0.0063965,0.006399,0.0063965,0.006399,9
2026-01-20T21:00:00+0000,0.0064,0.006401,0.0064,0.006401,4
2026-01-21T01:00:00+0000,0.006401,0.0064125,0.006401,0.0064125,5
2026-01-21T02:00:00+0000,0.0064075,0.00641,0.006405,0.00641,11
2026-01-21T03:00:00+0000,0.0064095,0.0064095,0.0064025,0.0064025,18
2026-01-21T04:00:00+0000,0.0064025,0.0064025,0.0064025,0.0064025,2
2026-01-21T05:00:00+0000,0.0063995,0.0063995,0.0063985,0.0063985,2
2026-01-21T06:00:00+0000,0.006397,0.0063995,0.006397,0.0063995,2
2026-01-21T07:00:00+0000,0.0064,0.0064065,0.0064,0.0064065,2
2026-01-21T08:00:00+0000,0.00641,0.006412,0.006408,0.006411,10
2026-01-21T09:00:00+0000,0.0064125,0.0064125,0.006408,0.006408,2
2026-01-21T10:00:00+0000,0.006404,0.006404,0.006404,0.006404,1
2026-01-21T11:00:00+0000,0.006403,0.0064085,0.006403,0.0064085,4
2026-01-21T12:00:00+0000,0.0064115,0.0064165,0.0064115,0.006414,3
2026-01-21T13:00:00+0000,0.006414,0.006414,0.0064095,0.0064125,6
2026-01-21T14:00:00+0000,0.0064045,0.006407,0.0064,0.0064,16
2026-01-21T15:00:00+0000,0.0064015,0.0064015,0.0063955,0.006398,5
2026-01-21T16:00:00+0000,0.006398,0.006401,0.006398,0.0064005,4
2026-01-21T17:00:00+0000,0.0063995,0.0063995,0.006398,0.006398,5
2026-01-21T18:00:00+0000,0.0063975,0.006398,0.006397,0.006398,5
2026-01-21T19:00:00+0000,0.0063975,0.0063985,0.006387,0.0063905,263
2026-01-21T20:00:00+0000,0.006388,0.0063895,0.006388,0.0063895,2
2026-01-21T23:00:00+0000,0.006391,0.0063915,0.0063875,0.0063875,11
2026-01-22T00:00:00+0000,0.006387,0.006387,0.006387,0.006387,1
2026-01-22T01:00:00+0000,0.006393,0.006393,0.006393,0.006393,2
2026-01-22T02:00:00+0000,0.0063885,0.0063885,0.0063855,0.0063855,6
2026-01-22T03:00:00+0000,0.0063845,0.0063865,0.006381,0.006382,6
2026-01-22T04:00:00+0000,0.0063775,0.0063795,0.0063765,0.0063765,11
2026-01-22T05:00:00+0000,0.0063765,0.0063775,0.006376,0.006376,4
2026-01-22T06:00:00+0000,0.0063735,0.006374,0.00637,0.006373,47
2026-01-22T07:00:00+0000,0.00637,0.0063725,0.0063695,0.0063725,6
2026-01-22T08:00:00+0000,0.006375,0.006375,0.006373,0.006373,5
2026-01-22T10:00:00+0000,0.006378,0.006378,0.006374,0.006377,13
2026-01-22T11:00:00+0000,0.006377,0.00638,0.006377,0.00638,7
2026-01-22T12:00:00+0000,0.0063815,0.0063815,0.0063745,0.0063745,13
2026-01-22T13:00:00+0000,0.006365,0.0063785,0.00636,0.0063765,18
2026-01-22T14:00:00+0000,0.006378,0.0063815,0.006375,0.006381,91
2026-01-22T15:00:00+0000,0.006379,0.00639,0.006379,0.00639,21
2026-01-22T16:00:00+0000,0.0063895,0.006394,0.0063895,0.006393,29
2026-01-22T17:00:00+0000,0.00639,0.006395,0.00639,0.0063925,27
2026-01-22T18:00:00+0000,0.006392,0.006392,0.0063915,0.0063915,4
2026-01-22T19:00:00+0000,0.0063865,0.0063865,0.0063865,0.0063865,2
2026-01-22T23:00:00+0000,0.006388,0.006388,0.006388,0.006388,3
2026-01-23T01:00:00+0000,0.0063815,0.0063815,0.00638,0.00638,5
2026-01-23T02:00:00+0000,0.006377,0.0063805,0.006377,0.0063805,13
2026-01-23T03:00:00+0000,0.0063795,0.006382,0.006374,0.00638,101
2026-01-23T04:00:00+0000,0.0063795,0.006381,0.0063775,0.006381,13
2026-01-23T05:00:00+0000,0.00638,0.0063835,0.00638,0.006381,13
2026-01-23T06:00:00+0000,0.0063805,0.0063805,0.0063705,0.0063705,10
2026-01-23T07:00:00+0000,0.0063675,0.006428,0.0063565,0.006388,100
2026-01-23T08:00:00+0000,0.0063895,0.0063935,0.006384,0.0063935,34
2026-01-23T09:00:00+0000,0.0064,0.006408,0.0064,0.0064025,15
2026-01-23T10:00:00+0000,0.0064,0.0064,0.006396,0.006396,3
2026-01-23T11:00:00+0000,0.0063925,0.006395,0.0063925,0.006395,115
2026-01-23T13:00:00+0000,0.0063975,0.0064,0.0063935,0.0063935,63
2026-01-23T14:00:00+0000,0.0063935,0.0063935,0.0063915,0.006392,5
2026-01-23T15:00:00+0000,0.006395,0.0063985,0.006394,0.0063985,5
2026-01-23T16:00:00+0000,0.0063995,0.0064265,0.0063995,0.006419,152
2026-01-23T17:00:00+0000,0.006424,0.006478,0.006424,0.0064715,118
2026-01-23T18:00:00+0000,0.006471,0.006481,0.0064625,0.006481,43
2026-01-23T19:00:00+0000,0.006484,0.006498,0.006476,0.006495,28
2026-01-23T20:00:00+0000,0.0064895,0.006498,0.006488,0.006494,166
2026-01-23T21:00:00+0000,0.0065,0.0065,0.0065,0.0065,1
2026-01-25T23:00:00+0000,0.0065405,0.006549,0.00652,0.0065205,23
2026-01-26T00:00:00+0000,0.00652,0.006536,0.006515,0.0065345,50
2026-01-26T01:00:00+0000,0.006541,0.006555,0.006531,0.0065515,83
2026-01-26T02:00:00+0000,0.006551,0.006573,0.006551,0.006567,358
2026-01-26T03:00:00+0000,0.00657,0.00657,0.0065565,0.0065595,109
2026-01-26T04:00:00+0000,0.006562,0.006577,0.0065585,0.006568,148
2026-01-26T05:00:00+0000,0.006567,0.0065705,0.0065645,0.0065645,39
2026-01-26T06:00:00+0000,0.006564,0.0065665,0.006551,0.0065665,27
2026-01-26T07:00:00+0000,0.00656,0.0065725,0.006556,0.006556,125
2026-01-26T08:00:00+0000,0.006558,0.00659,0.006558,0.006577,48
2026-01-26T09:00:00+0000,0.00657,0.0065895,0.0065645,0.0065855,36
2026-01-26T10:00:00+0000,0.0065825,0.00659,0.006577,0.0065875,8
2026-01-26T11:00:00+0000,0.0065875,0.0065945,0.006578,0.0065815,52
2026-01-26T12:00:00+0000,0.006574,0.006574,0.0065625,0.0065625,29
2026-01-26T13:00:00+0000,0.006564,0.0065675,0.0065575,0.006566,32
2026-01-26T14:00:00+0000,0.0065655,0.006582,0.0065655,0.006581,19
2026-01-26T15:00:00+0000,0.006582,0.006583,0.006575,0.006579,43
2026-01-26T16:00:00+0000,0.006573,0.0065755,0.0065685,0.0065755,28
2026-01-26T17:00:00+0000,0.0065755,0.0065755,0.0065645,0.0065705,37
2026-01-26T18:00:00+0000,0.00657,0.0065725,0.006569,0.006569,19
2026-01-26T19:00:00+0000,0.0065615,0.006567,0.0065585,0.006567,62
2026-01-26T20:00:00+0000,0.0065685,0.006573,0.0065655,0.006566,17
2026-01-26T21:00:00+0000,0.006561,0.006561,0.0065585,0.0065585,42
2026-01-26T23:00:00+0000,0.006558,0.006558,0.006552,0.006554,10
2026-01-27T00:00:00+0000,0.006563,0.006563,0.006556,0.006556,2
2026-01-27T01:00:00+0000,0.006554,0.006555,0.006552,0.006555,5
2026-01-27T02:00:00+0000,0.006555,0.0065645,0.006553,0.0065625,23
2026-01-27T03:00:00+0000,0.0065575,0.0065575,0.0065495,0.0065495,8
2026-01-27T04:00:00+0000,0.006551,0.006551,0.0065435,0.006544,15
2026-01-27T05:00:00+0000,0.0065445,0.0065475,0.0065445,0.006547,6
2026-01-27T06:00:00+0000,0.0065465,0.0065465,0.0065435,0.0065435,6
2026-01-27T07:00:00+0000,0.006547,0.006547,0.006537,0.006537,4
2026-01-27T08:00:00+0000,0.006537,0.0065375,0.006537,0.0065375,2
2026-01-27T09:00:00+0000,0.0065395,0.0066,0.0065395,0.006581,128
2026-01-27T10:00:00+0000,0.00657,0.006583,0.006566,0.006578,32
2026-01-27T11:00:00+0000,0.006581,0.0065855,0.00658,0.0065845,9
2026-01-27T12:00:00+0000,0.0065835,0.0066005,0.0065835,0.006597,31
2026-01-27T13:00:00+0000,0.006601,0.006611,0.006595,0.0066,313
2026-01-27T14:00:00+0000,0.006599,0.006612,0.0065965,0.006601,76
2026-01-27T15:00:00+0000,0.0066115,0.006616,0.006598,0.006602,36
2026-01-27T16:00:00+0000,0.006601,0.00661,0.006601,0.0066065,22
2026-01-27T17:00:00+0000,0.0066085,0.0066275,0.006606,0.0066265,35
2026-01-27T18:00:00+0000,0.0066265,0.0066295,0.006618,0.006625,15
2026-01-27T19:00:00+0000,0.006621,0.006621,0.006621,0.006621,2
2026-01-27T20:00:00+0000,0.006625,0.006651,0.0066205,0.0066465,215
2026-01-27T21:00:00+0000,0.006637,0.0066475,0.0066365,0.0066435,15
2026-01-27T23:00:00+0000,0.0066415,0.0066415,0.0066285,0.006636,30
2026-01-28T00:00:00+0000,0.006625,0.006634,0.006625,0.006626,25
2026-01-28T01:00:00+0000,0.0066245,0.0066245,0.0066125,0.0066125,28
2026-01-28T02:00:00+0000,0.006613,0.006618,0.0066105,0.006618,17
2026-01-28T03:00:00+0000,0.0066195,0.0066265,0.0066195,0.0066235,57
2026-01-28T04:00:00+0000,0.0066225,0.0066295,0.00662,0.0066295,28
2026-01-28T05:00:00+0000,0.0066305,0.006633,0.0066235,0.0066265,30
2026-01-28T06:00:00+0000,0.006624,0.006629,0.006624,0.006626,12
2026-01-28T07:00:00+0000,0.0066375,0.0066375,0.006624,0.006625,32
2026-01-28T08:00:00+0000,0.0066265,0.0066355,0.006623,0.006623,19
2026-01-28T09:00:00+0000,0.0066235,0.0066285,0.006622,0.0066255,72
2026-01-28T10:00:00+0000,0.0066275,0.006638,0.0066255,0.0066345,19
2026-01-28T11:00:00+0000,0.006627,0.006628,0.0066245,0.0066255,11
2026-01-28T12:00:00+0000,0.006635,0.006637,0.0066285,0.0066285,20
2026-01-28T13:00:00+0000,0.0066275,0.006628,0.006622,0.006622,22
2026-01-28T14:00:00+0000,0.0066165,0.0066245,0.006613,0.006619,38
2026-01-28T15:00:00+0000,0.0066195,0.0066195,0.006581,0.0065915,424
2026-01-28T16:00:00+0000,0.006592,0.006592,0.006579,0.006585,107
2026-01-28T17:00:00+0000,0.006583,0.0065875,0.006579,0.0065875,49
2026-01-28T18:00:00+0000,0.006586,0.0065865,0.006576,0.006576,9
2026-01-28T19:00:00+0000,0.0065805,0.0065865,0.0065705,0.0065845,15
2026-01-28T20:00:00+0000,0.0065915,0.006597,0.0065885,0.0065965,98
2026-01-28T21:00:00+0000,0.006599,0.006599,0.006592,0.006595,29
2026-01-28T23:00:00+0000,0.0065965,0.006609,0.0065965,0.006609,6
2026-01-29T00:00:00+0000,0.006608,0.0066195,0.006606,0.0066065,352
2026-01-29T01:00:00+0000,0.006601,0.006601,0.006597,0.0066,12
2026-01-29T02:00:00+0000,0.0065965,0.0066065,0.0065935,0.0066045,23
2026-01-29T03:00:00+0000,0.006608,0.006613,0.006606,0.006613,29
2026-01-29T04:00:00+0000,0.0066135,0.0066135,0.0066,0.0066105,59
2026-01-29T05:00:00+0000,0.006612,0.006612,0.0066075,0.0066075,6
2026-01-29T06:00:00+0000,0.006604,0.006611,0.006604,0.0066105,9
2026-01-29T07:00:00+0000,0.0066075,0.0066075,0.0066075,0.0066075,1
2026-01-29T09:00:00+0000,0.006599,0.006603,0.0065945,0.0065945,16
2026-01-29T10:00:00+0000,0.006593,0.006593,0.0065915,0.0065915,6
2026-01-29T11:00:00+0000,0.006591,0.0065915,0.006591,0.0065915,3
2026-01-29T12:00:00+0000,0.006591,0.006598,0.006591,0.006596,10
2026-01-29T13:00:00+0000,0.0066,0.0066,0.006595,0.006595,4
2026-01-29T14:00:00+0000,0.006594,0.0066075,0.006594,0.0066075,18
2026-01-29T15:00:00+0000,0.006606,0.006623,0.006588,0.0066125,68
2026-01-29T16:00:00+0000,0.0066175,0.006621,0.0066085,0.006615,103
2026-01-29T17:00:00+0000,0.006615,0.006616,0.006613,0.006614,59
2026-01-29T18:00:00+0000,0.006606,0.0066065,0.0066035,0.0066065,11
2026-01-29T19:00:00+0000,0.0066025,0.006605,0.0066025,0.006605,2
2026-01-29T20:00:00+0000,0.0066025,0.006607,0.0066025,0.006607,3
2026-01-29T21:00:00+0000,0.0066035,0.0066035,0.0066035,0.0066035,1
2026-01-29T23:00:00+0000,0.0066085,0.006611,0.0066035,0.0066035,5
2026-01-30T00:00:00+0000,0.0066,0.0066,0.0065845,0.006585,35
2026-01-30T01:00:00+0000,0.00658,0.0065835,0.006578,0.006578,34
2026-01-30T02:00:00+0000,0.006573,0.00658,0.006569,0.00657,82
2026-01-30T03:00:00+0000,0.006573,0.006573,0.0065675,0.0065675,9
2026-01-30T04:00:00+0000,0.006567,0.006567,0.006567,0.006567,2
2026-01-30T05:00:00+0000,0.006567,0.006573,0.0065615,0.006569,10
2026-01-30T06:00:00+0000,0.006572,0.006572,0.006569,0.0065695,5
2026-01-30T07:00:00+0000,0.0065735,0.0065775,0.006565,0.0065775,20
2026-01-30T08:00:00+0000,0.0065725,0.0065725,0.0065685,0.0065685,4
2026-01-30T09:00:00+0000,0.006556,0.006556,0.006554,0.006555,5
2026-01-30T10:00:00+0000,0.006552,0.0065625,0.006552,0.0065605,13
2026-01-30T11:00:00+0000,0.0065645,0.006566,0.006564,0.0065655,8
2026-01-30T12:00:00+0000,0.0065725,0.0065725,0.006563,0.006563,16
2026-01-30T13:00:00+0000,0.006567,0.006567,0.006552,0.006552,40
2026-01-30T14:00:00+0000,0.006553,0.0065535,0.0065445,0.006545,46
2026-01-30T15:00:00+0000,0.006546,0.0065565,0.006536,0.0065565,132
2026-01-30T16:00:00+0000,0.006556,0.006558,0.00655,0.006552,58
2026-01-30T17:00:00+0000,0.006549,0.006549,0.0065445,0.0065465,25
2026-01-30T18:00:00+0000,0.006542,0.006552,0.006542,0.0065505,19
2026-01-30T19:00:00+0000,0.006549,0.006549,0.0065405,0.0065405,53
2026-01-30T20:00:00+0000,0.0065395,0.0065395,0.006538,0.006538,6
2026-01-30T21:00:00+0000,0.0065345,0.006535,0.0065325,0.0065325,10
2026-02-01T23:00:00+0000,0.0065115,0.0065175,0.0065025,0.006514,50
2026-02-02T00:00:00+0000,0.0065195,0.0065275,0.006512,0.006512,8
2026-02-02T01:00:00+0000,0.006513,0.0065235,0.006513,0.0065235,8
2026-02-02T02:00:00+0000,0.0065235,0.0065235,0.0065175,0.0065175,17
2026-02-02T03:00:00+0000,0.0065185,0.0065265,0.006518,0.0065265,14
2026-02-02T04:00:00+0000,0.006525,0.006533,0.006525,0.006531,20
2026-02-02T05:00:00+0000,0.0065295,0.006533,0.006527,0.0065325,6
2026-02-02T06:00:00+0000,0.0065285,0.00654,0.0065285,0.00654,37
2026-02-02T07:00:00+0000,0.0065375,0.0065375,0.0065265,0.006527,11
2026-02-02T08:00:00+0000,0.006527,0.0065275,0.006522,0.006522,13
2026-02-02T09:00:00+0000,0.0065265,0.006532,0.006526,0.006532,8
2026-02-02T10:00:00+0000,0.006532,0.006532,0.006532,0.006532,2
2026-02-02T11:00:00+0000,0.0065325,0.0065325,0.0065325,0.0065325,2
2026-02-02T12:00:00+0000,0.006535,0.006535,0.0065245,0.0065245,2
2026-02-02T13:00:00+0000,0.0065255,0.0065255,0.006511,0.0065155,29
2026-02-02T14:00:00+0000,0.0065125,0.006516,0.0065075,0.006511,10
2026-02-02T15:00:00+0000,0.006502,0.0065025,0.0064945,0.0064955,65
2026-02-02T16:00:00+0000,0.006495,0.006502,0.006495,0.0064995,8
2026-02-02T17:00:00+0000,0.006501,0.0065015,0.006501,0.0065015,2
2026-02-02T18:00:00+0000,0.006499,0.006499,0.0064925,0.006495,18
2026-02-02T19:00:00+0000,0.0064935,0.0064965,0.0064905,0.006496,19
2026-02-02T20:00:00+0000,0.006496,0.0064965,0.006496,0.0064965,2
2026-02-02T21:00:00+0000,0.006499,0.006499,0.006499,0.006499,1
2026-02-03T01:00:00+0000,0.0065,0.0065025,0.0065,0.0065025,6
2026-02-03T02:00:00+0000,0.006502,0.0065035,0.0065015,0.006502,6
2026-02-03T03:00:00+0000,0.006501,0.006505,0.006501,0.006504,8
2026-02-03T04:00:00+0000,0.0065045,0.0065125,0.0065045,0.0065075,305
2026-02-03T05:00:00+0000,0.006505,0.006505,0.006504,0.006505,11
2026-02-03T06:00:00+0000,0.006506,0.0065065,0.006502,0.0065065,12
2026-02-03T07:00:00+0000,0.006509,0.006509,0.0065065,0.0065065,3
2026-02-03T08:00:00+0000,0.006506,0.006506,0.0065005,0.006503,10
2026-02-03T09:00:00+0000,0.0064985,0.006499,0.006487,0.006487,32
2026-02-03T10:00:00+0000,0.0064865,0.0064885,0.006486,0.006486,17
2026-02-03T11:00:00+0000,0.006483,0.006485,0.0064825,0.006485,4
2026-02-03T12:00:00+0000,0.0064855,0.0064855,0.0064835,0.006484,13
2026-02-03T13:00:00+0000,0.0064865,0.006489,0.0064865,0.0064865,22
2026-02-03T14:00:00+0000,0.006481,0.006488,0.0064775,0.006486,38
2026-02-03T15:00:00+0000,0.0064845,0.0064885,0.006484,0.006488,20
2026-02-03T16:00:00+0000,0.006492,0.0064935,0.00649,0.006492,8
2026-02-03T17:00:00+0000,0.0064935,0.0065,0.006492,0.006492,22
2026-02-03T18:00:00+0000,0.0064925,0.0064925,0.00649,0.0064905,5
2026-02-03T19:00:00+0000,0.0064905,0.0064905,0.006489,0.0064895,5
2026-02-03T23:00:00+0000,0.0064875,0.0064875,0.0064875,0.0064875,15
2026-02-04T00:00:00+0000,0.006485,0.006485,0.0064785,0.006479,16
2026-02-04T01:00:00+0000,0.0064755,0.0064765,0.0064755,0.0064765,7
2026-02-04T02:00:00+0000,0.0064745,0.0064745,0.006469,0.006469,28
2026-02-04T03:00:00+0000,0.0064685,0.006469,0.0064645,0.0064665,25
2026-02-04T04:00:00+0000,0.0064655,0.0064695,0.0064655,0.0064695,18
2026-02-04T05:00:00+0000,0.0064675,0.0064685,0.0064675,0.0064685,2
2026-02-04T06:00:00+0000,0.0064675,0.006469,0.0064635,0.0064645,17
2026-02-04T07:00:00+0000,0.0064655,0.006466,0.0064625,0.0064635,12
2026-02-04T08:00:00+0000,0.006461,0.0064625,0.0064595,0.0064605,12
2026-02-04T09:00:00+0000,0.0064605,0.006462,0.006453,0.006453,18
2026-02-04T10:00:00+0000,0.0064525,0.006453,0.006447,0.00645,24
2026-02-04T11:00:00+0000,0.006446,0.0064485,0.006446,0.0064485,3
2026-02-04T12:00:00+0000,0.0064485,0.0064535,0.0064485,0.0064535,28
2026-02-04T13:00:00+0000,0.0064565,0.0064595,0.0064495,0.0064595,187
2026-02-04T14:00:00+0000,0.0064605,0.0064625,0.006457,0.0064625,12
2026-02-04T15:00:00+0000,0.0064625,0.006465,0.006452,0.0064525,23
2026-02-04T16:00:00+0000,0.006452,0.006454,0.00645,0.006451,9
2026-02-04T17:00:00+0000,0.0064555,0.0064585,0.0064535,0.0064535,22
2026-02-04T18:00:00+0000,0.006451,0.006451,0.0064485,0.0064485,7
2026-02-04T19:00:00+0000,0.006446,0.0064465,0.0064435,0.006446,12
2026-02-04T20:00:00+0000,0.0064445,0.0064445,0.0064415,0.006443,3
2026-02-04T23:00:00+0000,0.0064415,0.0064435,0.00644,0.00644,3
2026-02-05T00:00:00+0000,0.0064395,0.0064485,0.0064395,0.006445,5
2026-02-05T01:00:00+0000,0.0064415,0.0064425,0.00644,0.00644,156
2026-02-05T02:00:00+0000,0.0064435,0.006445,0.00644,0.00644,18
2026-02-05T03:00:00+0000,0.0064405,0.006449,0.0064405,0.0064445,13
2026-02-05T04:00:00+0000,0.006444,0.006444,0.006444,0.006444,2
2026-02-05T05:00:00+0000,0.006443,0.006443,0.00644,0.00644,7
2026-02-05T06:00:00+0000,0.00644,0.0064415,0.006438,0.006438,9
2026-02-05T07:00:00+0000,0.006433,0.006433,0.0064315,0.006432,6
2026-02-05T08:00:00+0000,0.0064335,0.0064335,0.006433,0.0064335,4
2026-02-05T09:00:00+0000,0.006435,0.006435,0.0064225,0.0064225,16
2026-02-05T10:00:00+0000,0.006423,0.0064285,0.006423,0.006428,6
2026-02-05T11:00:00+0000,0.0064305,0.0064315,0.0064305,0.0064305,9
2026-02-05T12:00:00+0000,0.006426,0.0064405,0.006426,0.0064405,12
2026-02-05T13:00:00+0000,0.0064415,0.006457,0.0064415,0.006453,130
2026-02-05T14:00:00+0000,0.0064525,0.0064525,0.0064405,0.0064405,6
2026-02-05T15:00:00+0000,0.006451,0.006454,0.0064435,0.0064435,52
2026-02-05T16:00:00+0000,0.006444,0.006444,0.0064375,0.0064385,9
2026-02-05T17:00:00+0000,0.0064425,0.0064435,0.0064425,0.0064435,2
2026-02-05T18:00:00+0000,0.006441,0.0064415,0.006441,0.0064415,3
2026-02-05T19:00:00+0000,0.0064395,0.006445,0.0064395,0.006445,3
2026-02-05T20:00:00+0000,0.0064395,0.0064395,0.006436,0.006436,3
2026-02-05T21:00:00+0000,0.006434,0.006434,0.006434,0.006434,8
2026-02-05T23:00:00+0000,0.006436,0.006443,0.006436,0.006442,4
2026-02-06T00:00:00+0000,0.006451,0.006451,0.006444,0.006444,12
2026-02-06T01:00:00+0000,0.0064495,0.006456,0.006447,0.00645,14
2026-02-06T02:00:00+0000,0.0064445,0.0064455,0.0064435,0.0064455,17
2026-02-06T03:00:00+0000,0.006446,0.006446,0.006446,0.006446,2
2026-02-06T04:00:00+0000,0.00645,0.00645,0.00645,0.00645,1
2026-02-06T05:00:00+0000,0.006451,0.0064515,0.0064485,0.0064485,3
2026-02-06T06:00:00+0000,0.006443,0.006443,0.00644,0.006441,7
2026-02-06T07:00:00+0000,0.006443,0.006443,0.006442,0.006442,3
2026-02-06T08:00:00+0000,0.0064385,0.0064445,0.0064385,0.00644,6
2026-02-06T09:00:00+0000,0.006436,0.006436,0.006434,0.006434,8
2026-02-06T11:00:00+0000,0.006435,0.006435,0.00643,0.0064335,9
2026-02-06T13:00:00+0000,0.006432,0.006439,0.0064315,0.006438,20
2026-02-06T14:00:00+0000,0.00644,0.006444,0.0064395,0.0064435,36
2026-02-06T15:00:00+0000,0.006433,0.0064365,0.006432,0.0064365,3
2026-02-06T16:00:00+0000,0.006432,0.006434,0.006432,0.006434,2
2026-02-06T17:00:00+0000,0.0064325,0.0064335,0.0064325,0.0064335,2
2026-02-06T18:00:00+0000,0.006433,0.006433,0.006432,0.006432,15
2026-02-06T19:00:00+0000,0.006432,0.006432,0.0064305,0.0064305,7
2026-02-06T20:00:00+0000,0.006431,0.006431,0.006431,0.006431,2
2026-02-06T21:00:00+0000,0.006432,0.006432,0.00643,0.00643,5
2026-02-08T23:00:00+0000,0.0064125,0.006426,0.00641,0.006425,31
2026-02-09T00:00:00+0000,0.006424,0.006443,0.006424,0.0064405,38
2026-02-09T01:00:00+0000,0.006444,0.006465,0.006444,0.0064535,30
2026-02-09T02:00:00+0000,0.006445,0.006445,0.00644,0.0064445,4
2026-02-09T03:00:00+0000,0.006441,0.006443,0.006441,0.006443,6
2026-02-09T04:00:00+0000,0.006445,0.006449,0.006445,0.006449,5
2026-02-09T05:00:00+0000,0.0064515,0.006455,0.0064515,0.006455,25
2026-02-09T06:00:00+0000,0.0064565,0.006461,0.0064565,0.00646,29
2026-02-09T07:00:00+0000,0.00646,0.006461,0.00645,0.00645,5
2026-02-09T08:00:00+0000,0.006453,0.006453,0.0064475,0.0064475,2
2026-02-09T09:00:00+0000,0.0064505,0.00646,0.0064505,0.0064595,18
2026-02-09T10:00:00+0000,0.0064515,0.0064515,0.0064515,0.0064515,3
2026-02-09T11:00:00+0000,0.0064565,0.006458,0.0064565,0.006457,11
2026-02-09T12:00:00+0000,0.006457,0.006462,0.006456,0.0064615,12
2026-02-09T13:00:00+0000,0.0064615,0.006475,0.0064615,0.006472,58
2026-02-09T14:00:00+0000,0.00648,0.0064955,0.00648,0.0064905,85
2026-02-09T15:00:00+0000,0.006491,0.006491,0.006482,0.006482,340
2026-02-09T16:00:00+0000,0.0064835,0.0064835,0.006472,0.006472,7
2026-02-09T17:00:00+0000,0.0064755,0.0064775,0.006472,0.006477,18
2026-02-09T18:00:00+0000,0.0064755,0.0064755,0.0064755,0.0064755,4
2026-02-09T19:00:00+0000,0.006487,0.0064905,0.006487,0.0064885,28
2026-02-09T20:00:00+0000,0.0064865,0.0064865,0.006482,0.006482,7
2026-02-09T23:00:00+0000,0.0064765,0.0064765,0.00647,0.00647,7
2026-02-10T00:00:00+0000,0.006468,0.006469,0.006465,0.006467,6
2026-02-10T01:00:00+0000,0.0064765,0.0064865,0.0064765,0.0064855,20
2026-02-10T02:00:00+0000,0.0064865,0.006502,0.0064845,0.006502,54
2026-02-10T03:00:00+0000,0.006502,0.0065115,0.006502,0.0065075,110
2026-02-10T04:00:00+0000,0.006512,0.006512,0.006508,0.006508,8
2026-02-10T05:00:00+0000,0.006508,0.006514,0.006508,0.006513,8
2026-02-10T06:00:00+0000,0.0065035,0.0065055,0.0065005,0.0065005,34
2026-02-10T07:00:00+0000,0.0064985,0.0064985,0.0064945,0.006495,5
2026-02-10T08:00:00+0000,0.0064965,0.0064965,0.006494,0.006494,7
2026-02-10T09:00:00+0000,0.006503,0.006507,0.006503,0.0065065,58
2026-02-10T10:00:00+0000,0.0065065,0.006513,0.0065065,0.006512,19
2026-02-10T11:00:00+0000,0.006507,0.006507,0.006506,0.006506,15
2026-02-10T12:00:00+0000,0.006508,0.006514,0.006506,0.006506,5
2026-02-10T13:00:00+0000,0.0065125,0.006528,0.006511,0.006527,35
2026-02-10T14:00:00+0000,0.006533,0.00655,0.0065315,0.006546,154
2026-02-10T15:00:00+0000,0.006546,0.0065565,0.006541,0.0065565,45
2026-02-10T16:00:00+0000,0.0065495,0.0065565,0.0065495,0.006551,62
2026-02-10T17:00:00+0000,0.006552,0.006552,0.006545,0.0065465,48
2026-02-10T18:00:00+0000,0.006543,0.006543,0.0065375,0.006539,20
2026-02-10T19:00:00+0000,0.006539,0.006546,0.006539,0.0065455,40
2026-02-10T20:00:00+0000,0.006546,0.006546,0.006546,0.006546,1
2026-02-10T21:00:00+0000,0.006546,0.006546,0.006546,0.006546,1
2026-02-10T23:00:00+0000,0.00654,0.0065405,0.0065385,0.0065385,6
2026-02-11T00:00:00+0000,0.0065385,0.0065595,0.0065385,0.0065555,21
2026-02-11T01:00:00+0000,0.00656,0.0065665,0.0065585,0.0065605,32
2026-02-11T02:00:00+0000,0.0065635,0.006574,0.0065635,0.006572,28
2026-02-11T03:00:00+0000,0.006575,0.006579,0.006575,0.006579,152
2026-02-11T04:00:00+0000,0.006579,0.0065875,0.0065785,0.0065875,24
2026-02-11T05:00:00+0000,0.006587,0.006603,0.006587,0.006601,39
2026-02-11T06:00:00+0000,0.0066055,0.006611,0.006596,0.0065975,39
2026-02-11T07:00:00+0000,0.0065965,0.006597,0.006591,0.006591,25
2026-02-11T08:00:00+0000,0.0065985,0.0065985,0.006596,0.006596,10
2026-02-11T09:00:00+0000,0.006588,0.006588,0.0065855,0.0065855,4
2026-02-11T10:00:00+0000,0.006594,0.0065945,0.0065885,0.0065885,27
2026-02-11T11:00:00+0000,0.006587,0.0065885,0.006581,0.006582,33
2026-02-11T12:00:00+0000,0.00658,0.00658,0.006575,0.006579,37
2026-02-11T13:00:00+0000,0.0065755,0.006605,0.0065365,0.006571,352
2026-02-11T14:00:00+0000,0.006567,0.006587,0.0065655,0.006582,74
2026-02-11T15:00:00+0000,0.006588,0.0065945,0.006575,0.006576,92
2026-02-11T16:00:00+0000,0.0065855,0.006605,0.0065805,0.006605,110
2026-02-11T17:00:00+0000,0.006609,0.006623,0.006608,0.006616,78
2026-02-11T18:00:00+0000,0.006611,0.0066205,0.0066065,0.0066205,40
2026-02-11T19:00:00+0000,0.0066115,0.006613,0.006605,0.006605,29
2026-02-11T20:00:00+0000,0.006605,0.0066055,0.006594,0.006594,14
2026-02-11T21:00:00+0000,0.006594,0.006594,0.0065915,0.006592,9
2026-02-11T23:00:00+0000,0.0065915,0.0065935,0.00659,0.00659,15
2026-02-12T00:00:00+0000,0.0065945,0.006597,0.006582,0.0065925,101
2026-02-12T01:00:00+0000,0.0065975,0.0066085,0.0065965,0.0066085,74
2026-02-12T02:00:00+0000,0.0066105,0.0066215,0.0066105,0.0066215,43
2026-02-12T03:00:00+0000,0.0066225,0.0066325,0.0066175,0.006618,64
2026-02-12T04:00:00+0000,0.0066205,0.006625,0.0066085,0.0066085,35
2026-02-12T05:00:00+0000,0.006607,0.006607,0.006594,0.0065965,43
2026-02-12T06:00:00+0000,0.006597,0.006603,0.006579,0.00659,300
2026-02-12T07:00:00+0000,0.0065895,0.0066015,0.0065895,0.0066005,8
2026-02-12T08:00:00+0000,0.006603,0.006608,0.006603,0.006608,39
2026-02-12T09:00:00+0000,0.006605,0.006608,0.0066035,0.006607,11
2026-02-12T10:00:00+0000,0.0066045,0.0066045,0.006596,0.0065975,28
2026-02-12T11:00:00+0000,0.0065935,0.006594,0.00659,0.00659,20
2026-02-12T12:00:00+0000,0.006587,0.006587,0.006571,0.006571,55
2026-02-12T13:00:00+0000,0.006571,0.006591,0.006571,0.00659,33
2026-02-12T14:00:00+0000,0.00659,0.0066005,0.0065885,0.006595,18
2026-02-12T15:00:00+0000,0.0066005,0.0066155,0.0065995,0.0066155,62
2026-02-12T16:00:00+0000,0.00662,0.0066235,0.006611,0.006615,241
2026-02-12T17:00:00+0000,0.006618,0.006618,0.006607,0.0066075,158
2026-02-12T18:00:00+0000,0.0066095,0.00661,0.0066035,0.0066035,10
2026-02-12T19:00:00+0000,0.006604,0.006605,0.006604,0.0066045,21
2026-02-12T21:00:00+0000,0.006614,0.006614,0.006611,0.006611,12
2026-02-12T23:00:00+0000,0.0066125,0.0066125,0.0066075,0.0066075,11
2026-02-13T00:00:00+0000,0.006609,0.006612,0.006606,0.0066075,20
2026-02-13T01:00:00+0000,0.00661,0.00661,0.0065865,0.0065885,29
2026-02-13T02:00:00+0000,0.006588,0.006597,0.0065875,0.006595,26
2026-02-13T03:00:00+0000,0.006595,0.006605,0.006595,0.006605,24
2026-02-13T04:00:00+0000,0.0066025,0.0066025,0.006596,0.006596,9
2026-02-13T05:00:00+0000,0.00659,0.0065945,0.0065845,0.006588,11
2026-02-13T06:00:00+0000,0.006591,0.006595,0.0065885,0.0065885,65
2026-02-13T07:00:00+0000,0.00658,0.0065845,0.006577,0.006584,21
2026-02-13T08:00:00+0000,0.006585,0.006585,0.006575,0.00658,16
2026-02-13T09:00:00+0000,0.006577,0.006581,0.006573,0.0065805,55
2026-02-13T10:00:00+0000,0.0065795,0.0065815,0.0065785,0.0065815,11
2026-02-13T11:00:00+0000,0.0065845,0.00659,0.0065845,0.00659,17
2026-02-13T12:00:00+0000,0.006588,0.00659,0.0065875,0.00659,22
2026-02-13T13:00:00+0000,0.0065905,0.0066015,0.006588,0.0066015,38
2026-02-13T14:00:00+0000,0.006601,0.006608,0.006597,0.006598,59
2026-02-13T15:00:00+0000,0.0065975,0.006603,0.006595,0.006596,78
2026-02-13T16:00:00+0000,0.006596,0.00661,0.0065925,0.00661,45
2026-02-13T17:00:00+0000,0.0066125,0.006618,0.0066085,0.0066125,16
2026-02-13T18:00:00+0000,0.0066095,0.0066095,0.0066095,0.0066095,5
2026-02-13T19:00:00+0000,0.0066095,0.0066115,0.006609,0.0066105,32
2026-02-13T20:00:00+0000,0.00661,0.0066145,0.006609,0.006612,38
2026-02-13T21:00:00+0000,0.0066155,0.006617,0.0066145,0.0066145,32
2026-02-15T23:00:00+0000,0.006617,0.0066175,0.0066085,0.0066085,53
2026-02-16T00:00:00+0000,0.006598,0.0065985,0.006598,0.0065985,25
2026-02-16T01:00:00+0000,0.006597,0.006597,0.0065965,0.006597,4
2026-02-16T02:00:00+0000,0.006597,0.006601,0.006597,0.006601,26
2026-02-16T03:00:00+0000,0.006598,0.006598,0.006598,0.006598,1
2026-02-16T04:00:00+0000,0.006596,0.006596,0.006591,0.0065915,33
2026-02-16T05:00:00+0000,0.0065905,0.0065915,0.00659,0.006591,9
2026-02-16T06:00:00+0000,0.0065965,0.0065965,0.0065965,0.0065965,1
2026-02-16T07:00:00+0000,0.0065845,0.0065865,0.0065835,0.0065835,13
2026-02-16T08:00:00+0000,0.006584,0.006584,0.006583,0.006583,3
2026-02-16T09:00:00+0000,0.006583,0.006583,0.0065745,0.006577,56
2026-02-16T10:00:00+0000,0.006577,0.006578,0.006575,0.006578,34
2026-02-16T11:00:00+0000,0.0065795,0.006582,0.006578,0.006582,26
2026-02-16T12:00:00+0000,0.006584,0.006584,0.0065835,0.0065835,2
2026-02-16T13:00:00+0000,0.006583,0.006587,0.0065825,0.006587,15
2026-02-16T14:00:00+0000,0.0065885,0.0065885,0.0065835,0.0065835,2
2026-02-16T15:00:00+0000,0.0065845,0.0065875,0.0065845,0.006586,5
2026-02-16T16:00:00+0000,0.00658,0.0065805,0.006577,0.0065795,13
2026-02-16T17:00:00+0000,0.0065785,0.0065785,0.0065785,0.0065785,1
2026-02-16T19:00:00+0000,0.006578,0.0065785,0.006578,0.0065785,5
2026-02-16T20:00:00+0000,0.0065795,0.0065795,0.0065795,0.0065795,2
2026-02-16T21:00:00+0000,0.0065785,0.0065785,0.0065785,0.0065785,3
2026-02-16T23:00:00+0000,0.0065725,0.0065725,0.00657,0.006571,13
2026-02-17T00:00:00+0000,0.006581,0.00659,0.0065795,0.0065885,35
2026-02-17T01:00:00+0000,0.006584,0.006584,0.006584,0.006584,2
2026-02-17T02:00:00+0000,0.0065935,0.0065975,0.006592,0.006592,29
2026-02-17T03:00:00+0000,0.006596,0.006599,0.006594,0.006594,19
2026-02-17T04:00:00+0000,0.006592,0.0066,0.006591,0.0065965,20
2026-02-17T05:00:00+0000,0.0065985,0.006604,0.0065985,0.006602,33
2026-02-17T06:00:00+0000,0.006605,0.0066055,0.0066025,0.006605,9
2026-02-17T07:00:00+0000,0.0066005,0.006607,0.006598,0.006598,16
2026-02-17T08:00:00+0000,0.0065955,0.0066095,0.0065925,0.0066095,18
2026-02-17T09:00:00+0000,0.0066085,0.0066085,0.006605,0.006605,2
2026-02-17T10:00:00+0000,0.0066065,0.0066065,0.0066065,0.0066065,5
2026-02-17T11:00:00+0000,0.0066005,0.0066005,0.0066005,0.0066005,5
2026-02-17T12:00:00+0000,0.006592,0.0065925,0.006592,0.006592,6
2026-02-17T13:00:00+0000,0.006598,0.006598,0.006585,0.006588,39
2026-02-17T14:00:00+0000,0.006585,0.006585,0.006578,0.006578,19
2026-02-17T15:00:00+0000,0.00658,0.00658,0.0065615,0.006564,112
2026-02-17T16:00:00+0000,0.006568,0.0065785,0.006568,0.0065785,9
2026-02-17T17:00:00+0000,0.0065755,0.0065805,0.0065755,0.0065805,13
2026-02-17T18:00:00+0000,0.0065825,0.0065855,0.0065825,0.0065855,15
2026-02-17T19:00:00+0000,0.006587,0.0065905,0.006584,0.0065905,58
2026-02-17T20:00:00+0000,0.0065895,0.0065915,0.006589,0.006589,5
2026-02-17T21:00:00+0000,0.006589,0.006589,0.0065875,0.0065875,6
2026-02-17T23:00:00+0000,0.0065885,0.0065885,0.006587,0.006587,3
2026-02-18T00:00:00+0000,0.0065955,0.006596,0.006592,0.0065955,45
2026-02-18T01:00:00+0000,0.0065845,0.0065845,0.006581,0.006581,9
2026-02-18T02:00:00+0000,0.00658,0.00658,0.00657,0.006574,58
2026-02-18T03:00:00+0000,0.006576,0.006578,0.006574,0.0065775,210
2026-02-18T04:00:00+0000,0.0065735,0.006576,0.0065735,0.006574,8
2026-02-18T05:00:00+0000,0.0065735,0.0065765,0.0065735,0.0065765,4
2026-02-18T07:00:00+0000,0.006581,0.006581,0.00657,0.0065725,36
2026-02-18T08:00:00+0000,0.0065695,0.0065745,0.006568,0.006568,26
2026-02-18T09:00:00+0000,0.0065715,0.0065715,0.0065665,0.0065665,4
2026-02-18T10:00:00+0000,0.0065695,0.0065695,0.0065635,0.0065635,9
2026-02-18T11:00:00+0000,0.0065675,0.00657,0.006567,0.00657,11
2026-02-18T12:00:00+0000,0.006568,0.0065765,0.006568,0.0065715,75
2026-02-18T13:00:00+0000,0.006572,0.0065735,0.0065595,0.0065595,41
2026-02-18T14:00:00+0000,0.006559,0.00656,0.0065385,0.0065405,683
2026-02-18T15:00:00+0000,0.0065405,0.0065455,0.0065405,0.006541,52
2026-02-18T16:00:00+0000,0.006545,0.006545,0.0065365,0.0065365,14
2026-02-18T17:00:00+0000,0.006538,0.0065385,0.006532,0.0065325,122
2026-02-18T18:00:00+0000,0.006531,0.006531,0.006524,0.0065245,55
2026-02-18T19:00:00+0000,0.006525,0.006543,0.0065205,0.006527,192
2026-02-18T20:00:00+0000,0.006526,0.006526,0.006522,0.0065225,52
2026-02-18T21:00:00+0000,0.0065235,0.0065235,0.006522,0.006522,10
2026-02-18T23:00:00+0000,0.006525,0.006525,0.006523,0.006523,13
2026-02-19T00:00:00+0000,0.006523,0.0065245,0.006522,0.006524,31
2026-02-19T01:00:00+0000,0.006523,0.006525,0.0065135,0.0065135,103
2026-02-19T02:00:00+0000,0.0065125,0.006522,0.006512,0.0065125,37
2026-02-19T03:00:00+0000,0.0065125,0.006513,0.006501,0.006505,119
2026-02-19T04:00:00+0000,0.006507,0.006508,0.0065005,0.006508,81
2026-02-19T05:00:00+0000,0.006505,0.006508,0.006499,0.0065,152
2026-02-19T06:00:00+0000,0.0065005,0.006514,0.0064985,0.006514,160
2026-02-19T07:00:00+0000,0.00651,0.006512,0.006505,0.006512,48
2026-02-19T08:00:00+0000,0.006513,0.0065235,0.006513,0.0065235,66
2026-02-19T09:00:00+0000,0.0065185,0.0065225,0.006518,0.006521,19
2026-02-19T10:00:00+0000,0.0065235,0.0065265,0.00652,0.0065265,35
2026-02-19T11:00:00+0000,0.006526,0.0065295,0.0065245,0.006528,31
2026-02-19T12:00:00+0000,0.0065315,0.0065315,0.0065215,0.0065215,20
2026-02-19T13:00:00+0000,0.006517,0.0065205,0.006513,0.0065165,40
2026-02-19T14:00:00+0000,0.006516,0.006516,0.0065025,0.006503,115
2026-02-19T15:00:00+0000,0.006511,0.006513,0.006506,0.006513,16
2026-02-19T16:00:00+0000,0.006516,0.0065165,0.006514,0.006515,57
2026-02-19T17:00:00+0000,0.0065135,0.0065135,0.0065115,0.006512,61
2026-02-19T18:00:00+0000,0.006515,0.006518,0.006515,0.006518,8
2026-02-19T19:00:00+0000,0.0065205,0.0065205,0.006508,0.00651,25
2026-02-19T20:00:00+0000,0.0065085,0.0065085,0.0065085,0.0065085,1
2026-02-19T21:00:00+0000,0.006511,0.0065135,0.00651,0.0065135,9
2026-02-19T23:00:00+0000,0.006513,0.006515,0.0065065,0.006507,20
2026-02-20T00:00:00+0000,0.0065075,0.006516,0.006504,0.0065115,49
2026-02-20T01:00:00+0000,0.006508,0.006509,0.0065,0.006506,138
2026-02-20T02:00:00+0000,0.006506,0.0065075,0.006503,0.006503,12
2026-02-20T03:00:00+0000,0.0065075,0.006508,0.006507,0.006507,12
2026-02-20T04:00:00+0000,0.006507,0.0065095,0.006503,0.006503,12
2026-02-20T05:00:00+0000,0.006502,0.0065035,0.006499,0.0064995,26
2026-02-20T06:00:00+0000,0.006499,0.006506,0.0064965,0.0065055,17
2026-02-20T07:00:00+0000,0.006506,0.006514,0.006491,0.006491,261
2026-02-20T08:00:00+0000,0.006491,0.0064985,0.006487,0.006487,100
2026-02-20T09:00:00+0000,0.0064875,0.0064965,0.0064855,0.0064965,37
2026-02-20T10:00:00+0000,0.0064965,0.006504,0.0064965,0.006504,9
2026-02-20T11:00:00+0000,0.006505,0.006505,0.0065015,0.006505,32
2026-02-20T12:00:00+0000,0.006503,0.006504,0.0065,0.006502,19
2026-02-20T13:00:00+0000,0.006505,0.006513,0.006494,0.0064945,246
2026-02-20T14:00:00+0000,0.0064955,0.006502,0.00649,0.0064975,72
2026-02-20T15:00:00+0000,0.0064945,0.0065205,0.0064905,0.0065175,355
2026-02-20T16:00:00+0000,0.0065185,0.006523,0.006509,0.0065115,282
2026-02-20T17:00:00+0000,0.006511,0.006513,0.006504,0.006513,63
2026-02-20T18:00:00+0000,0.0065175,0.006518,0.0065175,0.006518,5
2026-02-20T19:00:00+0000,0.00651,0.00651,0.006505,0.006507,66
2026-02-20T20:00:00+0000,0.006507,0.0065125,0.006507,0.0065095,15
2026-02-20T21:00:00+0000,0.0065105,0.0065135,0.0065085,0.0065085,12
2026-02-22T23:00:00+0000,0.006518,0.0065405,0.006518,0.0065405,43
2026-02-23T00:00:00+0000,0.00654,0.006552,0.00654,0.006552,38
2026-02-23T01:00:00+0000,0.006552,0.0065545,0.006544,0.006546,53
2026-02-23T02:00:00+0000,0.006547,0.0065515,0.006544,0.006544,113
2026-02-23T03:00:00+0000,0.006542,0.006542,0.006538,0.0065385,9
2026-02-23T04:00:00+0000,0.006542,0.006544,0.006539,0.006539,9
2026-02-23T05:00:00+0000,0.0065385,0.0065385,0.006535,0.0065375,12
2026-02-23T06:00:00+0000,0.006538,0.0065445,0.006538,0.006539,13
2026-02-23T07:00:00+0000,0.0065315,0.006534,0.006529,0.006534,68
2026-02-23T08:00:00+0000,0.006528,0.00653,0.006524,0.006524,11
2026-02-23T09:00:00+0000,0.006525,0.006525,0.00652,0.00652,17
2026-02-23T10:00:00+0000,0.00652,0.0065205,0.006518,0.0065205,5
2026-02-23T11:00:00+0000,0.006522,0.006522,0.006515,0.0065155,14
2026-02-23T12:00:00+0000,0.006515,0.006517,0.006512,0.006514,95
2026-02-23T13:00:00+0000,0.006518,0.006526,0.006518,0.006526,15
2026-02-23T14:00:00+0000,0.006525,0.0065285,0.006524,0.0065265,34
2026-02-23T15:00:00+0000,0.0065345,0.006539,0.006534,0.006539,22
2026-02-23T16:00:00+0000,0.006536,0.006543,0.0065355,0.0065405,79
2026-02-23T17:00:00+0000,0.0065385,0.00654,0.006538,0.006538,7
2026-02-23T18:00:00+0000,0.006537,0.006537,0.00653,0.006533,30
2026-02-23T19:00:00+0000,0.006533,0.006534,0.0065265,0.006528,31
2026-02-23T20:00:00+0000,0.0065245,0.006527,0.0065245,0.0065245,51
2026-02-23T21:00:00+0000,0.0065245,0.006525,0.006524,0.0065245,15
2026-02-23T23:00:00+0000,0.00653,0.006532,0.0065255,0.0065255,101
2026-02-24T00:00:00+0000,0.006526,0.0065275,0.0065175,0.0065175,51
2026-02-24T01:00:00+0000,0.006517,0.006517,0.006506,0.0065125,63
2026-02-24T02:00:00+0000,0.006514,0.006515,0.006507,0.006514,78
2026-02-24T03:00:00+0000,0.0065135,0.0065135,0.006508,0.006508,34
2026-02-24T04:00:00+0000,0.0065055,0.0065055,0.006499,0.0065005,47
2026-02-24T05:00:00+0000,0.006503,0.006504,0.006499,0.006503,23
2026-02-24T06:00:00+0000,0.0065065,0.00651,0.0065065,0.0065095,20
2026-02-24T07:00:00+0000,0.006512,0.006512,0.006464,0.0064655,634
2026-02-24T08:00:00+0000,0.006468,0.0064735,0.0064585,0.0064705,197
2026-02-24T09:00:00+0000,0.006472,0.0064805,0.006472,0.0064765,86
2026-02-24T10:00:00+0000,0.0064725,0.006479,0.0064725,0.0064765,14
2026-02-24T11:00:00+0000,0.0064755,0.0064815,0.006473,0.006478,20
2026-02-24T12:00:00+0000,0.0064745,0.0064755,0.00647,0.006475,20
2026-02-24T13:00:00+0000,0.006476,0.0064785,0.006467,0.0064695,166
2026-02-24T14:00:00+0000,0.006469,0.006474,0.0064645,0.006472,138
2026-02-24T15:00:00+0000,0.006473,0.006477,0.006466,0.006477,18
2026-02-24T16:00:00+0000,0.006473,0.006487,0.006473,0.006487,53
2026-02-24T17:00:00+0000,0.006485,0.006485,0.0064805,0.006482,7
2026-02-24T18:00:00+0000,0.0064825,0.0064835,0.006479,0.0064795,39
2026-02-24T19:00:00+0000,0.0064775,0.0064795,0.0064775,0.0064795,16
2026-02-24T20:00:00+0000,0.006479,0.00648,0.0064775,0.0064775,7
2026-02-24T21:00:00+0000,0.006475,0.006475,0.006474,0.006474,8
2026-02-24T23:00:00+0000,0.006476,0.0064765,0.0064755,0.0064755,6
2026-02-25T00:00:00+0000,0.0064725,0.0064815,0.0064715,0.0064815,13
2026-02-25T01:00:00+0000,0.006482,0.006485,0.0064805,0.006481,17
2026-02-25T02:00:00+0000,0.0064825,0.0064925,0.0064825,0.0064915,100
2026-02-25T03:00:00+0000,0.0064915,0.0064945,0.006468,0.0064775,119
2026-02-25T04:00:00+0000,0.0064755,0.0064815,0.00647,0.006481,27
2026-02-25T05:00:00+0000,0.0064795,0.0064865,0.006479,0.0064865,11
2026-02-25T06:00:00+0000,0.0064855,0.006489,0.0064795,0.0064795,18
2026-02-25T07:00:00+0000,0.006478,0.00648,0.006476,0.0064765,21
2026-02-25T08:00:00+0000,0.00647,0.00647,0.0064575,0.0064575,125
2026-02-25T09:00:00+0000,0.006457,0.006457,0.006443,0.006446,771
2026-02-25T10:00:00+0000,0.006443,0.0064465,0.006438,0.006438,207
2026-02-25T11:00:00+0000,0.006439,0.0064395,0.0064355,0.006436,60
2026-02-25T12:00:00+0000,0.0064395,0.0064425,0.006438,0.0064425,78
2026-02-25T13:00:00+0000,0.006442,0.0064455,0.00644,0.006442,51
2026-02-25T14:00:00+0000,0.0064415,0.0064505,0.006439,0.0064475,126
2026-02-25T15:00:00+0000,0.0064485,0.006456,0.0064485,0.0064555,132
2026-02-25T16:00:00+0000,0.006456,0.006457,0.006451,0.006457,22
2026-02-25T17:00:00+0000,0.0064565,0.0064595,0.006455,0.006455,90
2026-02-25T18:00:00+0000,0.006455,0.006455,0.006455,0.006455,3
2026-02-25T19:00:00+0000,0.006448,0.0064525,0.006448,0.006452,23
2026-02-25T20:00:00+0000,0.006452,0.0064555,0.006451,0.006451,37
2026-02-25T21:00:00+0000,0.0064515,0.0064545,0.0064515,0.0064545,20
2026-02-25T23:00:00+0000,0.0064535,0.00646,0.0064535,0.00646,21
2026-02-26T00:00:00+0000,0.0064635,0.006468,0.0064635,0.0064635,8
2026-02-26T01:00:00+0000,0.0064715,0.006472,0.00647,0.006472,94
2026-02-26T02:00:00+0000,0.006477,0.006477,0.0064655,0.006471,71
2026-02-26T03:00:00+0000,0.006471,0.0064765,0.0064685,0.0064705,52
2026-02-26T04:00:00+0000,0.0064675,0.00647,0.006464,0.00647,50
2026-02-26T05:00:00+0000,0.006473,0.00648,0.00647,0.006477,61
2026-02-26T06:00:00+0000,0.0064675,0.00647,0.0064675,0.006469,51
2026-02-26T07:00:00+0000,0.0064635,0.0064635,0.006462,0.006462,8
2026-02-26T08:00:00+0000,0.0064665,0.006471,0.0064635,0.006471,88
2026-02-26T09:00:00+0000,0.0064705,0.0064705,0.0064665,0.0064685,21
2026-02-26T10:00:00+0000,0.0064655,0.0064685,0.006465,0.0064685,16
2026-02-26T11:00:00+0000,0.0064715,0.0064715,0.0064655,0.0064655,19
2026-02-26T12:00:00+0000,0.0064655,0.0064655,0.0064635,0.006465,39
2026-02-26T13:00:00+0000,0.0064655,0.00647,0.006463,0.006464,252
2026-02-26T14:00:00+0000,0.00646,0.006473,0.0064585,0.00647,32
2026-02-26T15:00:00+0000,0.006471,0.0064745,0.0064625,0.0064665,153
2026-02-26T16:00:00+0000,0.006465,0.006465,0.0064565,0.0064615,76
2026-02-26T17:00:00+0000,0.00646,0.00646,0.006451,0.006451,61
2026-02-26T18:00:00+0000,0.0064515,0.0064545,0.00645,0.006453,97
2026-02-26T19:00:00+0000,0.006453,0.006462,0.006453,0.006462,35
2026-02-26T20:00:00+0000,0.0064625,0.0064645,0.0064625,0.0064645,23
2026-02-26T23:00:00+0000,0.0064655,0.0064725,0.0064655,0.0064725,59
2026-02-27T00:00:00+0000,0.006471,0.00648,0.0064685,0.0064785,110
2026-02-27T01:00:00+0000,0.0064735,0.0064765,0.0064685,0.0064685,31
2026-02-27T02:00:00+0000,0.006469,0.006477,0.0064685,0.006477,116
2026-02-27T03:00:00+0000,0.006477,0.0064795,0.006475,0.006477,77
2026-02-27T04:00:00+0000,0.006477,0.006486,0.0064755,0.006485,59
2026-02-27T05:00:00+0000,0.0064815,0.0064815,0.0064745,0.0064755,96
2026-02-27T06:00:00+0000,0.0064745,0.0064765,0.00647,0.006473,56
2026-02-27T07:00:00+0000,0.0064685,0.0064705,0.0064635,0.0064645,280
2026-02-27T08:00:00+0000,0.0064635,0.0064675,0.0064595,0.0064605,67
2026-02-27T09:00:00+0000,0.0064615,0.006463,0.0064575,0.006463,81
2026-02-27T10:00:00+0000,0.0064645,0.00647,0.0064645,0.0064685,38
2026-02-27T11:00:00+0000,0.006469,0.006472,0.006469,0.006471,23
2026-02-27T12:00:00+0000,0.0064715,0.0064735,0.0064695,0.0064715,14
2026-02-27T13:00:00+0000,0.0064675,0.006469,0.00646,0.00646,536
2026-02-27T14:00:00+0000,0.0064595,0.006469,0.006458,0.0064595,267
2026-02-27T15:00:00+0000,0.00646,0.006468,0.00646,0.0064635,121
2026-02-27T16:00:00+0000,0.0064645,0.0064675,0.0064625,0.0064635,105
2026-02-27T17:00:00+0000,0.006465,0.0064695,0.006462,0.006467,60
2026-02-27T18:00:00+0000,0.0064655,0.006468,0.0064645,0.006467,11
2026-02-27T19:00:00+0000,0.0064675,0.0064715,0.006466,0.006466,118
2026-02-27T20:00:00+0000,0.006468,0.006468,0.00646,0.00646,222
2026-02-27T21:00:00+0000,0.0064605,0.006466,0.0064595,0.0064615,86
2026-03-01T23:00:00+0000,0.006462,0.006462,0.0064395,0.0064405,228
2026-03-02T00:00:00+0000,0.006441,0.0064525,0.0064345,0.006451,246
2026-03-02T01:00:00+0000,0.006449,0.006458,0.0064425,0.0064575,251
2026-03-02T02:00:00+0000,0.0064585,0.0064585,0.0064485,0.006456,102
2026-03-02T03:00:00+0000,0.0064555,0.00646,0.006453,0.006453,185
2026-03-02T04:00:00+0000,0.0064515,0.006455,0.006443,0.006445,108
2026-03-02T05:00:00+0000,0.006442,0.006443,0.006431,0.0064325,516
2026-03-02T06:00:00+0000,0.006433,0.006433,0.006425,0.006431,1978
2026-03-02T07:00:00+0000,0.00643,0.0064305,0.0064245,0.006427,1400
2026-03-02T08:00:00+0000,0.006427,0.0064295,0.006416,0.006427,1513
2026-03-02T09:00:00+0000,0.006427,0.0064345,0.0064255,0.0064285,418
2026-03-02T10:00:00+0000,0.006426,0.0064345,0.006426,0.0064295,104
2026-03-02T11:00:00+0000,0.006429,0.006431,0.0064265,0.006428,87
2026-03-02T12:00:00+0000,0.006426,0.006426,0.0064095,0.0064105,381
2026-03-02T13:00:00+0000,0.006411,0.0064115,0.0064015,0.0064045,1973
2026-03-02T14:00:00+0000,0.006405,0.0064095,0.006403,0.006405,3735
2026-03-02T15:00:00+0000,0.006403,0.0064035,0.006395,0.0063955,3838
2026-03-02T16:00:00+0000,0.0063965,0.0064105,0.006395,0.006406,705
2026-03-02T17:00:00+0000,0.0064065,0.006412,0.0064065,0.006411,124
2026-03-02T18:00:00+0000,0.006411,0.0064125,0.006406,0.0064105,146
2026-03-02T19:00:00+0000,0.006411,0.0064205,0.006411,0.0064195,137
2026-03-02T20:00:00+0000,0.00642,0.006421,0.006406,0.006412,127
2026-03-02T21:00:00+0000,0.006412,0.006414,0.0064095,0.006411,54
2026-03-02T23:00:00+0000,0.0064065,0.006417,0.0064065,0.006415,40
2026-03-03T00:00:00+0000,0.0064145,0.0064175,0.0064045,0.006407,123
2026-03-03T01:00:00+0000,0.0064045,0.006414,0.0064015,0.006414,163
2026-03-03T02:00:00+0000,0.006413,0.006418,0.00641,0.006415,165
2026-03-03T03:00:00+0000,0.0064155,0.006416,0.0064105,0.006414,82
2026-03-03T04:00:00+0000,0.006414,0.006416,0.0064085,0.0064085,64
2026-03-03T05:00:00+0000,0.006408,0.0064135,0.0064075,0.0064085,171
2026-03-03T06:00:00+0000,0.0064085,0.0064165,0.006406,0.006416,505
2026-03-03T07:00:00+0000,0.006416,0.0064175,0.0064065,0.0064085,343
2026-03-03T08:00:00+0000,0.0064085,0.0064125,0.006402,0.0064045,187
2026-03-03T09:00:00+0000,0.006404,0.006406,0.006392,0.006398,715
2026-03-03T10:00:00+0000,0.0063975,0.0064005,0.0063905,0.0063915,304
2026-03-03T11:00:00+0000,0.0063915,0.0063975,0.006386,0.0063975,855
2026-03-03T12:00:00+0000,0.006397,0.0064045,0.006394,0.0064,314
2026-03-03T13:00:00+0000,0.006399,0.006401,0.0063925,0.0063935,465
2026-03-03T14:00:00+0000,0.006394,0.0063955,0.006387,0.0063955,488
2026-03-03T15:00:00+0000,0.006396,0.006401,0.0063885,0.006391,635
2026-03-03T16:00:00+0000,0.006391,0.0064005,0.006388,0.0063965,418
2026-03-03T17:00:00+0000,0.006397,0.0063975,0.0063905,0.0063915,225
2026-03-03T18:00:00+0000,0.0063915,0.006405,0.0063905,0.0063985,418
2026-03-03T19:00:00+0000,0.0064005,0.006406,0.0063925,0.006398,164
2026-03-03T20:00:00+0000,0.0063985,0.0064055,0.0063985,0.0063985,298
2026-03-03T21:00:00+0000,0.0063985,0.0063995,0.006395,0.0063975,111
2026-03-03T23:00:00+0000,0.006402,0.006403,0.006393,0.0063935,65
2026-03-04T00:00:00+0000,0.0063925,0.006405,0.00639,0.0064035,312
2026-03-04T01:00:00+0000,0.0064015,0.006403,0.006395,0.006401,213
2026-03-04T02:00:00+0000,0.006401,0.0064055,0.0064,0.006401,464
2026-03-04T03:00:00+0000,0.0064015,0.00641,0.006399,0.0064085,457
2026-03-04T04:00:00+0000,0.0064095,0.006418,0.006408,0.0064105,364
2026-03-04T05:00:00+0000,0.00641,0.0064105,0.0064,0.006401,774
2026-03-04T06:00:00+0000,0.0064015,0.0064095,0.0063985,0.006408,558
2026-03-04T07:00:00+0000,0.006407,0.006414,0.006406,0.0064065,294
2026-03-04T08:00:00+0000,0.0064075,0.0064145,0.0064035,0.0064085,131
2026-03-04T09:00:00+0000,0.00641,0.0064215,0.0064065,0.006417,335
2026-03-04T10:00:00+0000,0.0064175,0.0064305,0.0064125,0.006413,419
2026-03-04T11:00:00+0000,0.0064135,0.006422,0.006411,0.0064155,88
2026-03-04T12:00:00+0000,0.006417,0.006423,0.0064115,0.0064115,84
2026-03-04T13:00:00+0000,0.0064125,0.0064215,0.006412,0.006413,249
2026-03-04T14:00:00+0000,0.0064125,0.006416,0.006408,0.006414,421
2026-03-04T15:00:00+0000,0.0064135,0.0064205,0.006407,0.0064205,335
2026-03-04T16:00:00+0000,0.00642,0.006429,0.00642,0.0064275,572
2026-03-04T17:00:00+0000,0.006427,0.0064295,0.0064235,0.0064265,89
2026-03-04T18:00:00+0000,0.0064255,0.0064255,0.006419,0.006419,85
2026-03-04T19:00:00+0000,0.0064185,0.0064265,0.0064185,0.006425,92
2026-03-04T20:00:00+0000,0.0064255,0.006426,0.006421,0.0064215,54
2026-03-04T21:00:00+0000,0.006421,0.006425,0.0064205,0.0064235,50
2026-03-04T23:00:00+0000,0.0064215,0.006424,0.006421,0.006424,22
2026-03-05T00:00:00+0000,0.0064245,0.006442,0.006423,0.0064395,312
2026-03-05T01:00:00+0000,0.00644,0.0064455,0.0064335,0.0064335,218
2026-03-05T02:00:00+0000,0.006432,0.0064345,0.006425,0.006425,239
2026-03-05T03:00:00+0000,0.0064255,0.006427,0.00642,0.006424,113
2026-03-05T04:00:00+0000,0.006422,0.006422,0.006418,0.0064185,54
2026-03-05T05:00:00+0000,0.006417,0.006424,0.006415,0.0064155,641
2026-03-05T06:00:00+0000,0.0064165,0.006424,0.006413,0.0064215,138
2026-03-05T07:00:00+0000,0.0064225,0.0064245,0.006412,0.006413,64
2026-03-05T08:00:00+0000,0.0064125,0.006416,0.006408,0.0064105,196
2026-03-05T09:00:00+0000,0.0064115,0.0064265,0.0064115,0.006418,291
2026-03-05T10:00:00+0000,0.0064175,0.006419,0.0064105,0.006412,221
2026-03-05T11:00:00+0000,0.006411,0.006414,0.0064085,0.006409,200
2026-03-05T12:00:00+0000,0.0064085,0.006411,0.006403,0.006405,290
2026-03-05T13:00:00+0000,0.006405,0.006405,0.0063915,0.006392,664
2026-03-05T14:00:00+0000,0.0063925,0.006402,0.006392,0.0064,762
2026-03-05T15:00:00+0000,0.0064005,0.0064065,0.0063915,0.006398,521
2026-03-05T16:00:00+0000,0.0063985,0.006401,0.0063885,0.006399,470
2026-03-05T17:00:00+0000,0.0064005,0.006401,0.006389,0.006395,508
2026-03-05T18:00:00+0000,0.006395,0.0063965,0.0063895,0.0063935,278
2026-03-05T19:00:00+0000,0.0063935,0.006395,0.006389,0.00639,299
2026-03-05T20:00:00+0000,0.00639,0.006406,0.0063895,0.0064005,537
2026-03-05T21:00:00+0000,0.0064005,0.0064045,0.0064005,0.006401,222
2026-03-05T23:00:00+0000,0.0064,0.0064035,0.006397,0.0063995,320
2026-03-06T00:00:00+0000,0.0064,0.006407,0.0064,0.0064045,277
2026-03-06T01:00:00+0000,0.006404,0.006406,0.006399,0.006404,241
2026-03-06T02:00:00+0000,0.006403,0.0064045,0.0064005,0.0064025,166
2026-03-06T03:00:00+0000,0.006403,0.0064035,0.006402,0.006403,43
2026-03-06T04:00:00+0000,0.006402,0.0064025,0.0063955,0.006396,89
2026-03-06T05:00:00+0000,0.006395,0.006397,0.006387,0.0063885,808
2026-03-06T06:00:00+0000,0.006389,0.006393,0.006386,0.006393,509
2026-03-06T07:00:00+0000,0.0063925,0.006401,0.006392,0.006401,224
2026-03-06T08:00:00+0000,0.006401,0.0064025,0.006396,0.006396,275
2026-03-06T09:00:00+0000,0.006395,0.006395,0.006386,0.0063885,472
2026-03-06T10:00:00+0000,0.006388,0.0063915,0.0063865,0.006388,212
2026-03-06T11:00:00+0000,0.0063875,0.0063885,0.0063825,0.0063845,406
2026-03-06T12:00:00+0000,0.0063845,0.006388,0.0063785,0.006382,609
2026-03-06T13:00:00+0000,0.0063835,0.006406,0.0063835,0.006388,890
2026-03-06T14:00:00+0000,0.006387,0.0063965,0.0063785,0.0063955,743
2026-03-06T15:00:00+0000,0.0063965,0.0064005,0.0063925,0.006399,639
2026-03-06T16:00:00+0000,0.0063985,0.0064015,0.006395,0.006398,273
2026-03-06T17:00:00+0000,0.006397,0.006398,0.0063885,0.00639,426
2026-03-06T18:00:00+0000,0.0063905,0.0063975,0.006388,0.0063895,104
2026-03-06T19:00:00+0000,0.0063895,0.0063925,0.006387,0.006388,381
2026-03-06T20:00:00+0000,0.0063875,0.0063885,0.0063845,0.0063865,77
2026-03-06T21:00:00+0000,0.0063865,0.0063905,0.0063865,0.00639,140
2026-03-08T22:00:00+0000,0.00638,0.00638,0.006362,0.006371,620
2026-03-08T23:00:00+0000,0.00637,0.006374,0.006363,0.0063655,591
2026-03-09T00:00:00+0000,0.0063655,0.0063695,0.0063545,0.0063565,1792
2026-03-09T01:00:00+0000,0.006356,0.0063595,0.0063515,0.0063545,3621
2026-03-09T02:00:00+0000,0.006355,0.006357,0.006352,0.0063545,2766
2026-03-09T03:00:00+0000,0.0063545,0.006356,0.0063465,0.006348,2357
2026-03-09T04:00:00+0000,0.006348,0.0063565,0.0063475,0.0063535,1230
2026-03-09T05:00:00+0000,0.006354,0.0063695,0.0063525,0.006367,2345
2026-03-09T06:00:00+0000,0.0063675,0.0063675,0.006357,0.006359,640
2026-03-09T07:00:00+0000,0.0063575,0.006366,0.0063565,0.0063635,1581
2026-03-09T08:00:00+0000,0.006364,0.006368,0.006355,0.006357,1083
2026-03-09T09:00:00+0000,0.0063565,0.0063745,0.0063565,0.0063655,1423
2026-03-09T10:00:00+0000,0.006365,0.0063675,0.00636,0.0063635,1549
2026-03-09T11:00:00+0000,0.0063645,0.006367,0.0063625,0.0063635,514
2026-03-09T12:00:00+0000,0.006364,0.0063685,0.0063585,0.00636,498
2026-03-09T13:00:00+0000,0.00636,0.006375,0.0063595,0.006369,3376
2026-03-09T14:00:00+0000,0.00637,0.0063705,0.006361,0.006367,796
2026-03-09T15:00:00+0000,0.0063675,0.0063825,0.0063675,0.006379,918
2026-03-09T16:00:00+0000,0.0063795,0.0063835,0.0063735,0.006377,831
2026-03-09T17:00:00+0000,0.006377,0.006378,0.0063685,0.0063685,646
2026-03-09T18:00:00+0000,0.0063685,0.006372,0.0063655,0.006366,542
2026-03-09T19:00:00+0000,0.006366,0.006397,0.006366,0.006388,1527
2026-03-09T20:00:00+0000,0.006388,0.006397,0.0063865,0.0063945,504
2026-03-09T22:00:00+0000,0.0063975,0.006398,0.006385,0.0063885,904
2026-03-09T23:00:00+0000,0.0063885,0.006392,0.006384,0.006387,533
2026-03-10T00:00:00+0000,0.006387,0.0063995,0.006384,0.006398,687
2026-03-10T01:00:00+0000,0.0063975,0.0064005,0.0063905,0.0063965,1604
2026-03-10T02:00:00+0000,0.006397,0.0063975,0.006388,0.0063885,5965
2026-03-10T03:00:00+0000,0.0063885,0.006389,0.006385,0.0063865,233
2026-03-10T04:00:00+0000,0.006385,0.0063905,0.006384,0.00639,209
2026-03-10T05:00:00+0000,0.00639,0.006396,0.00639,0.0063955,204
2026-03-10T06:00:00+0000,0.0063955,0.0064025,0.0063955,0.006399,605
2026-03-10T07:00:00+0000,0.006399,0.006411,0.0063975,0.006409,858
2026-03-10T08:00:00+0000,0.006409,0.0064095,0.0063925,0.0063935,1250
2026-03-10T09:00:00+0000,0.006393,0.0063995,0.0063925,0.006395,579
2026-03-10T10:00:00+0000,0.0063945,0.0063945,0.006386,0.0063905,641
2026-03-10T11:00:00+0000,0.00639,0.006396,0.0063875,0.006389,408
2026-03-10T12:00:00+0000,0.0063885,0.0063905,0.006382,0.006389,666
2026-03-10T13:00:00+0000,0.006389,0.006395,0.006387,0.0063885,1327
2026-03-10T14:00:00+0000,0.0063875,0.0063955,0.006385,0.006394,1189
2026-03-10T15:00:00+0000,0.006394,0.0063995,0.006391,0.006398,1475
2026-03-10T16:00:00+0000,0.006398,0.0064,0.006393,0.006399,772
2026-03-10T17:00:00+0000,0.006399,0.0064055,0.006395,0.006397,1450
2026-03-10T18:00:00+0000,0.0063965,0.006397,0.006382,0.0063865,1970
2026-03-10T19:00:00+0000,0.0063865,0.006387,0.0063755,0.0063795,1110
2026-03-10T20:00:00+0000,0.0063795,0.0063815,0.006378,0.0063785,176
2026-03-10T22:00:00+0000,0.0063785,0.006379,0.0063735,0.006374,369
2026-03-10T23:00:00+0000,0.006374,0.0063785,0.006373,0.0063765,272
2026-03-11T00:00:00+0000,0.006377,0.006384,0.0063715,0.006373,1536
2026-03-11T01:00:00+0000,0.006373,0.0063735,0.006367,0.0063695,1271
2026-03-11T02:00:00+0000,0.0063695,0.0063715,0.0063645,0.006369,756
2026-03-11T03:00:00+0000,0.0063685,0.006374,0.0063685,0.0063735,691
2026-03-11T04:00:00+0000,0.0063725,0.0063765,0.0063705,0.0063765,404
2026-03-11T05:00:00+0000,0.0063765,0.006378,0.0063735,0.0063735,726
2026-03-11T06:00:00+0000,0.0063735,0.006386,0.0063735,0.0063805,661
2026-03-11T07:00:00+0000,0.0063805,0.0063815,0.006369,0.006371,1230
2026-03-11T08:00:00+0000,0.006371,0.006372,0.0063625,0.006364,1112
2026-03-11T09:00:00+0000,0.006364,0.006366,0.00636,0.006361,2380
2026-03-11T10:00:00+0000,0.006361,0.00637,0.0063605,0.006369,857
2026-03-11T11:00:00+0000,0.006369,0.0063705,0.0063605,0.0063605,757
2026-03-11T12:00:00+0000,0.00636,0.0063675,0.006355,0.0063555,1867
2026-03-11T13:00:00+0000,0.0063555,0.0063615,0.006354,0.006361,2012
2026-03-11T14:00:00+0000,0.006361,0.006368,0.0063525,0.0063525,3919
2026-03-11T15:00:00+0000,0.006353,0.0063535,0.006345,0.006347,5632
2026-03-11T16:00:00+0000,0.006347,0.0063495,0.0063455,0.0063465,3361
2026-03-11T17:00:00+0000,0.006347,0.0063475,0.006341,0.006346,1773
2026-03-11T18:00:00+0000,0.0063465,0.0063465,0.0063425,0.006343,2708
2026-03-11T19:00:00+0000,0.006343,0.006344,0.0063415,0.0063425,1042
2026-03-11T20:00:00+0000,0.006343,0.006344,0.006341,0.0063425,750
2026-03-11T22:00:00+0000,0.006342,0.0063435,0.0063385,0.006339,1130
2026-03-11T23:00:00+0000,0.0063395,0.0063405,0.006333,0.006335,1507
2026-03-12T00:00:00+0000,0.0063355,0.0063415,0.006329,0.00634,3491
2026-03-12T01:00:00+0000,0.0063395,0.006347,0.0063395,0.0063445,1987
2026-03-12T02:00:00+0000,0.0063445,0.0063455,0.006335,0.0063365,2100
2026-03-12T03:00:00+0000,0.0063365,0.0063395,0.006336,0.0063375,1469
2026-03-12T04:00:00+0000,0.006338,0.006338,0.006333,0.006334,717
2026-03-12T05:00:00+0000,0.006334,0.0063395,0.0063335,0.006334,1897
2026-03-12T06:00:00+0000,0.006334,0.0063435,0.006334,0.006343,1897
2026-03-12T07:00:00+0000,0.0063425,0.0063475,0.006339,0.0063475,1375
2026-03-12T08:00:00+0000,0.006347,0.006352,0.0063415,0.006343,2550
2026-03-12T09:00:00+0000,0.0063435,0.00635,0.006341,0.006349,1604
2026-03-12T10:00:00+0000,0.0063485,0.006351,0.006346,0.00635,1245
2026-03-12T11:00:00+0000,0.00635,0.0063565,0.006349,0.006351,1678
2026-03-12T12:00:00+0000,0.0063515,0.0063515,0.006341,0.0063425,2342
2026-03-12T13:00:00+0000,0.006343,0.0063465,0.0063365,0.0063395,2393
2026-03-12T14:00:00+0000,0.0063395,0.006341,0.006331,0.006332,4414
2026-03-12T15:00:00+0000,0.006332,0.006335,0.006327,0.0063305,4660
2026-03-12T16:00:00+0000,0.0063305,0.006334,0.0063275,0.0063305,2897
2026-03-12T17:00:00+0000,0.0063305,0.0063345,0.006326,0.0063265,1301
2026-03-12T18:00:00+0000,0.006327,0.006328,0.006322,0.0063225,3313
2026-03-12T19:00:00+0000,0.006323,0.0063265,0.006322,0.006324,1963
2026-03-12T20:00:00+0000,0.006324,0.0063275,0.0063225,0.0063235,478
2026-03-12T22:00:00+0000,0.006321,0.0063285,0.00632,0.006328,1767
2026-03-12T23:00:00+0000,0.0063275,0.006331,0.006324,0.006329,2157
2026-03-13T00:00:00+0000,0.0063295,0.006338,0.006329,0.006335,7598
2026-03-13T01:00:00+0000,0.0063355,0.0063375,0.0063275,0.006328,3639
2026-03-13T02:00:00+0000,0.006328,0.006331,0.006324,0.006327,4297
2026-03-13T03:00:00+0000,0.006327,0.0063285,0.006322,0.006325,3632
2026-03-13T04:00:00+0000,0.0063245,0.0063255,0.006312,0.006319,6256
2026-03-13T05:00:00+0000,0.006319,0.006326,0.006319,0.006322,3386
2026-03-13T06:00:00+0000,0.0063215,0.006326,0.0063205,0.0063215,3297
2026-03-13T07:00:00+0000,0.0063215,0.006325,0.006317,0.006322,6472
2026-03-13T08:00:00+0000,0.006322,0.006326,0.006318,0.0063255,8217
2026-03-13T09:00:00+0000,0.006326,0.0063285,0.0063185,0.0063195,6234
2026-03-13T10:00:00+0000,0.0063195,0.0063255,0.006319,0.0063225,3491
2026-03-13T11:00:00+0000,0.006323,0.006327,0.006321,0.006327,5024
2026-03-13T12:00:00+0000,0.0063275,0.0063305,0.006321,0.0063255,8159
2026-03-13T13:00:00+0000,0.0063255,0.0063385,0.006324,0.006335,13104
2026-03-13T14:00:00+0000,0.006336,0.006336,0.0063235,0.006324,10734
2026-03-13T15:00:00+0000,0.006324,0.006324,0.006315,0.006317,11587
2026-03-13T16:00:00+0000,0.006317,0.0063185,0.0063135,0.006314,5826
2026-03-13T17:00:00+0000,0.0063145,0.006317,0.006311,0.0063155,5151
2026-03-13T18:00:00+0000,0.006316,0.006316,0.0063115,0.006313,3666
2026-03-13T19:00:00+0000,0.006313,0.006315,0.00631,0.0063115,4996
2026-03-13T20:00:00+0000,0.0063115,0.006313,0.0063085,0.006311,2528
2026-03-15T22:00:00+0000,0.006309,0.0063185,0.0063085,0.0063175,3573
2026-03-15T23:00:00+0000,0.006317,0.006318,0.0063135,0.006316,2583
2026-03-16T00:00:00+0000,0.0063165,0.0063285,0.006316,0.0063265,8837
2026-03-16T01:00:00+0000,0.006326,0.006327,0.0063185,0.0063215,4056
2026-03-16T02:00:00+0000,0.0063215,0.0063225,0.0063145,0.006315,2809
2026-03-16T03:00:00+0000,0.006315,0.0063195,0.006313,0.0063185,1965
2026-03-16T04:00:00+0000,0.0063185,0.006319,0.0063135,0.0063155,2303
2026-03-16T05:00:00+0000,0.006316,0.0063255,0.006315,0.0063245,3649
2026-03-16T06:00:00+0000,0.006324,0.0063275,0.006322,0.0063265,2509
2026-03-16T07:00:00+0000,0.006326,0.0063315,0.0063225,0.0063265,3887
2026-03-16T08:00:00+0000,0.006327,0.006329,0.006323,0.006324,3059
2026-03-16T09:00:00+0000,0.006324,0.006328,0.0063225,0.006325,2376
2026-03-16T10:00:00+0000,0.006325,0.00633,0.0063245,0.0063295,4276
2026-03-16T11:00:00+0000,0.006329,0.0063345,0.006328,0.006333,6455
2026-03-16T12:00:00+0000,0.0063335,0.0063395,0.0063325,0.006333,7226
2026-03-16T13:00:00+0000,0.006333,0.006342,0.006331,0.006341,7607
2026-03-16T14:00:00+0000,0.006341,0.0063445,0.0063305,0.006333,9249
2026-03-16T15:00:00+0000,0.0063325,0.006336,0.006325,0.006327,7885
2026-03-16T16:00:00+0000,0.006327,0.0063305,0.006324,0.006328,6305
2026-03-16T17:00:00+0000,0.0063275,0.006333,0.0063265,0.0063275,4127
2026-03-16T18:00:00+0000,0.006328,0.006342,0.006328,0.00634,6158
2026-03-16T19:00:00+0000,0.0063395,0.006341,0.00633,0.006332,10225
2026-03-16T20:00:00+0000,0.006332,0.006337,0.006332,0.006334,1729
2026-03-16T22:00:00+0000,0.0063345,0.0063365,0.0063315,0.0063325,1585
2026-03-16T23:00:00+0000,0.0063325,0.006334,0.006329,0.006332,1979
2026-03-17T00:00:00+0000,0.0063315,0.006333,0.0063235,0.006325,5530
2026-03-17T01:00:00+0000,0.0063245,0.0063255,0.006319,0.006322,4823
2026-03-17T02:00:00+0000,0.0063225,0.006325,0.00632,0.0063225,1587
2026-03-17T03:00:00+0000,0.0063225,0.006326,0.006321,0.0063235,1555
2026-03-17T04:00:00+0000,0.0063235,0.006329,0.0063215,0.006328,1868
2026-03-17T05:00:00+0000,0.006328,0.0063295,0.0063195,0.0063195,2216
2026-03-17T06:00:00+0000,0.0063195,0.0063235,0.0063175,0.006323,3964
2026-03-17T07:00:00+0000,0.006323,0.0063305,0.006321,0.006328,3821
2026-03-17T08:00:00+0000,0.0063285,0.006335,0.006328,0.006333,4559
2026-03-17T09:00:00+0000,0.006333,0.0063345,0.0063295,0.006332,2684
2026-03-17T10:00:00+0000,0.006332,0.0063355,0.006329,0.0063325,2304
2026-03-17T11:00:00+0000,0.0063325,0.0063385,0.006332,0.0063335,2636
2026-03-17T12:00:00+0000,0.006333,0.006339,0.0063315,0.006336,4066
2026-03-17T13:00:00+0000,0.0063365,0.006349,0.0063365,0.006342,9491
2026-03-17T14:00:00+0000,0.0063425,0.006345,0.006337,0.00634,5258
2026-03-17T15:00:00+0000,0.00634,0.006347,0.006333,0.0063365,11865
2026-03-17T16:00:00+0000,0.006336,0.0063425,0.006333,0.00634,5295
2026-03-17T17:00:00+0000,0.0063395,0.0063405,0.006337,0.006339,2324
2026-03-17T18:00:00+0000,0.006339,0.006342,0.0063355,0.0063355,2462
2026-03-17T19:00:00+0000,0.0063355,0.0063385,0.006335,0.0063355,2816
2026-03-17T20:00:00+0000,0.006336,0.006338,0.0063355,0.0063375,916
2026-03-17T22:00:00+0000,0.006337,0.006339,0.0063355,0.0063365,994
2026-03-17T23:00:00+0000,0.006337,0.0063405,0.006336,0.006339,1578
2026-03-18T00:00:00+0000,0.006339,0.0063435,0.00633,0.006333,5410
2026-03-18T01:00:00+0000,0.006333,0.0063365,0.006332,0.0063345,2320
2026-03-18T02:00:00+0000,0.006335,0.00634,0.006334,0.006339,1832
2026-03-18T03:00:00+0000,0.0063385,0.006339,0.0063355,0.006338,1006
2026-03-18T04:00:00+0000,0.0063385,0.0063455,0.0063385,0.006343,2427
2026-03-18T05:00:00+0000,0.006343,0.006349,0.006343,0.0063475,2994
2026-03-18T06:00:00+0000,0.006347,0.0063525,0.006344,0.0063455,3557
2026-03-18T07:00:00+0000,0.0063455,0.006348,0.0063405,0.006345,4531
2026-03-18T08:00:00+0000,0.0063445,0.0063445,0.0063355,0.006337,4107
2026-03-18T09:00:00+0000,0.006337,0.0063395,0.0063335,0.006339,3245
2026-03-18T10:00:00+0000,0.0063385,0.0063385,0.006334,0.006335,1617
2026-03-18T11:00:00+0000,0.0063345,0.0063395,0.00633,0.006336,4474
2026-03-18T12:00:00+0000,0.006336,0.0063365,0.006316,0.0063175,14215
2026-03-18T13:00:00+0000,0.0063175,0.0063175,0.0063115,0.0063155,14293
2026-03-18T14:00:00+0000,0.0063155,0.0063185,0.006314,0.0063185,7596
2026-03-18T15:00:00+0000,0.0063185,0.0063205,0.0063155,0.006316,6817
2026-03-18T16:00:00+0000,0.0063165,0.0063195,0.006315,0.0063165,4237
2026-03-18T17:00:00+0000,0.0063165,0.0063205,0.0063135,0.00632,4351
2026-03-18T18:00:00+0000,0.0063205,0.006325,0.0063055,0.006306,11495
2026-03-18T19:00:00+0000,0.006306,0.006308,0.0063025,0.006303,7795
2026-03-18T20:00:00+0000,0.0063025,0.006304,0.006299,0.0063,3606
2026-03-18T22:00:00+0000,0.006303,0.006306,0.006301,0.0063045,2078
2026-03-18T23:00:00+0000,0.0063045,0.0063055,0.006302,0.006303,2362
2026-03-19T00:00:00+0000,0.0063025,0.006308,0.006301,0.006304,5994
2026-03-19T01:00:00+0000,0.006304,0.0063125,0.0063025,0.006309,4343
2026-03-19T02:00:00+0000,0.0063085,0.0063135,0.006307,0.006309,4315
2026-03-19T03:00:00+0000,0.006309,0.0063105,0.0063065,0.00631,1542
2026-03-19T04:00:00+0000,0.00631,0.0063115,0.006308,0.006309,1477
2026-03-19T05:00:00+0000,0.0063095,0.0063095,0.006305,0.006307,1880
2026-03-19T06:00:00+0000,0.0063065,0.006311,0.006303,0.006308,4384
2026-03-19T07:00:00+0000,0.0063085,0.006327,0.0063075,0.0063255,15593
2026-03-19T08:00:00+0000,0.006326,0.006334,0.0063195,0.006328,10910
2026-03-19T09:00:00+0000,0.0063285,0.0063325,0.006324,0.0063295,9290
2026-03-19T10:00:00+0000,0.006329,0.006331,0.006325,0.00633,4432
2026-03-19T11:00:00+0000,0.00633,0.0063335,0.006329,0.006333,3910
2026-03-19T12:00:00+0000,0.0063325,0.0063415,0.006323,0.0063395,14325
2026-03-19T13:00:00+0000,0.0063395,0.006371,0.006338,0.0063665,31456
2026-03-19T14:00:00+0000,0.0063665,0.0063735,0.006358,0.006361,24443
2026-03-19T15:00:00+0000,0.0063605,0.00637,0.006353,0.0063675,15226
2026-03-19T16:00:00+0000,0.0063675,0.006374,0.0063665,0.006374,15068
2026-03-19T17:00:00+0000,0.0063735,0.006384,0.0063715,0.0063835,8348
2026-03-19T18:00:00+0000,0.006383,0.0063885,0.006379,0.006388,8435
2026-03-19T19:00:00+0000,0.0063885,0.006396,0.0063875,0.00639,17140
2026-03-19T20:00:00+0000,0.0063895,0.006391,0.0063865,0.006388,2922
2026-03-19T22:00:00+0000,0.0063855,0.006388,0.0063795,0.0063805,2814
2026-03-19T23:00:00+0000,0.0063805,0.0063835,0.006376,0.0063785,2694
2026-03-20T00:00:00+0000,0.0063785,0.0063835,0.006376,0.006381,4950
2026-03-20T01:00:00+0000,0.0063815,0.0063865,0.00637,0.006371,6089
2026-03-20T02:00:00+0000,0.006371,0.006371,0.0063615,0.006363,5070
2026-03-20T03:00:00+0000,0.006363,0.006364,0.006359,0.0063595,2397
2026-03-20T04:00:00+0000,0.0063595,0.0063615,0.0063585,0.00636,1740
2026-03-20T05:00:00+0000,0.00636,0.0063615,0.006358,0.0063585,1650
2026-03-20T06:00:00+0000,0.0063585,0.006362,0.0063575,0.0063585,2503
2026-03-20T07:00:00+0000,0.006359,0.006364,0.006357,0.0063635,4327
2026-03-20T08:00:00+0000,0.0063635,0.006365,0.006356,0.006356,4070
2026-03-20T09:00:00+0000,0.006356,0.006357,0.006341,0.006342,7564
2026-03-20T10:00:00+0000,0.006342,0.0063485,0.0063395,0.006347,6700
2026-03-20T11:00:00+0000,0.0063465,0.0063545,0.0063465,0.0063525,4530
2026-03-20T12:00:00+0000,0.0063525,0.006355,0.006347,0.0063475,6391
2026-03-20T13:00:00+0000,0.006348,0.0063485,0.0063345,0.006335,8990
2026-03-20T14:00:00+0000,0.0063345,0.0063355,0.0063285,0.0063305,13576
2026-03-20T15:00:00+0000,0.006331,0.006337,0.006325,0.0063255,14924
2026-03-20T16:00:00+0000,0.006326,0.0063295,0.0063245,0.006325,6529
2026-03-20T17:00:00+0000,0.0063255,0.00633,0.006321,0.0063265,6476
2026-03-20T18:00:00+0000,0.006327,0.0063285,0.00632,0.0063215,5595
2026-03-20T19:00:00+0000,0.006322,0.0063265,0.0063205,0.0063235,5563
2026-03-20T20:00:00+0000,0.006324,0.0063275,0.0063225,0.006327,2344
2026-03-22T22:00:00+0000,0.006326,0.006326,0.006316,0.006323,3047
2026-03-22T23:00:00+0000,0.0063235,0.006331,0.006323,0.006329,4904
2026-03-23T00:00:00+0000,0.006329,0.006335,0.0063145,0.0063155,8583
2026-03-23T01:00:00+0000,0.006315,0.0063215,0.006314,0.006316,6252
2026-03-23T02:00:00+0000,0.006316,0.0063185,0.0063115,0.006314,5064
2026-03-23T03:00:00+0000,0.0063145,0.0063215,0.0063105,0.006317,4349
2026-03-23T04:00:00+0000,0.006317,0.006321,0.0063165,0.006319,2100
2026-03-23T05:00:00+0000,0.006319,0.006321,0.0063115,0.0063125,2367
2026-03-23T06:00:00+0000,0.006312,0.0063165,0.0063085,0.006316,5905
2026-03-23T07:00:00+0000,0.006316,0.0063195,0.0063105,0.0063115,6340
2026-03-23T08:00:00+0000,0.0063115,0.0063225,0.0063095,0.006318,8083
2026-03-23T09:00:00+0000,0.006318,0.006319,0.0063115,0.0063135,5138
2026-03-23T10:00:00+0000,0.0063135,0.006316,0.0063105,0.0063105,3650
2026-03-23T11:00:00+0000,0.006311,0.0063655,0.0063105,0.006338,49187
2026-03-23T12:00:00+0000,0.006338,0.0063555,0.0063335,0.0063545,14787
2026-03-23T13:00:00+0000,0.006355,0.006358,0.0063465,0.006357,14092
2026-03-23T14:00:00+0000,0.006357,0.006367,0.006355,0.0063575,16147
2026-03-23T15:00:00+0000,0.0063575,0.0063665,0.0063435,0.006347,13960
2026-03-23T16:00:00+0000,0.0063465,0.0063515,0.006341,0.006348,10686
2026-03-23T17:00:00+0000,0.006348,0.0063585,0.006346,0.0063575,5304
2026-03-23T18:00:00+0000,0.0063575,0.0063745,0.006354,0.006372,14308
2026-03-23T19:00:00+0000,0.0063725,0.006373,0.006358,0.0063585,6048
2026-03-23T20:00:00+0000,0.0063585,0.00636,0.006356,0.00636,2079
2026-03-23T22:00:00+0000,0.00636,0.0063625,0.006358,0.006361,1156
2026-03-23T23:00:00+0000,0.0063615,0.0063635,0.006354,0.0063555,2652
2026-03-24T00:00:00+0000,0.006355,0.006357,0.0063455,0.0063515,8436
2026-03-24T01:00:00+0000,0.0063515,0.0063575,0.0063485,0.0063505,4478
2026-03-24T02:00:00+0000,0.0063515,0.0063545,0.0063475,0.0063475,3322
2026-03-24T03:00:00+0000,0.006348,0.00635,0.0063445,0.006345,1624
2026-03-24T04:00:00+0000,0.0063455,0.006346,0.006342,0.006344,1458
2026-03-24T05:00:00+0000,0.006344,0.0063515,0.006343,0.006349,2787
2026-03-24T06:00:00+0000,0.0063495,0.006352,0.006346,0.0063505,4083
2026-03-24T07:00:00+0000,0.0063505,0.006358,0.006349,0.0063545,5306
2026-03-24T08:00:00+0000,0.006354,0.006357,0.006347,0.006348,5850
2026-03-24T09:00:00+0000,0.006348,0.0063495,0.006343,0.0063485,3819
2026-03-24T10:00:00+0000,0.006348,0.0063495,0.006342,0.0063465,3140
2026-03-24T11:00:00+0000,0.006346,0.006349,0.006342,0.0063435,3373
2026-03-24T12:00:00+0000,0.006343,0.0063465,0.0063395,0.006341,6608
2026-03-24T13:00:00+0000,0.0063415,0.006343,0.0063355,0.006342,8172
2026-03-24T14:00:00+0000,0.0063415,0.0063515,0.0063415,0.006345,10893
2026-03-24T15:00:00+0000,0.006345,0.006349,0.006338,0.006338,6134
2026-03-24T16:00:00+0000,0.0063385,0.006342,0.006336,0.0063375,5225
2026-03-24T17:00:00+0000,0.006337,0.0063375,0.006326,0.0063305,11934
2026-03-24T18:00:00+0000,0.006331,0.0063395,0.0063275,0.0063355,5317
2026-03-24T19:00:00+0000,0.0063355,0.00634,0.006334,0.006335,3594
2026-03-24T20:00:00+0000,0.006335,0.006359,0.006333,0.006344,7897
2026-03-24T22:00:00+0000,0.0063445,0.00635,0.0063425,0.0063465,2468
2026-03-24T23:00:00+0000,0.0063465,0.0063485,0.0063435,0.0063455,2340
2026-03-25T00:00:00+0000,0.0063455,0.0063505,0.0063395,0.0063475,10467
2026-03-25T01:00:00+0000,0.006347,0.0063485,0.006343,0.006344,4967
2026-03-25T02:00:00+0000,0.0063445,0.0063455,0.00634,0.0063405,2455
2026-03-25T03:00:00+0000,0.0063405,0.0063425,0.0063395,0.006341,1969
2026-03-25T04:00:00+0000,0.0063405,0.006341,0.006335,0.0063375,2058
2026-03-25T05:00:00+0000,0.0063375,0.0063375,0.006332,0.0063335,2126
2026-03-25T06:00:00+0000,0.006333,0.006335,0.006331,0.006333,3299
2026-03-25T07:00:00+0000,0.006333,0.0063355,0.006327,0.006327,4221
2026-03-25T08:00:00+0000,0.006328,0.0063445,0.0063255,0.0063425,10529
2026-03-25T09:00:00+0000,0.006342,0.006344,0.006335,0.0063375,4232
2026-03-25T10:00:00+0000,0.006338,0.006339,0.006334,0.0063375,2975
2026-03-25T11:00:00+0000,0.006338,0.0063405,0.0063355,0.006339,2545
2026-03-25T12:00:00+0000,0.0063395,0.006343,0.0063295,0.0063325,8438
2026-03-25T13:00:00+0000,0.0063325,0.006336,0.006327,0.0063275,6614
2026-03-25T14:00:00+0000,0.0063275,0.0063335,0.006325,0.0063315,8194
2026-03-25T15:00:00+0000,0.0063315,0.0063325,0.0063235,0.006326,8981
2026-03-25T16:00:00+0000,0.0063255,0.006328,0.006321,0.0063235,8873
2026-03-25T17:00:00+0000,0.0063235,0.0063275,0.0063215,0.0063235,5258
2026-03-25T18:00:00+0000,0.006323,0.006324,0.0063155,0.006317,6308
2026-03-25T19:00:00+0000,0.006317,0.006317,0.0063135,0.0063155,6526
2026-03-25T20:00:00+0000,0.0063155,0.006316,0.0063135,0.006315,1926
2026-03-25T22:00:00+0000,0.0063145,0.0063175,0.006313,0.0063155,1302
2026-03-25T23:00:00+0000,0.0063155,0.006317,0.0063145,0.006316,1907
2026-03-26T00:00:00+0000,0.006316,0.0063185,0.006312,0.006313,5616
2026-03-26T01:00:00+0000,0.006313,0.006316,0.006311,0.0063125,3582
2026-03-26T02:00:00+0000,0.006313,0.0063145,0.00631,0.006311,2684
2026-03-26T03:00:00+0000,0.006311,0.0063155,0.0063105,0.006314,3035
2026-03-26T04:00:00+0000,0.0063135,0.006317,0.006313,0.0063145,2953
2026-03-26T05:00:00+0000,0.0063145,0.006317,0.006312,0.006312,2632
2026-03-26T06:00:00+0000,0.006312,0.00632,0.0063115,0.0063195,2919
2026-03-26T07:00:00+0000,0.0063195,0.00632,0.006312,0.006312,2951
2026-03-26T08:00:00+0000,0.006312,0.0063145,0.00631,0.0063135,4139
2026-03-26T09:00:00+0000,0.0063135,0.0063145,0.0063105,0.006312,3678
2026-03-26T10:00:00+0000,0.006312,0.006315,0.0063095,0.0063125,2844
2026-03-26T11:00:00+0000,0.0063125,0.006313,0.006305,0.0063055,4090
2026-03-26T12:00:00+0000,0.0063055,0.0063095,0.0063035,0.006307,6145
2026-03-26T13:00:00+0000,0.0063065,0.0063135,0.006306,0.006311,7908
2026-03-26T14:00:00+0000,0.0063115,0.0063155,0.006308,0.00631,9398
2026-03-26T15:00:00+0000,0.00631,0.006311,0.006304,0.006306,8191
2026-03-26T16:00:00+0000,0.006306,0.006307,0.006304,0.0063055,5986
2026-03-26T17:00:00+0000,0.0063055,0.006307,0.006301,0.0063015,3922
2026-03-26T18:00:00+0000,0.006302,0.0063035,0.0063,0.006303,4489
2026-03-26T19:00:00+0000,0.006303,0.006303,0.0062975,0.006299,4645
2026-03-26T20:00:00+0000,0.006299,0.0063185,0.0062975,0.0063005,8928
2026-03-26T22:00:00+0000,0.006303,0.0063055,0.006301,0.0063055,885
2026-03-26T23:00:00+0000,0.006305,0.006306,0.0063025,0.0063025,1117
2026-03-27T00:00:00+0000,0.0063025,0.006312,0.006301,0.006309,6409
2026-03-27T01:00:00+0000,0.0063095,0.006313,0.0063075,0.006312,3703
2026-03-27T02:00:00+0000,0.0063125,0.0063135,0.006308,0.00631,2464
2026-03-27T03:00:00+0000,0.0063105,0.006311,0.0063065,0.0063065,1480
2026-03-27T04:00:00+0000,0.0063065,0.006309,0.006306,0.0063065,1329
2026-03-27T05:00:00+0000,0.006306,0.0063085,0.0063055,0.006306,1738
2026-03-27T06:00:00+0000,0.006306,0.006308,0.006301,0.0063015,2797
2026-03-27T07:00:00+0000,0.006301,0.006302,0.0062925,0.006294,9300
2026-03-27T08:00:00+0000,0.0062935,0.0063015,0.006293,0.006298,8995
2026-03-27T09:00:00+0000,0.006298,0.006301,0.0062935,0.006297,5447
2026-03-27T10:00:00+0000,0.006297,0.0063,0.0062935,0.0062945,2848
2026-03-27T11:00:00+0000,0.006295,0.006299,0.006294,0.006297,3219
2026-03-27T12:00:00+0000,0.006297,0.0063,0.0062945,0.0062965,5601
2026-03-27T13:00:00+0000,0.0062965,0.0062985,0.0062935,0.006296,9770
2026-03-27T14:00:00+0000,0.006296,0.0062995,0.0062945,0.006296,9162
2026-03-27T15:00:00+0000,0.006296,0.0063035,0.006285,0.0062855,24040
2026-03-27T16:00:00+0000,0.0062855,0.006289,0.00628,0.006286,22737
2026-03-27T17:00:00+0000,0.006286,0.0062885,0.0062755,0.006278,13527
2026-03-27T18:00:00+0000,0.0062785,0.0062825,0.006276,0.0062815,6551
2026-03-27T19:00:00+0000,0.006282,0.006286,0.0062805,0.0062855,5706
2026-03-27T20:00:00+0000,0.0062855,0.0062875,0.0062785,0.0062805,3589
2026-03-29T22:00:00+0000,0.0062775,0.006279,0.0062725,0.0062745,4219
2026-03-29T23:00:00+0000,0.0062745,0.0062815,0.006273,0.0062815,3704
2026-03-30T00:00:00+0000,0.006282,0.0062955,0.006281,0.0062955,8431
2026-03-30T01:00:00+0000,0.0062955,0.006297,0.006291,0.0062935,3355
2026-03-30T02:00:00+0000,0.0062935,0.0063005,0.0062915,0.0062975,4067
2026-03-30T03:00:00+0000,0.0062975,0.0063015,0.0062975,0.0062995,2629
2026-03-30T04:00:00+0000,0.0062995,0.0063045,0.006299,0.0062995,2835
2026-03-30T05:00:00+0000,0.0062995,0.006304,0.0062985,0.0063015,2930
2026-03-30T06:00:00+0000,0.006302,0.0063065,0.006297,0.0062985,5489
2026-03-30T07:00:00+0000,0.0062985,0.006308,0.0062965,0.0062995,6195
2026-03-30T08:00:00+0000,0.0062995,0.006307,0.0062985,0.006303,4409
2026-03-30T09:00:00+0000,0.0063035,0.0063075,0.0063015,0.0063065,4260
2026-03-30T10:00:00+0000,0.006307,0.0063115,0.006305,0.0063065,3173
2026-03-30T11:00:00+0000,0.0063065,0.006314,0.0063065,0.00631,4579
2026-03-30T12:00:00+0000,0.00631,0.0063175,0.006308,0.0063155,6665
2026-03-30T13:00:00+0000,0.006316,0.0063175,0.0063085,0.0063095,8670
2026-03-30T14:00:00+0000,0.0063095,0.0063105,0.0063055,0.006309,9154
2026-03-30T15:00:00+0000,0.0063085,0.006315,0.0063045,0.0063115,6102
2026-03-30T16:00:00+0000,0.006311,0.006314,0.0063095,0.006313,3085
2026-03-30T17:00:00+0000,0.0063125,0.006314,0.006307,0.0063075,4315
2026-03-30T18:00:00+0000,0.0063075,0.0063125,0.006304,0.006305,9129
2026-03-30T19:00:00+0000,0.0063055,0.0063055,0.0063015,0.0063025,4186
2026-03-30T20:00:00+0000,0.0063025,0.0063045,0.0063005,0.006301,1174
2026-03-30T22:00:00+0000,0.0063,0.006301,0.0062975,0.0062975,1612
2026-03-30T23:00:00+0000,0.0062975,0.0062995,0.006294,0.006296,2954
2026-03-31T00:00:00+0000,0.0062965,0.006302,0.0062925,0.006295,8612
2026-03-31T01:00:00+0000,0.006295,0.0063035,0.0062905,0.0063,5918
2026-03-31T02:00:00+0000,0.0063005,0.0063065,0.0062985,0.0063055,3200
2026-03-31T03:00:00+0000,0.0063055,0.006306,0.0063,0.006301,1913
2026-03-31T04:00:00+0000,0.006301,0.0063055,0.006301,0.006305,1206
2026-03-31T05:00:00+0000,0.0063045,0.0063105,0.0063045,0.006305,3158
2026-03-31T06:00:00+0000,0.0063055,0.0063095,0.0063,0.0063005,5263
2026-03-31T07:00:00+0000,0.006301,0.0063045,0.006298,0.006304,4472
2026-03-31T08:00:00+0000,0.006304,0.0063085,0.0063025,0.0063065,2939
2026-03-31T09:00:00+0000,0.006307,0.0063095,0.006303,0.006304,2129
2026-03-31T10:00:00+0000,0.0063035,0.0063045,0.006299,0.0063005,2226
2026-03-31T11:00:00+0000,0.0063005,0.0063155,0.006299,0.006313,8058
2026-03-31T12:00:00+0000,0.0063135,0.006316,0.006307,0.006315,9129
2026-03-31T13:00:00+0000,0.006315,0.0063265,0.0063115,0.0063255,12557
2026-03-31T14:00:00+0000,0.0063265,0.006338,0.0063165,0.006325,19468
2026-03-31T15:00:00+0000,0.006325,0.0063335,0.0063245,0.006326,16335
2026-03-31T16:00:00+0000,0.006326,0.0063365,0.006321,0.006331,11148
2026-03-31T17:00:00+0000,0.006331,0.0063395,0.006331,0.0063315,10547
2026-03-31T18:00:00+0000,0.006331,0.0063375,0.006331,0.0063345,4915
2026-03-31T19:00:00+0000,0.0063345,0.006342,0.0063295,0.0063405,7247
2026-03-31T20:00:00+0000,0.0063405,0.0063435,0.006339,0.006341,3035
2026-03-31T22:00:00+0000,0.0063405,0.0063405,0.006336,0.00634,1828
2026-03-31T23:00:00+0000,0.00634,0.0063465,0.006338,0.0063455,3670
2026-04-01T00:00:00+0000,0.0063455,0.006351,0.006335,0.0063375,7966
2026-04-01T01:00:00+0000,0.0063375,0.006339,0.0063285,0.006338,6351
2026-04-01T02:00:00+0000,0.0063385,0.006342,0.006337,0.0063395,2627
2026-04-01T03:00:00+0000,0.0063395,0.006345,0.006334,0.0063345,2995
2026-04-01T04:00:00+0000,0.006334,0.006337,0.006331,0.006337,2063
2026-04-01T05:00:00+0000,0.006337,0.0063435,0.006332,0.0063415,4106
2026-04-01T06:00:00+0000,0.006342,0.0063575,0.0063415,0.0063565,11546
2026-04-01T07:00:00+0000,0.0063565,0.006358,0.0063375,0.0063375,9430
2026-04-01T08:00:00+0000,0.006337,0.0063515,0.006334,0.0063455,7208
2026-04-01T09:00:00+0000,0.006345,0.006349,0.006338,0.00634,4188
2026-04-01T10:00:00+0000,0.00634,0.0063475,0.006339,0.0063475,3415
2026-04-01T11:00:00+0000,0.0063475,0.006355,0.0063465,0.006355,4332
2026-04-01T12:00:00+0000,0.0063545,0.006357,0.0063455,0.0063475,9668
2026-04-01T13:00:00+0000,0.0063475,0.00635,0.0063415,0.006342,8709
2026-04-01T14:00:00+0000,0.006342,0.00635,0.0063335,0.006349,13772
2026-04-01T15:00:00+0000,0.006349,0.006352,0.0063405,0.006343,8773
2026-04-01T16:00:00+0000,0.0063435,0.0063465,0.0063395,0.0063465,5107
2026-04-01T17:00:00+0000,0.0063465,0.0063505,0.00634,0.0063405,5901
2026-04-01T18:00:00+0000,0.00634,0.0063405,0.006334,0.006334,8898
2026-04-01T19:00:00+0000,0.0063345,0.0063345,0.0063305,0.0063325,5931
2026-04-01T20:00:00+0000,0.0063325,0.006338,0.006332,0.0063355,1888
2026-04-01T22:00:00+0000,0.006336,0.0063435,0.006336,0.0063425,2025
2026-04-01T23:00:00+0000,0.0063425,0.0063455,0.006338,0.006338,2904
2026-04-02T00:00:00+0000,0.0063385,0.0063435,0.006336,0.0063405,5136
2026-04-02T01:00:00+0000,0.0063405,0.0063425,0.0063155,0.0063155,15929
2026-04-02T02:00:00+0000,0.0063155,0.00632,0.0063075,0.00631,7278
2026-04-02T03:00:00+0000,0.00631,0.0063145,0.006309,0.006312,3207
2026-04-02T04:00:00+0000,0.006312,0.006314,0.00631,0.0063135,2375
2026-04-02T05:00:00+0000,0.006313,0.0063135,0.0063095,0.0063095,2300
2026-04-02T06:00:00+0000,0.00631,0.006315,0.0063085,0.0063115,5738
2026-04-02T07:00:00+0000,0.006312,0.006312,0.0062985,0.0063045,8068
2026-04-02T08:00:00+0000,0.006304,0.0063055,0.0062995,0.0063005,3584
2026-04-02T09:00:00+0000,0.0063005,0.0063045,0.0062985,0.0063045,2337
2026-04-02T10:00:00+0000,0.006305,0.0063055,0.0062995,0.0063,2896
2026-04-02T11:00:00+0000,0.0063,0.006301,0.0062975,0.0062995,3952
2026-04-02T12:00:00+0000,0.0062995,0.006305,0.0062995,0.006302,7519
2026-04-02T13:00:00+0000,0.0063025,0.006309,0.0062995,0.0063085,7185
2026-04-02T14:00:00+0000,0.0063085,0.006318,0.006307,0.006313,16704
2026-04-02T15:00:00+0000,0.006313,0.006318,0.006312,0.0063135,7873
2026-04-02T16:00:00+0000,0.006314,0.006315,0.006307,0.006307,4806
2026-04-02T17:00:00+0000,0.0063075,0.0063075,0.0063025,0.0063035,3356
2026-04-02T18:00:00+0000,0.006304,0.0063045,0.006299,0.006302,5734
2026-04-02T19:00:00+0000,0.0063025,0.0063055,0.0063005,0.006301,3509
2026-04-02T20:00:00+0000,0.006301,0.0063055,0.0063005,0.0063035,1547
2026-04-02T22:00:00+0000,0.0063035,0.0063065,0.0063025,0.0063055,821
2026-04-02T23:00:00+0000,0.006306,0.0063075,0.0063055,0.006307,754
2026-04-03T00:00:00+0000,0.006307,0.00631,0.006302,0.0063035,3693
2026-04-03T01:00:00+0000,0.006303,0.006305,0.006301,0.0063015,1443
2026-04-03T02:00:00+0000,0.006302,0.0063025,0.006299,0.0063,1736
2026-04-03T03:00:00+0000,0.0063005,0.006304,0.006299,0.0063035,1343
2026-04-03T04:00:00+0000,0.0063035,0.0063055,0.006302,0.006302,1239
2026-04-03T05:00:00+0000,0.0063025,0.006303,0.006301,0.006301,1100
2026-04-03T06:00:00+0000,0.006301,0.0063035,0.0062995,0.006302,1498
2026-04-03T07:00:00+0000,0.006302,0.006305,0.006302,0.006304,780
2026-04-03T08:00:00+0000,0.0063035,0.0063055,0.0063,0.006303,2121
2026-04-03T09:00:00+0000,0.006303,0.006304,0.0063025,0.006303,301
2026-04-03T10:00:00+0000,0.0063035,0.0063045,0.0063025,0.0063035,352
2026-04-03T11:00:00+0000,0.0063035,0.0063055,0.006303,0.0063045,703
2026-04-03T12:00:00+0000,0.0063045,0.0063055,0.00629,0.006302,7544
2026-04-03T13:00:00+0000,0.006302,0.006307,0.006302,0.006306,2985
2026-04-03T14:00:00+0000,0.0063065,0.0063075,0.0063025,0.006303,1098
2026-04-03T15:00:00+0000,0.006303,0.0063045,0.0063025,0.006303,328
2026-04-05T22:00:00+0000,0.0063035,0.006304,0.006293,0.0062995,3912
2026-04-05T23:00:00+0000,0.0062995,0.0063015,0.006293,0.0062955,2143
2026-04-06T00:00:00+0000,0.0062955,0.0063,0.006294,0.0062965,3524
2026-04-06T01:00:00+0000,0.006297,0.0063015,0.0062965,0.0062985,2704
2026-04-06T02:00:00+0000,0.006299,0.0063055,0.006299,0.006304,2801
2026-04-06T03:00:00+0000,0.006304,0.006305,0.006301,0.0063015,1680
2026-04-06T04:00:00+0000,0.0063015,0.006305,0.0063015,0.006304,1033
2026-04-06T05:00:00+0000,0.0063035,0.006305,0.006303,0.0063035,862
2026-04-06T06:00:00+0000,0.006304,0.006305,0.0063005,0.0063025,4114
2026-04-06T07:00:00+0000,0.0063025,0.0063125,0.0062985,0.006311,6064
2026-04-06T08:00:00+0000,0.0063115,0.0063145,0.006309,0.0063115,5691
2026-04-06T09:00:00+0000,0.0063115,0.0063125,0.006308,0.0063095,2272
2026-04-06T10:00:00+0000,0.0063095,0.00631,0.006304,0.006308,2133
2026-04-06T11:00:00+0000,0.006308,0.0063085,0.006303,0.0063045,2780
2026-04-06T12:00:00+0000,0.006304,0.006312,0.0063035,0.00631,5093
2026-04-06T13:00:00+0000,0.0063105,0.006311,0.006306,0.006307,4296
2026-04-06T14:00:00+0000,0.0063075,0.006311,0.006298,0.006298,11218
2026-04-06T15:00:00+0000,0.006298,0.006298,0.0062945,0.0062975,10309
2026-04-06T16:00:00+0000,0.006298,0.0063015,0.006298,0.0062995,3091
2026-04-06T17:00:00+0000,0.006299,0.006299,0.0062945,0.0062955,2358
2026-04-06T18:00:00+0000,0.006295,0.0063025,0.006295,0.006299,5611
2026-04-06T19:00:00+0000,0.006299,0.0063005,0.0062975,0.006299,1755
2026-04-06T20:00:00+0000,0.006299,0.0062995,0.006298,0.006299,904
2026-04-06T22:00:00+0000,0.0063,0.006303,0.006299,0.0062995,1324
2026-04-06T23:00:00+0000,0.006299,0.0063,0.0062975,0.0062985,891
2026-04-07T00:00:00+0000,0.006298,0.006299,0.0062925,0.006293,4108
2026-04-07T01:00:00+0000,0.0062925,0.0062945,0.006289,0.00629,4255
2026-04-07T02:00:00+0000,0.0062905,0.0062925,0.0062885,0.006291,1618
2026-04-07T03:00:00+0000,0.0062915,0.0062935,0.0062905,0.0062925,1033
2026-04-07T04:00:00+0000,0.006293,0.006297,0.0062925,0.0062965,1007
2026-04-07T05:00:00+0000,0.0062965,0.0062975,0.006293,0.006295,1261
2026-04-07T06:00:00+0000,0.0062955,0.006297,0.006294,0.0062945,2417
2026-04-07T07:00:00+0000,0.006295,0.006295,0.006291,0.0062915,2534
2026-04-07T08:00:00+0000,0.006292,0.0063075,0.006292,0.006307,8714
2026-04-07T09:00:00+0000,0.006307,0.0063085,0.0063005,0.006301,4717
2026-04-07T10:00:00+0000,0.006301,0.0063015,0.006295,0.006295,5647
2026-04-07T11:00:00+0000,0.006295,0.006296,0.006292,0.006293,4836
2026-04-07T12:00:00+0000,0.0062935,0.0062975,0.006291,0.006295,4485
2026-04-07T13:00:00+0000,0.006295,0.0062975,0.0062905,0.0062905,5063
2026-04-07T14:00:00+0000,0.0062905,0.006295,0.006288,0.0062885,9397
2026-04-07T15:00:00+0000,0.0062885,0.0062915,0.006285,0.0062905,9705
2026-04-07T16:00:00+0000,0.006291,0.0062945,0.00629,0.00629,4892
2026-04-07T17:00:00+0000,0.0062905,0.006299,0.006288,0.006295,5821
2026-04-07T18:00:00+0000,0.006295,0.0062985,0.0062915,0.0062925,4058
2026-04-07T19:00:00+0000,0.0062925,0.006305,0.006292,0.006303,9523
2026-04-07T20:00:00+0000,0.0063035,0.0063065,0.006299,0.0063005,6574
2026-04-07T22:00:00+0000,0.006306,0.0063325,0.006293,0.006329,15891
2026-04-07T23:00:00+0000,0.006329,0.0063425,0.006327,0.0063365,17699
2026-04-08T00:00:00+0000,0.0063375,0.0063445,0.006334,0.006338,18195
2026-04-08T01:00:00+0000,0.0063375,0.006352,0.006337,0.006349,10129
2026-04-08T02:00:00+0000,0.0063495,0.0063535,0.0063425,0.006348,6749
2026-04-08T03:00:00+0000,0.006348,0.0063515,0.0063465,0.0063475,3221
2026-04-08T04:00:00+0000,0.006348,0.0063515,0.006347,0.0063505,2822
2026-04-08T05:00:00+0000,0.0063515,0.006364,0.006348,0.006354,7024
2026-04-08T06:00:00+0000,0.006354,0.0063635,0.0063505,0.006357,9756
2026-04-08T07:00:00+0000,0.0063575,0.006361,0.006351,0.0063565,7251
2026-04-08T08:00:00+0000,0.0063565,0.00636,0.0063455,0.00635,7397
2026-04-08T09:00:00+0000,0.0063505,0.006354,0.006345,0.0063455,3669
2026-04-08T10:00:00+0000,0.0063455,0.0063495,0.006344,0.006348,2822
2026-04-08T11:00:00+0000,0.006348,0.006357,0.006346,0.006355,5034
2026-04-08T12:00:00+0000,0.0063555,0.0063675,0.0063525,0.006365,17664
2026-04-08T13:00:00+0000,0.0063645,0.00637,0.006352,0.0063545,14774
2026-04-08T14:00:00+0000,0.006354,0.0063575,0.0063485,0.006354,16480
2026-04-08T15:00:00+0000,0.0063535,0.006355,0.006346,0.0063495,9910
2026-04-08T16:00:00+0000,0.0063495,0.006351,0.006345,0.0063485,6218
2026-04-08T17:00:00+0000,0.0063485,0.0063495,0.006344,0.006347,5429
2026-04-08T18:00:00+0000,0.0063465,0.00635,0.006335,0.0063355,11116
2026-04-08T19:00:00+0000,0.0063355,0.006345,0.006333,0.0063435,7045
2026-04-08T20:00:00+0000,0.006344,0.0063445,0.00634,0.0063425,2059
2026-04-08T22:00:00+0000,0.0063415,0.006344,0.00634,0.0063405,1180
2026-04-08T23:00:00+0000,0.006341,0.006341,0.006336,0.006337,2494
2026-04-09T00:00:00+0000,0.0063375,0.0063385,0.0063285,0.006329,6353
2026-04-09T01:00:00+0000,0.0063295,0.0063315,0.006325,0.00633,4216
2026-04-09T02:00:00+0000,0.0063305,0.006335,0.0063295,0.0063345,2500
2026-04-09T03:00:00+0000,0.0063345,0.006336,0.0063315,0.0063335,1871
2026-04-09T04:00:00+0000,0.006333,0.006338,0.006333,0.006334,1823
2026-04-09T05:00:00+0000,0.006334,0.0063345,0.006329,0.00633,1329
2026-04-09T06:00:00+0000,0.00633,0.0063325,0.006326,0.006332,5574
2026-04-09T07:00:00+0000,0.0063325,0.006333,0.0063245,0.0063245,4026
2026-04-09T08:00:00+0000,0.006325,0.006327,0.006319,0.0063235,4467
2026-04-09T09:00:00+0000,0.0063235,0.006326,0.006321,0.006324,2432
2026-04-09T10:00:00+0000,0.006324,0.0063255,0.00632,0.0063205,1442
2026-04-09T11:00:00+0000,0.00632,0.00633,0.0063195,0.006328,2396
2026-04-09T12:00:00+0000,0.0063275,0.006329,0.006319,0.0063235,8034
2026-04-09T13:00:00+0000,0.0063235,0.0063275,0.0063195,0.00632,6292
2026-04-09T14:00:00+0000,0.00632,0.0063235,0.0063135,0.006316,11058
2026-04-09T15:00:00+0000,0.006316,0.006329,0.0063115,0.0063285,14011
2026-04-09T16:00:00+0000,0.0063285,0.0063385,0.0063275,0.006333,8018
2026-04-09T17:00:00+0000,0.0063335,0.0063365,0.006332,0.0063325,4002
2026-04-09T18:00:00+0000,0.006333,0.006333,0.006322,0.0063225,6489
2026-04-09T19:00:00+0000,0.0063225,0.0063245,0.0063195,0.00632,5945
2026-04-09T20:00:00+0000,0.0063195,0.0063245,0.006318,0.0063235,1828
2026-04-09T22:00:00+0000,0.006325,0.006325,0.0063185,0.006319,1087
2026-04-09T23:00:00+0000,0.006319,0.006321,0.006318,0.006319,1493
2026-04-10T00:00:00+0000,0.0063195,0.0063195,0.006313,0.006315,5432
2026-04-10T01:00:00+0000,0.0063155,0.006322,0.0063135,0.0063215,4027
2026-04-10T02:00:00+0000,0.0063215,0.0063215,0.0063155,0.0063165,1680
2026-04-10T03:00:00+0000,0.0063165,0.006318,0.006316,0.006317,828
2026-04-10T04:00:00+0000,0.006317,0.0063175,0.0063145,0.006315,1242
2026-04-10T05:00:00+0000,0.006315,0.006315,0.0063115,0.006313,1698
2026-04-10T06:00:00+0000,0.006313,0.0063145,0.006306,0.0063115,5212
2026-04-10T07:00:00+0000,0.0063115,0.006315,0.006309,0.0063095,2424
2026-04-10T08:00:00+0000,0.006309,0.0063135,0.006309,0.0063105,1872
2026-04-10T09:00:00+0000,0.0063105,0.006316,0.00631,0.0063135,5368
2026-04-10T10:00:00+0000,0.006313,0.0063155,0.006311,0.006315,1318
2026-04-10T11:00:00+0000,0.006315,0.0063165,0.0063135,0.006316,1685
2026-04-10T12:00:00+0000,0.006316,0.0063295,0.0063155,0.0063165,7179
2026-04-10T13:00:00+0000,0.0063165,0.00632,0.006315,0.0063165,7355
2026-04-10T14:00:00+0000,0.006316,0.0063195,0.006313,0.006318,10493
2026-04-10T15:00:00+0000,0.0063175,0.0063215,0.0063135,0.006314,9622
2026-04-10T16:00:00+0000,0.0063135,0.006314,0.006309,0.006312,5216
2026-04-10T17:00:00+0000,0.006312,0.0063135,0.0063105,0.006311,2600
2026-04-10T18:00:00+0000,0.006311,0.0063135,0.006309,0.0063115,6373
2026-04-10T19:00:00+0000,0.006312,0.006312,0.0063105,0.006311,3193
2026-04-10T20:00:00+0000,0.006311,0.0063125,0.00631,0.00631,1740
2026-04-12T22:00:00+0000,0.006295,0.0062975,0.0062885,0.00629,7339
2026-04-12T23:00:00+0000,0.00629,0.0062965,0.0062875,0.006295,4446
2026-04-13T00:00:00+0000,0.006295,0.0062955,0.006289,0.0062945,6249
2026-04-13T01:00:00+0000,0.0062945,0.006297,0.0062915,0.0062955,3273
2026-04-13T02:00:00+0000,0.006295,0.0062965,0.0062925,0.0062945,1503
2026-04-13T03:00:00+0000,0.0062945,0.0062955,0.006293,0.0062955,1100
2026-04-13T04:00:00+0000,0.006296,0.006296,0.006292,0.006294,1352
2026-04-13T05:00:00+0000,0.006294,0.006296,0.006293,0.006296,1133
2026-04-13T06:00:00+0000,0.0062955,0.0063005,0.0062935,0.0062955,4193
2026-04-13T07:00:00+0000,0.006296,0.006299,0.006294,0.006299,3324
2026-04-13T08:00:00+0000,0.0062985,0.0063005,0.006294,0.0062945,2167
2026-04-13T09:00:00+0000,0.006295,0.0062965,0.006293,0.006294,2702
2026-04-13T10:00:00+0000,0.006294,0.0062965,0.0062935,0.0062955,950
2026-04-13T11:00:00+0000,0.006296,0.006297,0.0062895,0.0062895,3296
2026-04-13T12:00:00+0000,0.0062895,0.006296,0.0062885,0.0062935,7030
2026-04-13T13:00:00+0000,0.0062935,0.0063015,0.006291,0.006301,11205
2026-04-13T14:00:00+0000,0.0063015,0.0063025,0.0062965,0.0063005,9930
2026-04-13T15:00:00+0000,0.0063,0.0063,0.006293,0.0062935,6048
2026-04-13T16:00:00+0000,0.0062935,0.006305,0.0062915,0.006302,7883
2026-04-13T17:00:00+0000,0.006302,0.006309,0.006302,0.006307,5311
2026-04-13T18:00:00+0000,0.006307,0.0063115,0.0063065,0.0063095,20817
2026-04-13T19:00:00+0000,0.00631,0.0063115,0.006307,0.0063075,4895
2026-04-13T20:00:00+0000,0.006308,0.006308,0.0063045,0.0063055,1712
2026-04-13T22:00:00+0000,0.0063065,0.00631,0.0063055,0.006308,1264
2026-04-13T23:00:00+0000,0.0063075,0.006314,0.0063075,0.0063135,2931
2026-04-14T00:00:00+0000,0.006314,0.006317,0.006309,0.0063155,4382
2026-04-14T01:00:00+0000,0.006316,0.006319,0.006313,0.006314,4104
2026-04-14T02:00:00+0000,0.006314,0.006317,0.006312,0.0063165,1635
2026-04-14T03:00:00+0000,0.0063165,0.0063195,0.006316,0.0063185,1360
2026-04-14T04:00:00+0000,0.0063185,0.0063225,0.0063175,0.0063215,2067
2026-04-14T05:00:00+0000,0.0063215,0.0063245,0.0063165,0.006317,2205
2026-04-14T06:00:00+0000,0.006317,0.006318,0.006311,0.006316,3693
2026-04-14T07:00:00+0000,0.006316,0.0063245,0.0063155,0.00632,5070
2026-04-14T08:00:00+0000,0.0063195,0.0063215,0.0063155,0.0063195,3684
2026-04-14T09:00:00+0000,0.0063195,0.0063285,0.006319,0.0063235,9726
2026-04-14T10:00:00+0000,0.0063235,0.00633,0.0063235,0.006329,4475
2026-04-14T11:00:00+0000,0.006329,0.006334,0.006329,0.006331,6445
2026-04-14T12:00:00+0000,0.006331,0.0063355,0.0063275,0.006334,8921
2026-04-14T13:00:00+0000,0.0063335,0.006335,0.006326,0.006328,7224
2026-04-14T14:00:00+0000,0.006328,0.0063385,0.0063275,0.006332,9958
2026-04-14T15:00:00+0000,0.006332,0.0063325,0.0063255,0.006326,7616
2026-04-14T16:00:00+0000,0.0063255,0.0063295,0.006325,0.006329,2840
2026-04-14T17:00:00+0000,0.0063285,0.0063345,0.0063265,0.006333,4006
2026-04-14T18:00:00+0000,0.006333,0.006335,0.0063285,0.0063295,3926
2026-04-14T19:00:00+0000,0.0063295,0.0063305,0.006326,0.006328,3071
2026-04-14T20:00:00+0000,0.006328,0.0063315,0.0063265,0.0063305,1265
2026-04-14T22:00:00+0000,0.0063305,0.0063315,0.0063285,0.0063285,1275
2026-04-14T23:00:00+0000,0.006328,0.006331,0.0063265,0.00633,2339
2026-04-15T00:00:00+0000,0.0063295,0.006332,0.006326,0.0063295,5614
2026-04-15T01:00:00+0000,0.006329,0.006329,0.0063225,0.006325,5268
2026-04-15T02:00:00+0000,0.006325,0.006326,0.006319,0.00632,2840
2026-04-15T03:00:00+0000,0.00632,0.0063235,0.0063195,0.006322,2336
2026-04-15T04:00:00+0000,0.006322,0.0063235,0.006321,0.0063225,1092
2026-04-15T05:00:00+0000,0.006322,0.0063255,0.006322,0.0063235,2008
2026-04-15T06:00:00+0000,0.006323,0.0063275,0.0063205,0.0063205,2810
2026-04-15T07:00:00+0000,0.006321,0.006326,0.006321,0.0063245,3116
2026-04-15T08:00:00+0000,0.0063245,0.006336,0.006324,0.006331,8714
2026-04-15T09:00:00+0000,0.0063315,0.006333,0.0063245,0.006326,3548
2026-04-15T10:00:00+0000,0.006326,0.006329,0.0063195,0.006323,4525
2026-04-15T11:00:00+0000,0.006323,0.0063255,0.006318,0.006321,3257
2026-04-15T12:00:00+0000,0.0063205,0.006321,0.006316,0.0063175,4446
2026-04-15T13:00:00+0000,0.006318,0.006323,0.006317,0.0063205,5198
2026-04-15T14:00:00+0000,0.006321,0.006325,0.0063195,0.006322,5294
2026-04-15T15:00:00+0000,0.006322,0.0063275,0.0063205,0.006321,7921
2026-04-15T16:00:00+0000,0.006321,0.0063325,0.0063205,0.0063265,10638
2026-04-15T17:00:00+0000,0.0063265,0.006327,0.0063175,0.006318,3167
2026-04-15T18:00:00+0000,0.006318,0.006322,0.006317,0.0063215,5189
2026-04-15T19:00:00+0000,0.0063215,0.006324,0.00632,0.006322,2761
2026-04-15T20:00:00+0000,0.0063225,0.006324,0.0063215,0.006324,1751
2026-04-15T22:00:00+0000,0.0063245,0.006327,0.006323,0.006325,1246
2026-04-15T23:00:00+0000,0.006326,0.0063285,0.006325,0.0063275,2130
2026-04-16T00:00:00+0000,0.0063275,0.006332,0.0063265,0.006331,4966
2026-04-16T01:00:00+0000,0.0063315,0.006333,0.006327,0.00633,4342
2026-04-16T02:00:00+0000,0.0063305,0.00634,0.0063275,0.00634,4156
2026-04-16T03:00:00+0000,0.00634,0.00635,0.0063335,0.0063335,12180
2026-04-16T04:00:00+0000,0.006333,0.006334,0.0063305,0.006332,4178
2026-04-16T05:00:00+0000,0.0063315,0.006332,0.006326,0.006326,3496
2026-04-16T06:00:00+0000,0.006326,0.00633,0.006322,0.0063285,5535
2026-04-16T07:00:00+0000,0.006329,0.0063315,0.006325,0.006326,3725
2026-04-16T08:00:00+0000,0.006326,0.006326,0.0063165,0.0063205,7269
2026-04-16T09:00:00+0000,0.0063205,0.006322,0.0063175,0.0063185,3253
2026-04-16T10:00:00+0000,0.0063185,0.0063195,0.006315,0.006319,4059
2026-04-16T11:00:00+0000,0.0063195,0.006325,0.0063195,0.0063215,3518
2026-04-16T12:00:00+0000,0.006322,0.006323,0.0063155,0.0063155,7302
2026-04-16T13:00:00+0000,0.0063155,0.006321,0.006308,0.0063115,8788
2026-04-16T14:00:00+0000,0.0063115,0.006317,0.006309,0.00631,11474
2026-04-16T15:00:00+0000,0.0063095,0.006317,0.006309,0.006317,6793
2026-04-16T16:00:00+0000,0.0063175,0.0063195,0.00631,0.006313,5285
2026-04-16T17:00:00+0000,0.0063135,0.0063135,0.006309,0.00631,3034
2026-04-16T18:00:00+0000,0.0063105,0.0063135,0.0063105,0.0063115,3435
2026-04-16T19:00:00+0000,0.006312,0.0063165,0.0063115,0.0063135,3643
2026-04-16T20:00:00+0000,0.0063135,0.006315,0.006312,0.0063135,1148
2026-04-16T22:00:00+0000,0.0063145,0.006319,0.0063135,0.006315,1549
2026-04-16T23:00:00+0000,0.0063155,0.006316,0.006311,0.0063115,1572
2026-04-17T00:00:00+0000,0.0063115,0.0063125,0.006304,0.006307,4949
2026-04-17T01:00:00+0000,0.0063065,0.0063075,0.0063025,0.006305,4190
2026-04-17T02:00:00+0000,0.006305,0.0063055,0.006302,0.006305,2524
2026-04-17T03:00:00+0000,0.006305,0.0063055,0.0063015,0.0063045,1813
2026-04-17T04:00:00+0000,0.0063045,0.006305,0.0063005,0.0063015,1931
2026-04-17T05:00:00+0000,0.006301,0.006302,0.006299,0.006301,2646
2026-04-17T06:00:00+0000,0.0063005,0.006305,0.0062995,0.0063035,4498
2026-04-17T07:00:00+0000,0.0063035,0.0063085,0.0063035,0.0063085,3538
2026-04-17T08:00:00+0000,0.006309,0.0063145,0.0063075,0.0063145,5887
2026-04-17T09:00:00+0000,0.0063145,0.00632,0.006312,0.0063185,6461
2026-04-17T10:00:00+0000,0.0063185,0.006319,0.006313,0.006313,3459
2026-04-17T11:00:00+0000,0.0063135,0.0063145,0.006311,0.0063125,2273
2026-04-17T12:00:00+0000,0.006313,0.006345,0.006313,0.0063435,28818
2026-04-17T13:00:00+0000,0.0063435,0.006357,0.006339,0.006352,46294
2026-04-17T14:00:00+0000,0.006352,0.006376,0.00635,0.0063655,33777
2026-04-17T15:00:00+0000,0.0063655,0.0063675,0.0063525,0.0063555,24260
2026-04-17T16:00:00+0000,0.0063555,0.006361,0.0063515,0.006358,7730
2026-04-17T17:00:00+0000,0.0063575,0.0063575,0.0063485,0.006353,7291
2026-04-17T18:00:00+0000,0.0063525,0.0063535,0.0063405,0.0063415,8374
2026-04-17T19:00:00+0000,0.006342,0.0063445,0.006336,0.0063365,7035
2026-04-17T20:00:00+0000,0.006337,0.006338,0.0063315,0.006333,3391
2026-04-19T22:00:00+0000,0.00632,0.0063235,0.006316,0.006318,5732
2026-04-19T23:00:00+0000,0.0063185,0.006321,0.006311,0.0063125,6083
2026-04-20T00:00:00+0000,0.006313,0.0063235,0.006311,0.006319,10824
2026-04-20T01:00:00+0000,0.0063185,0.0063255,0.0063185,0.0063245,4317
2026-04-20T02:00:00+0000,0.0063245,0.0063275,0.0063225,0.006324,2491
2026-04-20T03:00:00+0000,0.006324,0.006327,0.006322,0.006324,1950
2026-04-20T04:00:00+0000,0.0063235,0.006325,0.006321,0.006323,1395
2026-04-20T05:00:00+0000,0.006323,0.006323,0.0063185,0.0063215,2278
2026-04-20T06:00:00+0000,0.0063215,0.006326,0.0063195,0.0063245,5289
2026-04-20T07:00:00+0000,0.0063245,0.0063305,0.006317,0.0063205,7127
2026-04-20T08:00:00+0000,0.00632,0.0063225,0.006316,0.00632,4463
2026-04-20T09:00:00+0000,0.00632,0.006324,0.0063165,0.0063225,5597
2026-04-20T10:00:00+0000,0.0063225,0.006325,0.0063205,0.0063225,1497
2026-04-20T11:00:00+0000,0.006323,0.006329,0.006321,0.006326,2437
2026-04-20T12:00:00+0000,0.0063255,0.0063275,0.0063205,0.0063245,3613
2026-04-20T13:00:00+0000,0.0063245,0.006337,0.006322,0.006334,8441
2026-04-20T14:00:00+0000,0.006334,0.006334,0.006324,0.0063305,11377
2026-04-20T15:00:00+0000,0.0063305,0.0063375,0.0063275,0.0063325,7280
2026-04-20T16:00:00+0000,0.0063325,0.006335,0.006331,0.0063335,3220
2026-04-20T17:00:00+0000,0.0063335,0.006335,0.0063285,0.006329,3829
2026-04-20T18:00:00+0000,0.0063295,0.0063325,0.00632,0.006323,21844
2026-04-20T19:00:00+0000,0.0063225,0.006327,0.0063225,0.0063255,2957
2026-04-20T20:00:00+0000,0.006325,0.006327,0.006323,0.006325,1744
2026-04-20T22:00:00+0000,0.006328,0.006328,0.006326,0.0063275,868
2026-04-20T23:00:00+0000,0.0063275,0.006328,0.0063245,0.0063245,1213
2026-04-21T00:00:00+0000,0.006325,0.006325,0.0063195,0.006321,4600
2026-04-21T01:00:00+0000,0.0063205,0.0063225,0.0063195,0.006321,2954
2026-04-21T02:00:00+0000,0.0063205,0.006322,0.006319,0.006321,2604
2026-04-21T03:00:00+0000,0.006321,0.0063215,0.006319,0.0063195,1609
2026-04-21T04:00:00+0000,0.0063195,0.006321,0.006319,0.0063205,1079
2026-04-21T05:00:00+0000,0.00632,0.0063245,0.00632,0.006323,1624
2026-04-21T06:00:00+0000,0.006323,0.006327,0.006322,0.0063265,4207
2026-04-21T07:00:00+0000,0.006326,0.0063265,0.006318,0.006318,4132
2026-04-21T08:00:00+0000,0.006318,0.006318,0.00631,0.006312,10636
2026-04-21T09:00:00+0000,0.0063115,0.006315,0.0063085,0.006311,5030
2026-04-21T10:00:00+0000,0.0063105,0.0063115,0.0063095,0.006311,1463
2026-04-21T11:00:00+0000,0.006311,0.0063175,0.006309,0.006317,3475
2026-04-21T12:00:00+0000,0.0063175,0.0063185,0.0063095,0.0063115,6752
2026-04-21T13:00:00+0000,0.006312,0.0063185,0.006311,0.006315,5659
2026-04-21T14:00:00+0000,0.0063155,0.0063175,0.0063035,0.006304,12029
2026-04-21T15:00:00+0000,0.006304,0.0063075,0.006301,0.006303,11962
2026-04-21T16:00:00+0000,0.0063035,0.006305,0.0062985,0.0063005,7400
2026-04-21T17:00:00+0000,0.0063005,0.006312,0.006294,0.006306,13567
2026-04-21T18:00:00+0000,0.006306,0.0063075,0.0062995,0.006304,8507
2026-04-21T19:00:00+0000,0.006304,0.0063095,0.006293,0.0062945,9589
2026-04-21T20:00:00+0000,0.0062945,0.006307,0.0062935,0.006303,4995
2026-04-21T22:00:00+0000,0.006303,0.006304,0.0063015,0.006302,1088
2026-04-21T23:00:00+0000,0.0063025,0.0063045,0.0063,0.0063035,2164
2026-04-22T00:00:00+0000,0.006303,0.0063125,0.006303,0.006307,6564
2026-04-22T01:00:00+0000,0.006307,0.006309,0.006305,0.006308,2109
2026-04-22T02:00:00+0000,0.0063085,0.0063085,0.0063035,0.006304,1820
2026-04-22T03:00:00+0000,0.0063045,0.006305,0.006302,0.0063025,2313
2026-04-22T04:00:00+0000,0.006303,0.0063065,0.006303,0.006305,1655
2026-04-22T05:00:00+0000,0.006305,0.0063145,0.0063045,0.006309,5234
2026-04-22T06:00:00+0000,0.006309,0.006313,0.006308,0.006313,3478
2026-04-22T07:00:00+0000,0.006313,0.006314,0.0063065,0.0063095,4328
2026-04-22T08:00:00+0000,0.0063095,0.0063105,0.0063035,0.006304,3013
2026-04-22T09:00:00+0000,0.006304,0.006306,0.0063035,0.0063045,2070
2026-04-22T10:00:00+0000,0.006305,0.00631,0.0063035,0.0063095,2667
2026-04-22T11:00:00+0000,0.0063095,0.0063105,0.0063075,0.0063085,4030
2026-04-22T12:00:00+0000,0.0063085,0.0063125,0.0063035,0.006304,5411
2026-04-22T13:00:00+0000,0.006304,0.0063145,0.0063035,0.0063115,13327
2026-04-22T14:00:00+0000,0.0063115,0.006313,0.0063025,0.006303,10065
2026-04-22T15:00:00+0000,0.006303,0.006304,0.006298,0.0062985,11064
2026-04-22T16:00:00+0000,0.006299,0.0063005,0.0062975,0.006298,7538
2026-04-22T17:00:00+0000,0.006298,0.006301,0.0062975,0.0063005,3902
2026-04-22T18:00:00+0000,0.0063005,0.0063015,0.0062985,0.0062995,4171
2026-04-22T19:00:00+0000,0.006299,0.0063,0.006296,0.0062965,2976
2026-04-22T20:00:00+0000,0.006297,0.0063,0.0062955,0.0062985,3261
2026-04-22T22:00:00+0000,0.006299,0.0063,0.0062965,0.0062975,1174
2026-04-22T23:00:00+0000,0.0062975,0.006299,0.006297,0.006297,1673
2026-04-23T00:00:00+0000,0.006297,0.0063055,0.006289,0.006304,14060
2026-04-23T01:00:00+0000,0.006304,0.006305,0.0063,0.0063015,4098
2026-04-23T02:00:00+0000,0.0063015,0.006302,0.006294,0.006295,4575
2026-04-23T03:00:00+0000,0.0062955,0.0062975,0.0062945,0.006295,2716
2026-04-23T04:00:00+0000,0.0062945,0.006296,0.006293,0.0062945,2199
2026-04-23T05:00:00+0000,0.0062945,0.0062965,0.0062925,0.006295,2363
2026-04-23T06:00:00+0000,0.006295,0.006296,0.00629,0.00629,3662
2026-04-23T07:00:00+0000,0.00629,0.0062925,0.006289,0.0062925,4381
2026-04-23T08:00:00+0000,0.006293,0.006293,0.0062885,0.006289,2833
2026-04-23T09:00:00+0000,0.006289,0.006291,0.006286,0.0062875,5867
2026-04-23T10:00:00+0000,0.0062875,0.00629,0.0062855,0.0062885,4968
2026-04-23T11:00:00+0000,0.0062885,0.006297,0.0062865,0.0062955,5847
2026-04-23T12:00:00+0000,0.006295,0.0062995,0.006293,0.0062965,10696
2026-04-23T13:00:00+0000,0.0062965,0.006298,0.0062915,0.0062935,7824
2026-04-23T14:00:00+0000,0.006294,0.006302,0.0062925,0.0063005,7992
2026-04-23T15:00:00+0000,0.0063005,0.0063045,0.006297,0.0062995,7291
2026-04-23T16:00:00+0000,0.0062995,0.0063,0.0062975,0.0062985,2801
2026-04-23T17:00:00+0000,0.006299,0.006299,0.006283,0.006294,20269
2026-04-23T18:00:00+0000,0.006295,0.0062985,0.0062915,0.006292,7803
2026-04-23T19:00:00+0000,0.0062915,0.0062925,0.006287,0.0062895,4488
2026-04-23T20:00:00+0000,0.0062885,0.0062895,0.0062865,0.006288,1057
2026-04-23T22:00:00+0000,0.006289,0.00629,0.006286,0.0062885,1308
2026-04-23T23:00:00+0000,0.006288,0.0062885,0.006285,0.006286,2328
2026-04-24T00:00:00+0000,0.006286,0.006289,0.006284,0.006285,6120
2026-04-24T01:00:00+0000,0.006285,0.0062865,0.006284,0.006286,2660
2026-04-24T02:00:00+0000,0.006286,0.0062865,0.006284,0.0062855,2158
2026-04-24T03:00:00+0000,0.0062855,0.0062855,0.0062825,0.0062845,2217
2026-04-24T04:00:00+0000,0.0062845,0.006287,0.006284,0.0062855,1336
2026-04-24T05:00:00+0000,0.0062855,0.0062865,0.006284,0.0062855,2035
2026-04-24T06:00:00+0000,0.006286,0.006292,0.0062845,0.006289,3940
2026-04-24T07:00:00+0000,0.006289,0.006291,0.006288,0.0062895,3813
2026-04-24T08:00:00+0000,0.0062895,0.00629,0.006283,0.0062875,6042
2026-04-24T09:00:00+0000,0.006288,0.006289,0.006286,0.0062865,1711
2026-04-24T10:00:00+0000,0.0062865,0.0062905,0.0062855,0.0062905,1940
2026-04-24T11:00:00+0000,0.0062905,0.0063035,0.0062895,0.0062995,13809
2026-04-24T12:00:00+0000,0.0062995,0.006301,0.006291,0.006294,6566
2026-04-24T13:00:00+0000,0.0062945,0.006297,0.00629,0.0062925,8340
2026-04-24T14:00:00+0000,0.006292,0.006301,0.0062905,0.006296,18087
2026-04-24T15:00:00+0000,0.006296,0.006303,0.006293,0.006302,11159
2026-04-24T16:00:00+0000,0.006302,0.006304,0.0062995,0.006302,4874
2026-04-24T17:00:00+0000,0.006302,0.006304,0.006299,0.0063,6140
2026-04-24T18:00:00+0000,0.0062995,0.0063005,0.0062975,0.0062995,4025
2026-04-24T19:00:00+0000,0.006299,0.0063015,0.0062985,0.0062995,3825
2026-04-24T20:00:00+0000,0.0063,0.006303,0.006299,0.0063005,2128
2026-04-26T22:00:00+0000,0.0062955,0.0062955,0.0062915,0.006293,1391
2026-04-26T23:00:00+0000,0.0062935,0.006295,0.006291,0.006292,2004
2026-04-27T00:00:00+0000,0.0062915,0.0062975,0.0062915,0.006296,5037
2026-04-27T01:00:00+0000,0.0062965,0.006305,0.0062965,0.006302,6606
2026-04-27T02:00:00+0000,0.0063025,0.006305,0.0063005,0.006303,3096
2026-04-27T03:00:00+0000,0.006303,0.0063075,0.0063025,0.0063065,3712
2026-04-27T04:00:00+0000,0.0063065,0.0063095,0.006305,0.0063055,2537
2026-04-27T05:00:00+0000,0.0063055,0.006306,0.006298,0.006299,3576
2026-04-27T06:00:00+0000,0.006299,0.006305,0.006296,0.006305,6250
2026-04-27T07:00:00+0000,0.0063045,0.006308,0.0063035,0.0063065,4529
2026-04-27T08:00:00+0000,0.006306,0.0063105,0.0063045,0.0063095,4373
2026-04-27T09:00:00+0000,0.0063095,0.0063115,0.006306,0.006306,3144
2026-04-27T10:00:00+0000,0.0063065,0.0063095,0.0063045,0.006309,2389
2026-04-27T11:00:00+0000,0.006309,0.006311,0.006307,0.0063075,2284
2026-04-27T12:00:00+0000,0.0063075,0.006311,0.0063055,0.006306,5104
2026-04-27T13:00:00+0000,0.006306,0.006309,0.0063035,0.006305,7108
2026-04-27T14:00:00+0000,0.0063045,0.006311,0.0063035,0.006306,12120
2026-04-27T15:00:00+0000,0.006306,0.006307,0.006303,0.0063035,9855
2026-04-27T16:00:00+0000,0.0063035,0.006304,0.0062995,0.0062995,6514
2026-04-27T17:00:00+0000,0.0063,0.006301,0.0062965,0.0063,7507
2026-04-27T18:00:00+0000,0.0062995,0.0063,0.0062965,0.006297,10043
2026-04-27T19:00:00+0000,0.0062975,0.0063,0.006297,0.006298,3867
2026-04-27T20:00:00+0000,0.006298,0.0063,0.006298,0.006298,1571
2026-04-27T22:00:00+0000,0.0063005,0.0063005,0.0062965,0.006298,997
2026-04-27T23:00:00+0000,0.006298,0.0063005,0.0062965,0.0062995,1306
2026-04-28T00:00:00+0000,0.0062995,0.006303,0.006295,0.006296,4190
2026-04-28T01:00:00+0000,0.0062955,0.006296,0.006292,0.0062925,3829
2026-04-28T02:00:00+0000,0.006293,0.006295,0.0062915,0.006294,2825
2026-04-28T03:00:00+0000,0.006294,0.0063155,0.0062915,0.006312,16652
2026-04-28T04:00:00+0000,0.006312,0.0063165,0.006311,0.0063115,4449
2026-04-28T05:00:00+0000,0.006311,0.0063125,0.006306,0.0063065,2766
2026-04-28T06:00:00+0000,0.0063065,0.006313,0.0063,0.0063005,10315
2026-04-28T07:00:00+0000,0.0063005,0.0063035,0.0062925,0.006293,9555
2026-04-28T08:00:00+0000,0.0062935,0.006296,0.006287,0.0062955,11570
2026-04-28T09:00:00+0000,0.006295,0.006298,0.006291,0.006292,3014
2026-04-28T10:00:00+0000,0.006292,0.006293,0.0062885,0.0062895,2736
2026-04-28T11:00:00+0000,0.0062895,0.0062905,0.006283,0.0062845,7840
2026-04-28T12:00:00+0000,0.0062845,0.0062985,0.0062835,0.006296,12406
2026-04-28T13:00:00+0000,0.006296,0.0062975,0.0062905,0.0062945,9420
2026-04-28T14:00:00+0000,0.006294,0.006294,0.0062845,0.006286,10617
2026-04-28T15:00:00+0000,0.006286,0.006294,0.006286,0.006293,6889
2026-04-28T16:00:00+0000,0.0062935,0.0062945,0.00629,0.006292,4650
2026-04-28T17:00:00+0000,0.0062925,0.0062945,0.0062895,0.006293,2898
2026-04-28T18:00:00+0000,0.0062935,0.006294,0.006289,0.0062895,5582
2026-04-28T19:00:00+0000,0.0062895,0.006292,0.0062875,0.0062885,3206
2026-04-28T20:00:00+0000,0.006288,0.006291,0.006288,0.0062895,1670
2026-04-28T22:00:00+0000,0.006291,0.006292,0.0062905,0.006292,605
2026-04-28T23:00:00+0000,0.0062915,0.006293,0.006291,0.0062925,761
2026-04-29T00:00:00+0000,0.0062925,0.006294,0.006291,0.006293,2463
2026-04-29T01:00:00+0000,0.0062925,0.0062935,0.006288,0.00629,3490
2026-04-29T02:00:00+0000,0.0062905,0.006292,0.0062895,0.0062895,1406
2026-04-29T03:00:00+0000,0.00629,0.006291,0.006289,0.00629,987
2026-04-29T04:00:00+0000,0.00629,0.00629,0.006289,0.0062895,376
2026-04-29T05:00:00+0000,0.006289,0.0062895,0.0062865,0.0062865,2026
2026-04-29T06:00:00+0000,0.006286,0.0062905,0.006285,0.006288,2987
2026-04-29T07:00:00+0000,0.0062885,0.00629,0.006287,0.006288,2350
2026-04-29T08:00:00+0000,0.0062885,0.006289,0.006283,0.0062835,3728
2026-04-29T09:00:00+0000,0.0062835,0.006285,0.006281,0.0062815,4387
2026-04-29T10:00:00+0000,0.0062815,0.006285,0.006281,0.0062845,2575
2026-04-29T11:00:00+0000,0.006285,0.0062855,0.0062805,0.006281,3901
2026-04-29T12:00:00+0000,0.006281,0.0062825,0.0062755,0.006276,9734
2026-04-29T13:00:00+0000,0.006276,0.006277,0.006267,0.0062675,21397
2026-04-29T14:00:00+0000,0.0062675,0.0062745,0.0062665,0.006271,14643
2026-04-29T15:00:00+0000,0.0062715,0.0062715,0.0062625,0.006266,12602
2026-04-29T16:00:00+0000,0.0062655,0.0062685,0.0062625,0.006263,6468
2026-04-29T17:00:00+0000,0.006263,0.0062755,0.006261,0.0062665,8438
2026-04-29T18:00:00+0000,0.0062665,0.0062685,0.006258,0.0062615,14969
2026-04-29T19:00:00+0000,0.0062615,0.006264,0.0062575,0.0062605,6303
2026-04-29T20:00:00+0000,0.00626,0.006261,0.0062565,0.0062585,4286
2026-04-29T22:00:00+0000,0.0062585,0.006259,0.006254,0.006259,2245
2026-04-29T23:00:00+0000,0.006259,0.006266,0.006258,0.006264,4539
2026-04-30T00:00:00+0000,0.006264,0.006269,0.0062595,0.0062605,7419
2026-04-30T01:00:00+0000,0.00626,0.0062635,0.0062595,0.006263,4196
2026-04-30T02:00:00+0000,0.006263,0.0062635,0.006256,0.006258,3915
2026-04-30T03:00:00+0000,0.0062585,0.006259,0.006255,0.0062555,2484
2026-04-30T04:00:00+0000,0.006255,0.0062575,0.006249,0.0062505,5450
2026-04-30T05:00:00+0000,0.006251,0.0062535,0.0062465,0.0062465,4541
2026-04-30T06:00:00+0000,0.006246,0.006251,0.006243,0.0062475,7201
2026-04-30T07:00:00+0000,0.0062475,0.00628,0.0062475,0.0062665,22554
2026-04-30T08:00:00+0000,0.0062665,0.0062935,0.0062645,0.0062885,36735
2026-04-30T09:00:00+0000,0.0062885,0.0063025,0.006288,0.006298,24526
2026-04-30T10:00:00+0000,0.006298,0.006393,0.006297,0.0063845,133864
2026-04-30T11:00:00+0000,0.006386,0.006452,0.006373,0.006417,125583
2026-04-30T12:00:00+0000,0.0064175,0.0064185,0.0063865,0.0063995,41669
2026-04-30T13:00:00+0000,0.0063985,0.0064245,0.0063935,0.006395,39226
2026-04-30T14:00:00+0000,0.006395,0.0064145,0.006393,0.006405,31342
2026-04-30T15:00:00+0000,0.006405,0.0064075,0.0063985,0.006405,17820
2026-04-30T16:00:00+0000,0.006405,0.0064115,0.006402,0.006409,10436
2026-04-30T17:00:00+0000,0.006409,0.0064155,0.006404,0.006413,7927
2026-04-30T18:00:00+0000,0.006413,0.00642,0.006413,0.006416,14746
2026-04-30T19:00:00+0000,0.006416,0.0064195,0.006409,0.0064095,7975
2026-04-30T20:00:00+0000,0.0064095,0.0064115,0.0064065,0.0064075,2442
2026-04-30T22:00:00+0000,0.0064075,0.0064085,0.0064015,0.006405,3203
2026-04-30T23:00:00+0000,0.006405,0.0064055,0.00639,0.0063915,6728
2026-05-01T00:00:00+0000,0.0063915,0.0063925,0.0063785,0.0063875,13522
2026-05-01T01:00:00+0000,0.0063875,0.0063885,0.006381,0.0063825,8261
2026-05-01T02:00:00+0000,0.006383,0.0063855,0.0063775,0.006381,5337
2026-05-01T03:00:00+0000,0.0063815,0.006391,0.006379,0.006383,5234
2026-05-01T04:00:00+0000,0.0063835,0.0063865,0.00638,0.006381,2964
2026-05-01T05:00:00+0000,0.006381,0.006383,0.006379,0.0063795,2491
2026-05-01T06:00:00+0000,0.0063795,0.006453,0.0063785,0.0064335,38653
2026-05-01T07:00:00+0000,0.0064335,0.0064375,0.0064025,0.0064065,31932
2026-05-01T08:00:00+0000,0.0064065,0.006421,0.006405,0.0064125,8913
2026-05-01T09:00:00+0000,0.0064125,0.0064145,0.006401,0.0064085,6312
2026-05-01T10:00:00+0000,0.006408,0.0064115,0.006406,0.0064075,3993
2026-05-01T11:00:00+0000,0.0064075,0.006414,0.006406,0.006408,5122
2026-05-01T12:00:00+0000,0.0064075,0.006416,0.0064055,0.006407,10888
2026-05-01T13:00:00+0000,0.006407,0.006418,0.0064005,0.0064115,15314
2026-05-01T14:00:00+0000,0.006412,0.006417,0.006402,0.006406,15299
2026-05-01T15:00:00+0000,0.0064055,0.006406,0.0063955,0.0064,10884
2026-05-01T16:00:00+0000,0.0064005,0.0064045,0.006393,0.0063935,7097
2026-05-01T17:00:00+0000,0.006393,0.006397,0.00639,0.0063935,5366
2026-05-01T18:00:00+0000,0.006394,0.006394,0.006386,0.0063905,10437
2026-05-01T19:00:00+0000,0.0063905,0.006391,0.006387,0.0063885,3436
2026-05-01T20:00:00+0000,0.0063885,0.006392,0.006386,0.006387,3098
2026-05-03T22:00:00+0000,0.006405,0.006405,0.006394,0.006398,2936
2026-05-03T23:00:00+0000,0.0063975,0.006399,0.006395,0.006395,2901
2026-05-04T00:00:00+0000,0.0063945,0.0063965,0.006391,0.0063945,2754
2026-05-04T01:00:00+0000,0.006395,0.006407,0.0063875,0.0063895,7964
2026-05-04T02:00:00+0000,0.0063895,0.00639,0.0063825,0.0063855,4963
2026-05-04T03:00:00+0000,0.0063855,0.006445,0.0063805,0.0064235,55629
2026-05-04T04:00:00+0000,0.0064235,0.0064265,0.0063995,0.0064015,9558
2026-05-04T05:00:00+0000,0.0064015,0.00641,0.0063965,0.0063995,7085
2026-05-04T06:00:00+0000,0.0064,0.006402,0.006393,0.006394,4900
2026-05-04T07:00:00+0000,0.0063935,0.006398,0.0063915,0.0063955,3635
2026-05-04T08:00:00+0000,0.006395,0.0063955,0.006392,0.0063925,2362
2026-05-04T09:00:00+0000,0.006393,0.006395,0.00639,0.0063925,2442
2026-05-04T10:00:00+0000,0.006392,0.006392,0.0063825,0.0063865,10341
2026-05-04T11:00:00+0000,0.0063865,0.006388,0.0063835,0.0063835,2891
2026-05-04T12:00:00+0000,0.006384,0.00639,0.0063835,0.006385,3453
2026-05-04T13:00:00+0000,0.006385,0.0063925,0.0063835,0.00639,8173
2026-05-04T14:00:00+0000,0.0063895,0.006394,0.0063845,0.006387,9095
2026-05-04T15:00:00+0000,0.0063875,0.006393,0.0063785,0.006383,14427
2026-05-04T16:00:00+0000,0.0063825,0.006385,0.0063785,0.00638,8803
2026-05-04T17:00:00+0000,0.00638,0.0063845,0.0063795,0.0063815,4394
2026-05-04T18:00:00+0000,0.0063815,0.006411,0.0063795,0.006403,57140
2026-05-04T19:00:00+0000,0.0064015,0.0064015,0.006386,0.0063875,14803
2026-05-04T20:00:00+0000,0.0063875,0.0063875,0.006379,0.0063815,5185
2026-05-04T22:00:00+0000,0.0063865,0.0063865,0.0063795,0.0063815,1470
2026-05-04T23:00:00+0000,0.006382,0.0063845,0.006381,0.0063825,2926
2026-05-05T00:00:00+0000,0.0063825,0.006384,0.0063805,0.0063825,3254
2026-05-05T01:00:00+0000,0.006382,0.006383,0.0063795,0.0063825,3698
2026-05-05T02:00:00+0000,0.0063825,0.006383,0.0063815,0.0063815,1541
2026-05-05T03:00:00+0000,0.006382,0.0063825,0.0063795,0.00638,1116
2026-05-05T04:00:00+0000,0.00638,0.006381,0.0063775,0.006379,2027
2026-05-05T05:00:00+0000,0.006379,0.0063825,0.0063785,0.0063795,2636
2026-05-05T06:00:00+0000,0.00638,0.006383,0.0063785,0.0063815,3201
2026-05-05T07:00:00+0000,0.006382,0.006388,0.006381,0.0063815,5740
2026-05-05T08:00:00+0000,0.0063815,0.0063825,0.006379,0.0063795,3128
2026-05-05T09:00:00+0000,0.006379,0.006387,0.006354,0.00637,32986
2026-05-05T10:00:00+0000,0.0063705,0.006371,0.0063635,0.0063655,5611
2026-05-05T11:00:00+0000,0.0063655,0.006366,0.0063585,0.0063605,7891
2026-05-05T12:00:00+0000,0.0063605,0.006365,0.0063565,0.0063595,8075
2026-05-05T13:00:00+0000,0.0063595,0.0063635,0.006358,0.0063595,5185
2026-05-05T14:00:00+0000,0.00636,0.006364,0.006357,0.006363,13267
2026-05-05T15:00:00+0000,0.0063635,0.006366,0.006361,0.006363,7725
2026-05-05T16:00:00+0000,0.0063635,0.0063645,0.0063585,0.006359,3064
2026-05-05T17:00:00+0000,0.006359,0.0063595,0.0063545,0.006356,4111
2026-05-05T18:00:00+0000,0.006356,0.006357,0.0063535,0.0063555,4234
2026-05-05T19:00:00+0000,0.006355,0.006356,0.0063535,0.006355,2310
2026-05-05T20:00:00+0000,0.0063555,0.006357,0.006354,0.0063545,2102
2026-05-05T22:00:00+0000,0.006355,0.006367,0.006352,0.0063615,4141
2026-05-05T23:00:00+0000,0.006362,0.0063685,0.006361,0.0063635,3346
2026-05-06T00:00:00+0000,0.0063635,0.0063685,0.006362,0.006367,3671
2026-05-06T01:00:00+0000,0.006367,0.0063675,0.006362,0.006362,3461
2026-05-06T02:00:00+0000,0.006363,0.006364,0.006357,0.0063585,1853
2026-05-06T03:00:00+0000,0.006358,0.006362,0.006355,0.006359,2421
2026-05-06T04:00:00+0000,0.0063585,0.0064725,0.0063575,0.006435,159084
2026-05-06T05:00:00+0000,0.006435,0.006442,0.006416,0.0064185,17730
2026-05-06T06:00:00+0000,0.006419,0.0064195,0.006413,0.006416,7997
2026-05-06T07:00:00+0000,0.006416,0.0064425,0.0064085,0.006439,14557
2026-05-06T08:00:00+0000,0.006439,0.006442,0.00642,0.0064325,17950
2026-05-06T09:00:00+0000,0.006433,0.0064355,0.0064275,0.006435,5803
2026-05-06T10:00:00+0000,0.006435,0.0064475,0.0064265,0.006442,12834
2026-05-06T11:00:00+0000,0.006442,0.006444,0.0064275,0.006428,6251
2026-05-06T12:00:00+0000,0.0064285,0.0064285,0.006419,0.00642,8486
2026-05-06T13:00:00+0000,0.00642,0.0064295,0.006419,0.006427,10124
2026-05-06T14:00:00+0000,0.0064265,0.0064295,0.0064195,0.00642,8958
2026-05-06T15:00:00+0000,0.00642,0.0064205,0.006413,0.006414,8662
2026-05-06T16:00:00+0000,0.006414,0.006417,0.0064115,0.0064145,4570
2026-05-06T17:00:00+0000,0.006414,0.006417,0.0064105,0.006412,2999
2026-05-06T18:00:00+0000,0.006412,0.006417,0.006412,0.0064155,5422
2026-05-06T19:00:00+0000,0.006415,0.0064175,0.006414,0.006415,3595
2026-05-06T20:00:00+0000,0.006415,0.00642,0.0064135,0.006415,4243
2026-05-06T22:00:00+0000,0.0064205,0.0064205,0.006414,0.006416,1456
2026-05-06T23:00:00+0000,0.0064165,0.0064185,0.0064085,0.006409,3674
2026-05-07T00:00:00+0000,0.0064085,0.006421,0.006408,0.0064165,7653
2026-05-07T01:00:00+0000,0.0064175,0.0064295,0.0064155,0.0064215,6700
2026-05-07T02:00:00+0000,0.006421,0.006424,0.006415,0.006416,4311
2026-05-07T03:00:00+0000,0.006416,0.006417,0.006412,0.006413,3032
2026-05-07T04:00:00+0000,0.0064125,0.0064175,0.0064125,0.006415,3018
2026-05-07T05:00:00+0000,0.0064155,0.0064175,0.0064135,0.006415,3033
2026-05-07T06:00:00+0000,0.006415,0.006426,0.006413,0.006418,6611
2026-05-07T07:00:00+0000,0.006418,0.006429,0.006418,0.0064195,6410
2026-05-07T08:00:00+0000,0.006419,0.006423,0.006416,0.0064165,3194
2026-05-07T09:00:00+0000,0.0064165,0.0064175,0.006413,0.0064145,3303
2026-05-07T10:00:00+0000,0.0064145,0.0064185,0.0064135,0.006414,2205
2026-05-07T11:00:00+0000,0.006414,0.006416,0.0064105,0.0064135,3072
2026-05-07T12:00:00+0000,0.006414,0.0064205,0.006413,0.0064185,4728
2026-05-07T13:00:00+0000,0.0064185,0.0064195,0.006413,0.006416,6688
2026-05-07T14:00:00+0000,0.006416,0.0064235,0.0064135,0.0064195,10757
2026-05-07T15:00:00+0000,0.0064195,0.00642,0.006409,0.00641,8984
2026-05-07T16:00:00+0000,0.00641,0.0064105,0.0064035,0.006404,7743
2026-05-07T17:00:00+0000,0.006404,0.0064045,0.006393,0.0064025,9232
2026-05-07T18:00:00+0000,0.006403,0.0064055,0.0063945,0.0064,5925
2026-05-07T19:00:00+0000,0.0064,0.0064015,0.006394,0.006395,5487
2026-05-07T20:00:00+0000,0.006394,0.0063995,0.0063905,0.006391,4716
2026-05-07T22:00:00+0000,0.0063925,0.006395,0.00639,0.006393,2228
2026-05-07T23:00:00+0000,0.006393,0.006396,0.006392,0.0063945,876
2026-05-08T00:00:00+0000,0.0063945,0.006396,0.006389,0.00639,5941
2026-05-08T01:00:00+0000,0.0063895,0.0063945,0.0063895,0.006393,2507
2026-05-08T02:00:00+0000,0.0063925,0.006394,0.0063905,0.006393,1748
2026-05-08T03:00:00+0000,0.006393,0.006398,0.006393,0.006395,1972
2026-05-08T04:00:00+0000,0.0063955,0.006396,0.0063925,0.006395,1547
2026-05-08T05:00:00+0000,0.006395,0.006396,0.0063935,0.0063955,1453
2026-05-08T06:00:00+0000,0.0063955,0.0064005,0.006395,0.0063955,3254
2026-05-08T07:00:00+0000,0.006395,0.006399,0.0063945,0.0063955,2774
2026-05-08T08:00:00+0000,0.0063955,0.0064035,0.0063945,0.006401,3377
2026-05-08T09:00:00+0000,0.006401,0.006404,0.0064,0.0064015,2763
2026-05-08T10:00:00+0000,0.0064015,0.006403,0.006397,0.006398,2128
2026-05-08T11:00:00+0000,0.006398,0.0064,0.006397,0.006399,2186
2026-05-08T12:00:00+0000,0.006399,0.0064085,0.006392,0.006403,11491
2026-05-08T13:00:00+0000,0.006403,0.006412,0.0064005,0.0064075,8592
2026-05-08T14:00:00+0000,0.0064085,0.006409,0.006402,0.0064035,7708
2026-05-08T15:00:00+0000,0.0064035,0.0064065,0.006402,0.006403,7073
2026-05-08T16:00:00+0000,0.006403,0.006405,0.0064005,0.0064005,3311
2026-05-08T17:00:00+0000,0.0064005,0.006404,0.0064,0.006401,2541
2026-05-08T18:00:00+0000,0.006401,0.0064055,0.006399,0.006401,5608
2026-05-08T19:00:00+0000,0.006401,0.006402,0.006397,0.0063995,3998
2026-05-08T20:00:00+0000,0.0063995,0.006403,0.0063985,0.006401,2153
2026-05-10T22:00:00+0000,0.0063955,0.0064015,0.006386,0.006392,3497
2026-05-10T23:00:00+0000,0.006392,0.006395,0.0063915,0.0063935,928
2026-05-11T00:00:00+0000,0.0063935,0.0063945,0.0063855,0.006391,4716
2026-05-11T01:00:00+0000,0.006391,0.0063915,0.006384,0.0063845,2939
2026-05-11T02:00:00+0000,0.0063845,0.006386,0.006382,0.006382,1920
2026-05-11T03:00:00+0000,0.006382,0.006384,0.006381,0.006382,1940
2026-05-11T04:00:00+0000,0.006382,0.0063845,0.0063815,0.006383,1898
2026-05-11T05:00:00+0000,0.006383,0.006385,0.006382,0.0063825,1228
2026-05-11T06:00:00+0000,0.006383,0.0063885,0.006382,0.0063885,3671
2026-05-11T07:00:00+0000,0.0063885,0.0063885,0.006383,0.0063835,2299
2026-05-11T08:00:00+0000,0.0063835,0.00639,0.0063825,0.0063845,2959
2026-05-11T09:00:00+0000,0.0063845,0.0063855,0.006382,0.006382,2248
2026-05-11T10:00:00+0000,0.006382,0.006385,0.0063815,0.0063825,2368
2026-05-11T11:00:00+0000,0.0063825,0.006385,0.006382,0.0063835,2065
2026-05-11T12:00:00+0000,0.0063835,0.0063855,0.006382,0.0063835,3840
2026-05-11T13:00:00+0000,0.0063835,0.006389,0.006383,0.006387,6387
2026-05-11T14:00:00+0000,0.006387,0.006389,0.0063845,0.006388,8481
2026-05-11T15:00:00+0000,0.006388,0.0063885,0.0063855,0.0063865,3989
2026-05-11T16:00:00+0000,0.006386,0.006387,0.0063815,0.0063815,2961
2026-05-11T17:00:00+0000,0.006382,0.006384,0.0063795,0.0063835,2804
2026-05-11T18:00:00+0000,0.0063835,0.0063845,0.0063795,0.0063795,4858
2026-05-11T19:00:00+0000,0.0063795,0.00638,0.006377,0.0063785,3780
2026-05-11T20:00:00+0000,0.006378,0.006381,0.006377,0.006381,1995
2026-05-11T22:00:00+0000,0.006381,0.006381,0.006379,0.0063795,443
2026-05-11T23:00:00+0000,0.00638,0.00638,0.0063775,0.0063775,1043
2026-05-12T00:00:00+0000,0.006378,0.006378,0.006369,0.006371,4237
2026-05-12T01:00:00+0000,0.0063705,0.006372,0.0063635,0.006366,5574
2026-05-12T02:00:00+0000,0.006366,0.006366,0.0063615,0.0063635,3121
2026-05-12T03:00:00+0000,0.006364,0.006365,0.0063615,0.006363,1969
2026-05-12T04:00:00+0000,0.006363,0.0063655,0.0063615,0.006364,2068
2026-05-12T05:00:00+0000,0.0063635,0.0063985,0.006357,0.006375,15355
2026-05-12T06:00:00+0000,0.0063755,0.0063855,0.0063665,0.0063665,9903
2026-05-12T07:00:00+0000,0.0063665,0.006372,0.0063645,0.006367,5643
2026-05-12T08:00:00+0000,0.006367,0.006368,0.0063605,0.006363,3780
2026-05-12T09:00:00+0000,0.006362,0.006366,0.0063605,0.006365,2852
2026-05-12T10:00:00+0000,0.0063645,0.006368,0.0063625,0.006365,1803
2026-05-12T11:00:00+0000,0.006365,0.0063675,0.0063625,0.0063645,2189
2026-05-12T12:00:00+0000,0.0063645,0.006367,0.0063615,0.006365,5475
2026-05-12T13:00:00+0000,0.0063655,0.006368,0.0063605,0.006361,6906
2026-05-12T14:00:00+0000,0.0063615,0.0063645,0.006359,0.006362,6443
2026-05-12T15:00:00+0000,0.006362,0.006363,0.006357,0.0063585,5521
2026-05-12T16:00:00+0000,0.006359,0.0063605,0.0063565,0.006357,2769
2026-05-12T17:00:00+0000,0.006357,0.0063605,0.006357,0.0063595,3131
2026-05-12T18:00:00+0000,0.0063595,0.0063645,0.0063585,0.0063635,4681
2026-05-12T19:00:00+0000,0.006364,0.006367,0.006362,0.0063625,3418
2026-05-12T20:00:00+0000,0.0063625,0.006364,0.006361,0.0063635,1720
2026-05-12T22:00:00+0000,0.0063635,0.0063645,0.006362,0.006363,758
2026-05-12T23:00:00+0000,0.006363,0.0063645,0.0063595,0.00636,1181
2026-05-13T00:00:00+0000,0.0063595,0.0063615,0.0063555,0.0063585,4238
2026-05-13T01:00:00+0000,0.0063585,0.006364,0.0063555,0.006361,4113
2026-05-13T02:00:00+0000,0.006361,0.006363,0.006358,0.0063605,1468
2026-05-13T03:00:00+0000,0.0063605,0.0063615,0.0063595,0.0063595,1388
2026-05-13T04:00:00+0000,0.0063595,0.00636,0.0063565,0.006358,1946
2026-05-13T05:00:00+0000,0.0063575,0.0063595,0.006357,0.006359,1402
2026-05-13T06:00:00+0000,0.006359,0.0063595,0.0063555,0.006356,2975
2026-05-13T07:00:00+0000,0.0063555,0.00636,0.0063525,0.0063535,3685
2026-05-13T08:00:00+0000,0.006353,0.006357,0.0063525,0.0063545,3128
2026-05-13T09:00:00+0000,0.006354,0.006355,0.006351,0.0063535,3308
2026-05-13T10:00:00+0000,0.0063535,0.006356,0.0063525,0.006354,1911
2026-05-13T11:00:00+0000,0.006354,0.006357,0.0063535,0.006356,1651
2026-05-13T12:00:00+0000,0.006356,0.0063565,0.006346,0.006353,6631
2026-05-13T13:00:00+0000,0.006353,0.0063565,0.006352,0.006356,4242
2026-05-13T14:00:00+0000,0.0063555,0.006356,0.0063505,0.0063525,5457
2026-05-13T15:00:00+0000,0.0063525,0.0063555,0.0063515,0.0063535,3696
2026-05-13T16:00:00+0000,0.006353,0.0063565,0.006352,0.0063525,5217
2026-05-13T17:00:00+0000,0.006352,0.0063535,0.0063495,0.0063495,1703
2026-05-13T18:00:00+0000,0.0063495,0.0063525,0.0063495,0.0063505,2976
2026-05-13T19:00:00+0000,0.0063505,0.0063535,0.0063505,0.006352,2818
2026-05-13T20:00:00+0000,0.006352,0.0063525,0.0063505,0.0063515,3132
2026-05-13T22:00:00+0000,0.0063515,0.0063545,0.0063495,0.0063525,896
2026-05-13T23:00:00+0000,0.0063525,0.006354,0.0063505,0.0063505,1037
2026-05-14T00:00:00+0000,0.006351,0.006353,0.00635,0.006351,3196
2026-05-14T01:00:00+0000,0.006351,0.006351,0.006348,0.0063485,2888
2026-05-14T02:00:00+0000,0.006348,0.0063495,0.006347,0.006348,1760
2026-05-14T03:00:00+0000,0.006348,0.006348,0.006345,0.0063465,1376
2026-05-14T04:00:00+0000,0.006346,0.006365,0.006346,0.0063505,9259
2026-05-14T05:00:00+0000,0.0063505,0.0063505,0.006347,0.0063485,2116
2026-05-14T06:00:00+0000,0.0063485,0.0063525,0.0063485,0.0063515,4351
2026-05-14T07:00:00+0000,0.006351,0.0063525,0.0063475,0.0063485,2956
2026-05-14T08:00:00+0000,0.006348,0.006351,0.006347,0.006349,2800
2026-05-14T09:00:00+0000,0.006349,0.00635,0.006348,0.0063485,1856
2026-05-14T10:00:00+0000,0.0063485,0.00635,0.006347,0.006348,2566
2026-05-14T11:00:00+0000,0.006348,0.006349,0.006346,0.006346,2988
2026-05-14T12:00:00+0000,0.006346,0.006349,0.0063455,0.006346,4462
2026-05-14T13:00:00+0000,0.0063455,0.0063725,0.006338,0.0063485,52025
2026-05-14T14:00:00+0000,0.0063485,0.0063515,0.0063385,0.0063385,22352
2026-05-14T15:00:00+0000,0.0063385,0.006342,0.006337,0.0063415,10516
2026-05-14T16:00:00+0000,0.0063415,0.0063415,0.0063365,0.006338,2725
2026-05-14T17:00:00+0000,0.0063385,0.0063395,0.006337,0.006337,2770
2026-05-14T18:00:00+0000,0.006337,0.006338,0.0063365,0.0063375,2798
2026-05-14T19:00:00+0000,0.006337,0.006338,0.0063295,0.006331,6374
2026-05-14T20:00:00+0000,0.0063305,0.0063315,0.006328,0.0063295,2494
2026-05-14T22:00:00+0000,0.0063315,0.0063315,0.0063285,0.006329,1156
2026-05-14T23:00:00+0000,0.0063295,0.0063315,0.0063265,0.006329,2009
2026-05-15T00:00:00+0000,0.006329,0.006331,0.0063235,0.006326,4786
2026-05-15T01:00:00+0000,0.0063255,0.0063275,0.0063215,0.006323,4776
2026-05-15T02:00:00+0000,0.006323,0.0063265,0.0063205,0.0063235,3703
2026-05-15T03:00:00+0000,0.0063235,0.0063255,0.006323,0.006325,1459
2026-05-15T04:00:00+0000,0.006325,0.0063255,0.0063235,0.0063235,1714
2026-05-15T05:00:00+0000,0.0063235,0.006324,0.0063175,0.0063205,4214
2026-05-15T06:00:00+0000,0.00632,0.0063275,0.0063175,0.006327,5043
2026-05-15T07:00:00+0000,0.006327,0.0063305,0.0063255,0.006327,3757
2026-05-15T08:00:00+0000,0.0063265,0.006328,0.0063215,0.006322,3730
2026-05-15T09:00:00+0000,0.006322,0.006326,0.00632,0.006324,3480
2026-05-15T10:00:00+0000,0.006324,0.006333,0.0063235,0.00633,3936
2026-05-15T11:00:00+0000,0.00633,0.00633,0.0063205,0.0063215,2670
2026-05-15T12:00:00+0000,0.0063215,0.006324,0.006321,0.0063215,5068
2026-05-15T13:00:00+0000,0.0063215,0.0063235,0.006315,0.006317,8294
2026-05-15T14:00:00+0000,0.006317,0.006321,0.0063145,0.0063205,12605
2026-05-15T15:00:00+0000,0.0063205,0.0063225,0.0063145,0.0063165,6487
2026-05-15T16:00:00+0000,0.0063165,0.0063175,0.006315,0.006316,3129
2026-05-15T17:00:00+0000,0.006316,0.006319,0.006315,0.006315,1883
2026-05-15T18:00:00+0000,0.006315,0.0063165,0.0063145,0.0063165,3884
2026-05-15T19:00:00+0000,0.0063165,0.0063165,0.006313,0.0063135,2235
2026-05-15T20:00:00+0000,0.0063135,0.006315,0.0063105,0.0063145,2446
2026-05-17T22:00:00+0000,0.006314,0.006314,0.0063105,0.0063125,1545
2026-05-17T23:00:00+0000,0.006313,0.0063135,0.0063085,0.00631,2630
2026-05-18T00:00:00+0000,0.00631,0.006312,0.0063055,0.006307,5286
2026-05-18T01:00:00+0000,0.0063065,0.0063095,0.0063055,0.0063065,3489
2026-05-18T02:00:00+0000,0.0063065,0.0063085,0.006306,0.0063075,2276
2026-05-18T03:00:00+0000,0.0063075,0.0063075,0.0063015,0.0063025,3981
2026-05-18T04:00:00+0000,0.0063025,0.0063115,0.006301,0.0063045,5190
2026-05-18T05:00:00+0000,0.006305,0.006308,0.006304,0.006306,1284
2026-05-18T06:00:00+0000,0.0063065,0.0063105,0.006306,0.0063085,4691
2026-05-18T07:00:00+0000,0.0063085,0.006312,0.0063045,0.0063075,5852
2026-05-18T08:00:00+0000,0.0063075,0.0063125,0.0063065,0.006311,3043
2026-05-18T09:00:00+0000,0.006311,0.006311,0.006307,0.006307,2581
2026-05-18T10:00:00+0000,0.006307,0.006308,0.006306,0.006307,2328
2026-05-18T11:00:00+0000,0.006307,0.0063165,0.0063055,0.0063105,6734
2026-05-18T12:00:00+0000,0.00631,0.00632,0.00631,0.006316,7528
2026-05-18T13:00:00+0000,0.006316,0.006318,0.0063125,0.006314,9220
2026-05-18T14:00:00+0000,0.006314,0.006315,0.006307,0.00631,11424
2026-05-18T15:00:00+0000,0.0063105,0.006312,0.0063065,0.006311,7819
2026-05-18T16:00:00+0000,0.006311,0.006313,0.006306,0.006306,4566
2026-05-18T17:00:00+0000,0.0063065,0.0063085,0.006306,0.006307,3425
2026-05-18T18:00:00+0000,0.006307,0.0063075,0.0063005,0.006301,8725
2026-05-18T19:00:00+0000,0.006301,0.0063115,0.0063005,0.006308,8637
2026-05-18T20:00:00+0000,0.006308,0.006314,0.006308,0.0063095,2900
2026-05-18T22:00:00+0000,0.0063075,0.0063135,0.0063075,0.0063105,831
2026-05-18T23:00:00+0000,0.00631,0.0063115,0.0063085,0.0063085,997
2026-05-19T00:00:00+0000,0.0063085,0.006309,0.0063025,0.0063025,2912
2026-05-19T01:00:00+0000,0.0063025,0.0063075,0.006302,0.006304,2567
2026-05-19T02:00:00+0000,0.006304,0.0063055,0.006303,0.006305,1959
2026-05-19T03:00:00+0000,0.0063045,0.006306,0.0063035,0.006305,1865
2026-05-19T04:00:00+0000,0.006305,0.006307,0.0063035,0.0063035,1453
2026-05-19T05:00:00+0000,0.006304,0.006305,0.0063025,0.006303,2054
2026-05-19T06:00:00+0000,0.006303,0.006303,0.006299,0.0063005,5477
2026-05-19T07:00:00+0000,0.0063,0.0063035,0.0062975,0.0063015,3831
2026-05-19T08:00:00+0000,0.006302,0.006303,0.0062975,0.006298,2501
2026-05-19T09:00:00+0000,0.006298,0.0063005,0.0062965,0.0062995,3017
2026-05-19T10:00:00+0000,0.0062995,0.0063015,0.006296,0.0062995,2545
2026-05-19T11:00:00+0000,0.0063,0.0063005,0.0062975,0.006298,2847
2026-05-19T12:00:00+0000,0.006298,0.0063175,0.0062975,0.006301,28947
2026-05-19T13:00:00+0000,0.0063005,0.0063065,0.0062955,0.0063015,16909
2026-05-19T14:00:00+0000,0.006301,0.006304,0.006293,0.0063005,16119
2026-05-19T15:00:00+0000,0.0063005,0.0063055,0.0062965,0.0062985,9143
2026-05-19T16:00:00+0000,0.0062985,0.0063125,0.0062965,0.006311,22575
2026-05-19T17:00:00+0000,0.006311,0.006312,0.006308,0.006309,4155
2026-05-19T18:00:00+0000,0.0063095,0.0063095,0.0063,0.0063015,7243
2026-05-19T19:00:00+0000,0.0063015,0.0063035,0.0063005,0.006301,3745
2026-05-19T20:00:00+0000,0.006301,0.006302,0.006299,0.0063005,1813
2026-05-19T22:00:00+0000,0.006302,0.006303,0.006299,0.0063,945
2026-05-19T23:00:00+0000,0.0063,0.0063035,0.0063,0.006301,1518
2026-05-20T00:00:00+0000,0.006301,0.006305,0.006299,0.006303,4464
2026-05-20T01:00:00+0000,0.006303,0.0063045,0.006299,0.0063015,5973
2026-05-20T02:00:00+0000,0.0063015,0.006309,0.006301,0.006306,3548
2026-05-20T03:00:00+0000,0.006306,0.006309,0.006305,0.006308,2328
2026-05-20T04:00:00+0000,0.0063085,0.00631,0.006303,0.0063045,2347
2026-05-20T05:00:00+0000,0.0063035,0.0063065,0.0063035,0.006304,1423
2026-05-20T06:00:00+0000,0.0063035,0.006308,0.006303,0.006304,3567
2026-05-20T07:00:00+0000,0.006304,0.006306,0.0063005,0.0063005,2837
2026-05-20T08:00:00+0000,0.0063005,0.0063025,0.006299,0.006301,3354
2026-05-20T09:00:00+0000,0.0063015,0.0063035,0.0063,0.0063,1777
2026-05-20T10:00:00+0000,0.0063,0.0063045,0.0063,0.006303,1991
2026-05-20T11:00:00+0000,0.006303,0.006304,0.006301,0.0063015,2959
2026-05-20T12:00:00+0000,0.006301,0.006304,0.006301,0.0063025,2852
2026-05-20T13:00:00+0000,0.006302,0.0063025,0.006298,0.006299,6067
2026-05-20T14:00:00+0000,0.0062985,0.0063115,0.006296,0.0063085,29348
2026-05-20T15:00:00+0000,0.006308,0.0063195,0.006306,0.0063095,21381
2026-05-20T16:00:00+0000,0.006309,0.006313,0.0063065,0.00631,6027
2026-05-20T17:00:00+0000,0.00631,0.0063105,0.0063055,0.006306,6627
2026-05-20T18:00:00+0000,0.0063055,0.0063115,0.0063025,0.006309,8006
2026-05-20T19:00:00+0000,0.006309,0.006312,0.0063065,0.0063085,5491
2026-05-20T20:00:00+0000,0.006309,0.0063095,0.006305,0.006305,2141
2026-05-20T22:00:00+0000,0.0063055,0.0063075,0.0063045,0.0063075,908
2026-05-20T23:00:00+0000,0.0063065,0.006308,0.006304,0.006305,1372
2026-05-21T00:00:00+0000,0.006305,0.0063065,0.0063035,0.006306,3721
2026-05-21T01:00:00+0000,0.0063065,0.006309,0.006305,0.006305,3253
2026-05-21T02:00:00+0000,0.0063055,0.006307,0.0063015,0.0063015,2776
2026-05-21T03:00:00+0000,0.0063015,0.006304,0.006301,0.0063025,1851
2026-05-21T04:00:00+0000,0.006302,0.0063025,0.006301,0.006301,1597
2026-05-21T05:00:00+0000,0.006301,0.0063015,0.0062985,0.0063005,2289
2026-05-21T06:00:00+0000,0.0063005,0.0063015,0.0062975,0.006298,3454
2026-05-21T07:00:00+0000,0.006298,0.0063005,0.006297,0.0062995,3827
2026-05-21T08:00:00+0000,0.006299,0.006305,0.006299,0.0063015,4811
2026-05-21T09:00:00+0000,0.0063015,0.0063045,0.006301,0.006302,1889
2026-05-21T10:00:00+0000,0.0063015,0.0063025,0.006295,0.0062955,7287
2026-05-21T11:00:00+0000,0.0062955,0.006299,0.006294,0.0062945,4231
2026-05-21T12:00:00+0000,0.006295,0.006297,0.006293,0.006294,6083
2026-05-21T13:00:00+0000,0.006294,0.006296,0.0062855,0.006293,14196
2026-05-21T14:00:00+0000,0.006293,0.006296,0.0062895,0.0062945,8659
2026-05-21T15:00:00+0000,0.0062945,0.006295,0.0062905,0.006294,7293
2026-05-21T16:00:00+0000,0.0062945,0.006296,0.006293,0.006295,5157
2026-05-21T17:00:00+0000,0.0062955,0.006308,0.006294,0.0063055,16544
2026-05-21T18:00:00+0000,0.006305,0.0063075,0.006297,0.0062975,9807
2026-05-21T19:00:00+0000,0.006298,0.0063055,0.006297,0.006304,6147
2026-05-21T20:00:00+0000,0.0063035,0.0063055,0.0063005,0.0063015,1973
2026-05-21T22:00:00+0000,0.0063015,0.006305,0.0063,0.006301,608
2026-05-21T23:00:00+0000,0.0063005,0.0063015,0.0062995,0.0063,1397
2026-05-22T00:00:00+0000,0.0062995,0.0062995,0.0062955,0.0062975,3639
2026-05-22T01:00:00+0000,0.006297,0.006299,0.006296,0.0062965,2077
2026-05-22T02:00:00+0000,0.0062965,0.0063005,0.0062965,0.0062995,1829
2026-05-22T03:00:00+0000,0.0063,0.0063005,0.0062985,0.006299,875
2026-05-22T04:00:00+0000,0.0062995,0.0063005,0.006298,0.0062985,1473
2026-05-22T05:00:00+0000,0.006298,0.006299,0.0062955,0.0062955,2196
2026-05-22T06:00:00+0000,0.006296,0.0062985,0.006295,0.006297,2254
2026-05-22T07:00:00+0000,0.0062965,0.0062965,0.006295,0.0062955,2731
2026-05-22T08:00:00+0000,0.0062955,0.006299,0.0062955,0.006297,5086
2026-05-22T09:00:00+0000,0.006297,0.006298,0.0062945,0.0062965,2178
2026-05-22T10:00:00+0000,0.006297,0.0062975,0.006295,0.006296,1946
2026-05-22T11:00:00+0000,0.006296,0.0062965,0.006295,0.0062955,3104
2026-05-22T12:00:00+0000,0.0062955,0.0062985,0.006295,0.006298,7797
2026-05-22T13:00:00+0000,0.006298,0.0063015,0.0062955,0.006297,13375
2026-05-22T14:00:00+0000,0.006297,0.006298,0.0062935,0.006297,12002
2026-05-22T15:00:00+0000,0.0062965,0.0062975,0.0062915,0.0062925,7772
2026-05-22T16:00:00+0000,0.0062925,0.0062945,0.0062915,0.006294,5622
2026-05-22T17:00:00+0000,0.006294,0.006298,0.0062935,0.0062955,7899
2026-05-22T18:00:00+0000,0.0062955,0.006297,0.006294,0.0062955,7958
2026-05-22T19:00:00+0000,0.006295,0.006297,0.006294,0.0062945,4961
2026-05-22T20:00:00+0000,0.0062945,0.006295,0.006292,0.0062925,2098
2026-05-24T22:00:00+0000,0.0063005,0.0063075,0.0063005,0.006305,7555
2026-05-24T23:00:00+0000,0.0063055,0.006307,0.0063015,0.0063025,2674
2026-05-25T00:00:00+0000,0.006302,0.006307,0.006302,0.006304,3449
2026-05-25T01:00:00+0000,0.006304,0.00631,0.006304,0.0063055,2142
2026-05-25T02:00:00+0000,0.0063055,0.006307,0.006305,0.006306,1083
2026-05-25T03:00:00+0000,0.0063065,0.0063065,0.0063045,0.0063045,1109
2026-05-25T04:00:00+0000,0.006305,0.0063065,0.0063035,0.0063055,801
2026-05-25T05:00:00+0000,0.0063055,0.0063065,0.0063025,0.006303,1060
2026-05-25T06:00:00+0000,0.0063035,0.0063045,0.0063025,0.006304,1286
2026-05-25T07:00:00+0000,0.006304,0.006304,0.0062985,0.006301,3271
2026-05-25T08:00:00+0000,0.0063015,0.006305,0.0063005,0.0063035,2043
2026-05-25T09:00:00+0000,0.0063035,0.006305,0.0063025,0.006303,809
2026-05-25T10:00:00+0000,0.006303,0.0063035,0.006302,0.0063025,590
2026-05-25T11:00:00+0000,0.006303,0.006305,0.0063015,0.006303,1334
2026-05-25T12:00:00+0000,0.006303,0.0063055,0.0063025,0.006304,1655
2026-05-25T13:00:00+0000,0.006304,0.0063045,0.006303,0.0063035,1355
2026-05-25T14:00:00+0000,0.0063035,0.0063045,0.006303,0.0063035,1167
2026-05-25T15:00:00+0000,0.0063035,0.006305,0.0063025,0.0063045,2543
2026-05-25T16:00:00+0000,0.0063045,0.0063045,0.0063035,0.0063045,857
2026-05-25T17:00:00+0000,0.006305,0.006305,0.006304,0.006304,260
2026-05-25T18:00:00+0000,0.006304,0.006305,0.006304,0.006304,240
2026-05-25T19:00:00+0000,0.006304,0.006305,0.0063035,0.0063035,498
2026-05-25T20:00:00+0000,0.0063035,0.006304,0.0063025,0.006304,240
2026-05-25T22:00:00+0000,0.006301,0.0063035,0.006301,0.006303,745
2026-05-25T23:00:00+0000,0.0063025,0.0063035,0.006301,0.0063015,1579
2026-05-26T00:00:00+0000,0.0063015,0.0063025,0.0063,0.006301,2622
2026-05-26T01:00:00+0000,0.0063005,0.006302,0.0062995,0.0063015,2495
2026-05-26T02:00:00+0000,0.006301,0.006302,0.0063005,0.006302,1521
2026-05-26T03:00:00+0000,0.006302,0.0063035,0.006302,0.006302,1454
2026-05-26T04:00:00+0000,0.0063025,0.0063025,0.0062975,0.0062995,1677
2026-05-26T05:00:00+0000,0.0062995,0.0063005,0.006298,0.0062985,2591
2026-05-26T06:00:00+0000,0.006299,0.006299,0.006295,0.0062955,4967
2026-05-26T07:00:00+0000,0.0062955,0.0062955,0.0062915,0.0062915,7110
2026-05-26T08:00:00+0000,0.006292,0.006292,0.0062895,0.006291,4683
2026-05-26T09:00:00+0000,0.006291,0.0062935,0.0062905,0.0062935,2317
2026-05-26T10:00:00+0000,0.006293,0.0062955,0.0062925,0.006294,1410
2026-05-26T11:00:00+0000,0.006294,0.0062945,0.006291,0.006292,2798
2026-05-26T12:00:00+0000,0.006292,0.0062925,0.0062905,0.006291,4883
2026-05-26T13:00:00+0000,0.0062905,0.006291,0.0062875,0.0062885,8051
2026-05-26T14:00:00+0000,0.0062885,0.006291,0.0062865,0.006287,6957
2026-05-26T15:00:00+0000,0.0062865,0.006288,0.0062845,0.006285,7715
2026-05-26T16:00:00+0000,0.006285,0.0062885,0.006285,0.006287,4896
2026-05-26T17:00:00+0000,0.006288,0.0062885,0.0062845,0.006285,3099
2026-05-26T18:00:00+0000,0.0062855,0.006288,0.0062845,0.006287,5998
2026-05-26T19:00:00+0000,0.0062865,0.006288,0.0062865,0.0062875,2640
2026-05-26T20:00:00+0000,0.0062875,0.0062885,0.0062865,0.006288,1760
2026-05-26T22:00:00+0000,0.006288,0.0062885,0.006285,0.0062885,849
2026-05-26T23:00:00+0000,0.0062885,0.0062915,0.0062885,0.0062895,1448
2026-05-27T00:00:00+0000,0.0062895,0.0062925,0.0062865,0.006288,6327
2026-05-27T01:00:00+0000,0.006288,0.0062905,0.006287,0.006287,2221
2026-05-27T02:00:00+0000,0.0062875,0.0062905,0.0062875,0.00629,2301
2026-05-27T03:00:00+0000,0.0062905,0.006292,0.00629,0.006291,2057
2026-05-27T04:00:00+0000,0.006291,0.0062915,0.0062895,0.0062895,1529
2026-05-27T05:00:00+0000,0.00629,0.00629,0.0062855,0.0062855,2477
2026-05-27T06:00:00+0000,0.006285,0.0062875,0.006284,0.0062855,3974
2026-05-27T07:00:00+0000,0.0062855,0.0062875,0.0062845,0.0062845,2860
2026-05-27T08:00:00+0000,0.006285,0.0062865,0.0062815,0.0062835,4228
2026-05-27T09:00:00+0000,0.0062835,0.006287,0.006283,0.006285,2079
2026-05-27T10:00:00+0000,0.006285,0.0062855,0.0062835,0.0062845,1446
2026-05-27T11:00:00+0000,0.006284,0.0062845,0.0062815,0.006282,2746
2026-05-27T12:00:00+0000,0.006282,0.0062895,0.0062815,0.0062825,12119
2026-05-27T13:00:00+0000,0.0062825,0.006284,0.006282,0.006284,5221
2026-05-27T14:00:00+0000,0.0062845,0.0062845,0.006279,0.006279,10499
2026-05-27T15:00:00+0000,0.006279,0.006282,0.006278,0.0062805,6893
2026-05-27T16:00:00+0000,0.0062805,0.006281,0.0062785,0.0062795,3703
2026-05-27T17:00:00+0000,0.0062795,0.0062795,0.0062765,0.0062785,3323
2026-05-27T18:00:00+0000,0.0062785,0.00628,0.0062775,0.006279,4101
2026-05-27T19:00:00+0000,0.0062795,0.0062795,0.0062775,0.006278,2501
2026-05-27T20:00:00+0000,0.006278,0.00628,0.006278,0.0062785,2680
2026-05-27T22:00:00+0000,0.00628,0.00628,0.006277,0.006278,934
2026-05-27T23:00:00+0000,0.0062775,0.0062785,0.0062745,0.006275,1480
2026-05-28T00:00:00+0000,0.006275,0.0062765,0.006274,0.0062755,2975
2026-05-28T01:00:00+0000,0.0062755,0.0062765,0.006274,0.0062745,2847
2026-05-28T02:00:00+0000,0.0062745,0.006277,0.0062735,0.0062755,2131
2026-05-28T03:00:00+0000,0.006276,0.0062765,0.0062715,0.0062735,3717
2026-05-28T04:00:00+0000,0.006273,0.006277,0.0062725,0.006275,3109
2026-05-28T05:00:00+0000,0.006275,0.006277,0.0062745,0.0062755,2219
2026-05-28T06:00:00+0000,0.006276,0.0062795,0.006275,0.0062785,3024
2026-05-28T07:00:00+0000,0.0062785,0.0062805,0.006277,0.006279,3271
2026-05-28T08:00:00+0000,0.006279,0.00628,0.006277,0.00628,2724
2026-05-28T09:00:00+0000,0.00628,0.0062825,0.0062795,0.0062815,3337
2026-05-28T10:00:00+0000,0.0062815,0.0062825,0.0062795,0.0062795,2631
2026-05-28T11:00:00+0000,0.0062795,0.006281,0.0062795,0.0062795,2658
2026-05-28T12:00:00+0000,0.0062795,0.0062875,0.0062795,0.006283,7026
2026-05-28T13:00:00+0000,0.0062835,0.006285,0.0062795,0.0062795,5176
2026-05-28T14:00:00+0000,0.0062795,0.0062905,0.006278,0.0062885,19843
2026-05-28T15:00:00+0000,0.0062885,0.0062905,0.006286,0.0062865,4744
2026-05-28T16:00:00+0000,0.006286,0.0062935,0.0062845,0.0062915,5460
2026-05-28T17:00:00+0000,0.0062915,0.006292,0.0062885,0.00629,2612
2026-05-28T18:00:00+0000,0.0062895,0.0062905,0.006286,0.0062875,4932
2026-05-28T19:00:00+0000,0.006287,0.0062895,0.006286,0.006288,2625
2026-05-28T20:00:00+0000,0.006288,0.0062885,0.006287,0.0062885,972
2026-05-28T22:00:00+0000,0.006289,0.006292,0.0062855,0.006287,1593
2026-05-28T23:00:00+0000,0.0062865,0.0062885,0.0062845,0.0062865,2048
2026-05-29T00:00:00+0000,0.0062865,0.0062875,0.0062845,0.0062855,3448
2026-05-29T01:00:00+0000,0.006286,0.006287,0.006284,0.0062845,2634
2026-05-29T02:00:00+0000,0.0062845,0.0062865,0.0062845,0.006285,1773
2026-05-29T03:00:00+0000,0.0062845,0.006285,0.0062825,0.0062825,2317
2026-05-29T04:00:00+0000,0.006283,0.0062855,0.006282,0.006285,1556
2026-05-29T05:00:00+0000,0.006285,0.006286,0.006284,0.0062845,1663
2026-05-29T06:00:00+0000,0.0062845,0.0062895,0.006284,0.006289,2973
2026-05-29T07:00:00+0000,0.0062885,0.006289,0.0062845,0.006287,4063
2026-05-29T08:00:00+0000,0.0062865,0.006289,0.0062845,0.0062855,2485
2026-05-29T09:00:00+0000,0.0062855,0.006288,0.006285,0.0062855,2062
2026-05-29T10:00:00+0000,0.0062855,0.0062865,0.0062845,0.0062855,1452
2026-05-29T11:00:00+0000,0.006286,0.0062875,0.0062855,0.0062875,2045
2026-05-29T12:00:00+0000,0.0062875,0.0062875,0.006285,0.006287,4466
2026-05-29T13:00:00+0000,0.006287,0.0062875,0.006285,0.006285,7450
2026-05-29T14:00:00+0000,0.0062855,0.006291,0.006283,0.00629,18073
2026-05-29T15:00:00+0000,0.00629,0.0062935,0.006287,0.006288,14450
2026-05-29T16:00:00+0000,0.0062885,0.00629,0.006287,0.0062895,4941
2026-05-29T17:00:00+0000,0.0062895,0.00629,0.0062855,0.0062855,3207
2026-05-29T18:00:00+0000,0.0062855,0.0062885,0.006285,0.0062865,6802
2026-05-29T19:00:00+0000,0.0062865,0.0062885,0.0062865,0.006287,3096
2026-05-29T20:00:00+0000,0.0062865,0.0062875,0.006286,0.0062865,1682
2026-05-31T22:00:00+0000,0.0062845,0.0062845,0.0062785,0.006281,3821
2026-05-31T23:00:00+0000,0.006281,0.0062855,0.0062805,0.0062825,2134
2026-06-01T00:00:00+0000,0.006282,0.0062825,0.006278,0.0062785,5367
2026-06-01T01:00:00+0000,0.0062785,0.0062785,0.0062765,0.006277,2694
2026-06-01T02:00:00+0000,0.006277,0.006279,0.0062765,0.0062785,1501
2026-06-01T03:00:00+0000,0.0062785,0.0062795,0.0062775,0.0062775,1346
2026-06-01T04:00:00+0000,0.0062775,0.0062785,0.0062775,0.0062785,623
2026-06-01T05:00:00+0000,0.0062785,0.0062795,0.0062775,0.0062785,1436
2026-06-01T06:00:00+0000,0.006279,0.00628,0.006277,0.0062795,3333
2026-06-01T07:00:00+0000,0.00628,0.0062805,0.0062775,0.0062785,3174
2026-06-01T08:00:00+0000,0.0062785,0.0062795,0.0062775,0.006279,1905
2026-06-01T09:00:00+0000,0.006279,0.0062795,0.0062775,0.0062785,1939
2026-06-01T10:00:00+0000,0.0062785,0.0062795,0.006278,0.006279,1444
2026-06-01T11:00:00+0000,0.006279,0.0062795,0.006277,0.0062775,1578
2026-06-01T12:00:00+0000,0.0062775,0.0062795,0.006277,0.0062775,4821
2026-06-01T13:00:00+0000,0.0062775,0.0062775,0.006267,0.006267,28507
2026-06-01T14:00:00+0000,0.006267,0.0062705,0.0062645,0.006268,12276
2026-06-01T15:00:00+0000,0.006268,0.006274,0.0062675,0.0062705,12610
2026-06-01T16:00:00+0000,0.006271,0.006274,0.0062685,0.006273,7461
2026-06-01T17:00:00+0000,0.006273,0.0062745,0.00627,0.0062715,9610
2026-06-01T18:00:00+0000,0.006272,0.0062725,0.0062655,0.006266,29365
2026-06-01T19:00:00+0000,0.0062665,0.006271,0.006266,0.006269,6361
2026-06-01T20:00:00+0000,0.006269,0.006271,0.0062685,0.0062695,1722
2026-06-01T22:00:00+0000,0.0062695,0.006272,0.006268,0.0062705,932
2026-06-01T23:00:00+0000,0.0062705,0.006272,0.00627,0.0062705,1659
2026-06-02T00:00:00+0000,0.006271,0.006271,0.0062675,0.00627,4604
2026-06-02T01:00:00+0000,0.0062705,0.006271,0.0062675,0.006268,2384
2026-06-02T02:00:00+0000,0.006268,0.0062695,0.0062675,0.006268,1183
2026-06-02T03:00:00+0000,0.006268,0.006269,0.0062675,0.0062675,995
2026-06-02T04:00:00+0000,0.0062675,0.006268,0.006267,0.0062675,742
2026-06-02T05:00:00+0000,0.006267,0.006268,0.0062665,0.0062665,1856
2026-06-02T06:00:00+0000,0.006267,0.006269,0.0062665,0.0062685,3660
2026-06-02T07:00:00+0000,0.0062685,0.006269,0.0062675,0.006269,2716
2026-06-02T08:00:00+0000,0.006269,0.0062705,0.006267,0.006267,6404
2026-06-02T09:00:00+0000,0.006267,0.0062685,0.006266,0.0062665,3119
2026-06-02T10:00:00+0000,0.006267,0.006268,0.006266,0.0062675,2247
2026-06-02T11:00:00+0000,0.0062675,0.006268,0.006266,0.006267,2771
2026-06-02T12:00:00+0000,0.006267,0.0062675,0.006265,0.006265,4290
2026-06-02T13:00:00+0000,0.0062655,0.006266,0.006263,0.0062645,8239
2026-06-02T14:00:00+0000,0.006264,0.006264,0.006254,0.006262,9918
2026-06-02T15:00:00+0000,0.0062615,0.0062625,0.0062605,0.0062615,5066
2026-06-02T16:00:00+0000,0.0062615,0.006262,0.0062585,0.00626,4782
2026-06-02T17:00:00+0000,0.00626,0.006261,0.0062575,0.006258,2688
2026-06-02T18:00:00+0000,0.0062585,0.0062605,0.006257,0.00626,4544
2026-06-02T19:00:00+0000,0.0062605,0.006261,0.0062585,0.0062595,3187
2026-06-02T20:00:00+0000,0.00626,0.00626,0.0062585,0.0062595,1202
2026-06-02T22:00:00+0000,0.006262,0.006262,0.0062575,0.0062585,1183
2026-06-02T23:00:00+0000,0.0062575,0.006258,0.006256,0.006257,1833
2026-06-03T00:00:00+0000,0.006257,0.0062605,0.006257,0.0062585,4244
2026-06-03T01:00:00+0000,0.0062585,0.0062635,0.0062585,0.006262,3189
2026-06-03T02:00:00+0000,0.006262,0.006263,0.006261,0.0062615,1551
2026-06-03T03:00:00+0000,0.0062615,0.0062615,0.00626,0.006261,941
2026-06-03T04:00:00+0000,0.006261,0.006261,0.00626,0.0062605,1224
2026-06-03T05:00:00+0000,0.0062605,0.0062615,0.0062585,0.0062585,1783
2026-06-03T06:00:00+0000,0.0062585,0.00626,0.0062565,0.006257,4211
2026-06-03T07:00:00+0000,0.006257,0.0062745,0.006256,0.006268,24835
2026-06-03T08:00:00+0000,0.006268,0.006281,0.0062625,0.0062655,22170
2026-06-03T09:00:00+0000,0.0062655,0.006266,0.0062605,0.006264,3986
2026-06-03T10:00:00+0000,0.0062645,0.006269,0.006262,0.006264,3503
2026-06-03T11:00:00+0000,0.0062645,0.006265,0.006262,0.0062625,1385
2026-06-03T12:00:00+0000,0.0062625,0.0062635,0.006259,0.006259,5176
2026-06-03T13:00:00+0000,0.0062595,0.00626,0.0062565,0.006257,7518
2026-06-03T14:00:00+0000,0.006257,0.00626,0.006256,0.006258,12029
2026-06-03T15:00:00+0000,0.0062585,0.0062585,0.006256,0.006257,6485
2026-06-03T16:00:00+0000,0.006257,0.006258,0.006254,0.0062565,5323
2026-06-03T17:00:00+0000,0.006257,0.006258,0.0062545,0.0062545,3136
2026-06-03T18:00:00+0000,0.0062545,0.0062555,0.006253,0.0062545,4110
2026-06-03T19:00:00+0000,0.0062545,0.006256,0.0062525,0.0062535,3763
2026-06-03T20:00:00+0000,0.006253,0.0062545,0.006252,0.0062535,2608
2026-06-03T22:00:00+0000,0.006254,0.006261,0.0062515,0.0062575,2504
2026-06-03T23:00:00+0000,0.006258,0.006259,0.006255,0.0062565,2331
2026-06-04T00:00:00+0000,0.0062565,0.006259,0.006256,0.006258,3689
2026-06-04T01:00:00+0000,0.006258,0.0062595,0.006257,0.0062595,3131
2026-06-04T02:00:00+0000,0.0062595,0.0062595,0.006258,0.0062585,1665
2026-06-04T03:00:00+0000,0.0062585,0.0062585,0.006255,0.0062555,1344
2026-06-04T04:00:00+0000,0.0062555,0.006271,0.006255,0.00626,9539
2026-06-04T05:00:00+0000,0.0062595,0.0062605,0.0062575,0.006259,2428
2026-06-04T06:00:00+0000,0.006259,0.0062615,0.0062575,0.0062585,5104
2026-06-04T07:00:00+0000,0.0062585,0.0062595,0.006257,0.0062585,3803
2026-06-04T08:00:00+0000,0.0062585,0.0062605,0.0062575,0.0062595,2882
2026-06-04T09:00:00+0000,0.0062595,0.006261,0.0062585,0.00626,2647
2026-06-04T10:00:00+0000,0.0062605,0.0062605,0.0062585,0.0062595,2156
2026-06-04T11:00:00+0000,0.0062595,0.0062645,0.0062595,0.006264,5170
2026-06-04T12:00:00+0000,0.006264,0.0062645,0.0062595,0.0062595,5484
2026-06-04T13:00:00+0000,0.0062595,0.006261,0.0062575,0.006258,6881
2026-06-04T14:00:00+0000,0.006258,0.0062595,0.0062545,0.0062555,8021
2026-06-04T15:00:00+0000,0.006255,0.0062565,0.0062535,0.006256,6783
2026-06-04T16:00:00+0000,0.0062555,0.006257,0.0062545,0.006256,3166
2026-06-04T17:00:00+0000,0.0062555,0.006256,0.0062545,0.0062545,1469
2026-06-04T18:00:00+0000,0.0062545,0.006256,0.006253,0.006253,6854
2026-06-04T19:00:00+0000,0.0062535,0.0062545,0.006253,0.006254,3223
2026-06-04T20:00:00+0000,0.006254,0.0062545,0.0062525,0.006254,1300
2026-06-04T22:00:00+0000,0.0062555,0.006256,0.0062535,0.006254,1072
2026-06-04T23:00:00+0000,0.006254,0.006255,0.0062535,0.006254,1839
2026-06-05T00:00:00+0000,0.0062545,0.006256,0.006254,0.0062555,4218
2026-06-05T01:00:00+0000,0.0062555,0.0062585,0.006255,0.0062555,3621
2026-06-05T02:00:00+0000,0.0062555,0.0062565,0.0062545,0.006255,2079
2026-06-05T03:00:00+0000,0.006255,0.006256,0.0062545,0.0062555,2184
2026-06-05T04:00:00+0000,0.006256,0.0062565,0.0062555,0.006256,892
2026-06-05T05:00:00+0000,0.0062555,0.0062575,0.0062555,0.006256,2517
2026-06-05T06:00:00+0000,0.006256,0.006257,0.0062555,0.0062565,5609
2026-06-05T07:00:00+0000,0.0062565,0.006258,0.006256,0.006256,3745
2026-06-05T08:00:00+0000,0.0062565,0.0062575,0.006256,0.006256,2618
2026-06-05T09:00:00+0000,0.006256,0.006258,0.0062555,0.006256,3945
2026-06-05T10:00:00+0000,0.0062565,0.006258,0.006256,0.0062575,2071
2026-06-05T11:00:00+0000,0.006258,0.006261,0.0062565,0.0062605,5849
2026-06-05T12:00:00+0000,0.0062605,0.006261,0.006245,0.006246,23434
2026-06-05T13:00:00+0000,0.0062455,0.006265,0.0062435,0.0062485,45816
2026-06-05T14:00:00+0000,0.0062485,0.0062515,0.006242,0.0062435,14985
2026-06-05T15:00:00+0000,0.006244,0.006246,0.0062425,0.0062435,8775
2026-06-05T16:00:00+0000,0.0062435,0.006245,0.0062405,0.006243,7135
2026-06-05T17:00:00+0000,0.0062435,0.0062435,0.0062405,0.0062415,3279
2026-06-05T18:00:00+0000,0.0062415,0.0062505,0.0062405,0.006248,13256
2026-06-05T19:00:00+0000,0.0062475,0.0062495,0.006246,0.006247,4458
2026-06-05T20:00:00+0000,0.006247,0.006247,0.006241,0.0062415,4961
2026-06-07T22:00:00+0000,0.006243,0.0062435,0.00624,0.0062405,2937
2026-06-07T23:00:00+0000,0.0062405,0.0062445,0.0062405,0.0062405,3027
2026-06-08T00:00:00+0000,0.006241,0.006244,0.00624,0.006241,6457
2026-06-08T01:00:00+0000,0.006241,0.006243,0.0062395,0.0062405,5496
2026-06-08T02:00:00+0000,0.0062405,0.006241,0.006239,0.006239,2679
2026-06-08T03:00:00+0000,0.006239,0.0062405,0.006238,0.00624,1333
2026-06-08T04:00:00+0000,0.00624,0.0062425,0.0062395,0.00624,2193
2026-06-08T05:00:00+0000,0.0062405,0.006246,0.00624,0.0062435,5027
2026-06-08T06:00:00+0000,0.0062435,0.006245,0.0062405,0.006243,5218
2026-06-08T07:00:00+0000,0.0062435,0.0062475,0.006243,0.006245,5760
2026-06-08T08:00:00+0000,0.0062445,0.00626,0.006244,0.0062525,11143
2026-06-08T09:00:00+0000,0.0062525,0.0062545,0.0062505,0.0062535,7081
2026-06-08T10:00:00+0000,0.0062535,0.0062565,0.0062505,0.006253,7432
2026-06-08T11:00:00+0000,0.006253,0.006258,0.006253,0.0062545,6997
2026-06-08T12:00:00+0000,0.0062545,0.0062575,0.006254,0.0062555,8488
2026-06-08T13:00:00+0000,0.0062555,0.006256,0.006252,0.006252,8826
2026-06-08T14:00:00+0000,0.006252,0.0062525,0.0062455,0.0062505,11390
2026-06-08T15:00:00+0000,0.0062505,0.0062525,0.006248,0.0062485,6498
2026-06-08T16:00:00+0000,0.006249,0.0062505,0.006247,0.0062475,4371
2026-06-08T17:00:00+0000,0.0062475,0.0062485,0.0062455,0.006247,4033
2026-06-08T18:00:00+0000,0.0062475,0.006248,0.006243,0.006243,8915
2026-06-08T19:00:00+0000,0.0062435,0.0062455,0.0062425,0.006245,5047
2026-06-08T20:00:00+0000,0.0062455,0.006247,0.0062445,0.0062465,2850
2026-06-08T22:00:00+0000,0.0062465,0.006248,0.0062455,0.006246,1890
2026-06-08T23:00:00+0000,0.006246,0.006247,0.006244,0.006246,2371
2026-06-09T00:00:00+0000,0.006246,0.006248,0.006242,0.0062435,6685
2026-06-09T01:00:00+0000,0.006244,0.0062465,0.0062435,0.0062455,2812
2026-06-09T02:00:00+0000,0.0062455,0.006246,0.006244,0.006244,2194
2026-06-09T03:00:00+0000,0.0062445,0.006245,0.006243,0.0062435,2347
2026-06-09T04:00:00+0000,0.0062435,0.006246,0.006243,0.0062455,1743
2026-06-09T05:00:00+0000,0.0062455,0.006249,0.006245,0.0062475,4177
2026-06-09T06:00:00+0000,0.006247,0.006251,0.0062465,0.0062465,7927
2026-06-09T07:00:00+0000,0.0062465,0.0062475,0.0062445,0.0062455,5601
2026-06-09T08:00:00+0000,0.006245,0.006246,0.0062445,0.006246,3912
2026-06-09T09:00:00+0000,0.006246,0.0062475,0.0062455,0.0062455,1975
2026-06-09T10:00:00+0000,0.0062455,0.0062475,0.0062445,0.0062465,2986
2026-06-09T11:00:00+0000,0.006246,0.0062475,0.006246,0.0062465,2679
2026-06-09T12:00:00+0000,0.0062465,0.0062475,0.006245,0.0062455,5414
2026-06-09T13:00:00+0000,0.0062455,0.0062475,0.006244,0.006245,8854
2026-06-09T14:00:00+0000,0.006245,0.0062475,0.006243,0.0062435,10586
2026-06-09T15:00:00+0000,0.006243,0.0062445,0.006241,0.0062445,8817
2026-06-09T16:00:00+0000,0.006244,0.0062445,0.006235,0.0062375,15573
2026-06-09T17:00:00+0000,0.0062375,0.006242,0.0062375,0.0062395,7006
2026-06-09T18:00:00+0000,0.0062395,0.00624,0.0062385,0.0062395,4800
2026-06-09T19:00:00+0000,0.0062395,0.0062395,0.0062365,0.006237,4048
2026-06-09T20:00:00+0000,0.006237,0.0062395,0.006237,0.006239,1966
2026-06-09T22:00:00+0000,0.0062375,0.0062385,0.0062365,0.006237,1322
2026-06-09T23:00:00+0000,0.0062365,0.006238,0.006236,0.0062375,1792
2026-06-10T00:00:00+0000,0.006237,0.0062385,0.0062355,0.0062375,4799
2026-06-10T01:00:00+0000,0.0062375,0.006243,0.006237,0.0062375,6570
2026-06-10T02:00:00+0000,0.0062375,0.0062395,0.0062375,0.0062385,1664
2026-06-10T03:00:00+0000,0.006238,0.006239,0.006238,0.0062385,959
2026-06-10T04:00:00+0000,0.0062385,0.0062395,0.006238,0.006238,3386
2026-06-10T05:00:00+0000,0.006238,0.0062395,0.006238,0.006239,2262
2026-06-10T06:00:00+0000,0.006239,0.00624,0.0062375,0.0062375,3759
2026-06-10T07:00:00+0000,0.0062375,0.0062395,0.006237,0.0062375,2459
2026-06-10T08:00:00+0000,0.0062375,0.0062375,0.0062355,0.006236,2726
2026-06-10T09:00:00+0000,0.006236,0.0062365,0.006233,0.0062355,7686
2026-06-10T10:00:00+0000,0.006235,0.006235,0.006234,0.006234,2933
2026-06-10T11:00:00+0000,0.0062345,0.0062345,0.006231,0.006233,8918
2026-06-10T12:00:00+0000,0.006233,0.00624,0.006227,0.0062355,12648
2026-06-10T13:00:00+0000,0.006236,0.0062395,0.006235,0.0062375,6337
2026-06-10T14:00:00+0000,0.0062375,0.0062385,0.0062335,0.0062335,11431
2026-06-10T15:00:00+0000,0.0062335,0.0062355,0.0062315,0.006234,9417
2026-06-10T16:00:00+0000,0.0062345,0.006235,0.006233,0.0062335,3582
2026-06-10T17:00:00+0000,0.006234,0.0062345,0.006231,0.006233,4292
2026-06-10T18:00:00+0000,0.006233,0.0062345,0.006233,0.0062335,4166
2026-06-10T19:00:00+0000,0.006233,0.0062335,0.0062315,0.006232,1577
2026-06-10T20:00:00+0000,0.0062315,0.006232,0.0062295,0.006231,1511
2026-06-10T22:00:00+0000,0.0062305,0.006231,0.006229,0.0062295,1579
2026-06-10T23:00:00+0000,0.00623,0.006231,0.0062285,0.0062305,4602
2026-06-11T00:00:00+0000,0.0062305,0.006232,0.0062295,0.006231,4899
2026-06-11T01:00:00+0000,0.006231,0.0062345,0.0062295,0.006232,2705
2026-06-11T02:00:00+0000,0.006232,0.0062325,0.0062305,0.006231,1460
2026-06-11T03:00:00+0000,0.006231,0.006231,0.00623,0.006231,885
2026-06-11T04:00:00+0000,0.006231,0.006232,0.00623,0.0062315,875
2026-06-11T05:00:00+0000,0.0062315,0.006232,0.0062295,0.0062295,1905
2026-06-11T06:00:00+0000,0.0062295,0.00623,0.006228,0.0062295,3376
2026-06-11T07:00:00+0000,0.0062295,0.006232,0.0062295,0.0062315,3480
2026-06-11T08:00:00+0000,0.006231,0.006232,0.00623,0.0062305,2031
2026-06-11T09:00:00+0000,0.00623,0.006231,0.006229,0.0062305,1946
2026-06-11T10:00:00+0000,0.0062305,0.006231,0.0062295,0.0062305,1552
2026-06-11T11:00:00+0000,0.0062305,0.006231,0.00623,0.0062305,2795
2026-06-11T12:00:00+0000,0.0062305,0.0062325,0.0062275,0.0062305,9217
2026-06-11T13:00:00+0000,0.0062305,0.0062335,0.006229,0.0062325,6765
2026-06-11T14:00:00+0000,0.0062325,0.0062325,0.0062295,0.0062315,5959
2026-06-11T15:00:00+0000,0.006231,0.006233,0.006231,0.0062315,6764
2026-06-11T16:00:00+0000,0.0062315,0.0062315,0.006229,0.0062305,3335
2026-06-11T17:00:00+0000,0.0062305,0.00625,0.00623,0.0062465,17220
2026-06-11T18:00:00+0000,0.0062465,0.0062535,0.0062395,0.006248,9159
2026-06-11T19:00:00+0000,0.006248,0.006269,0.006248,0.0062595,12813
2026-06-11T20:00:00+0000,0.0062595,0.0062615,0.006252,0.0062525,4125
2026-06-11T22:00:00+0000,0.006252,0.0062525,0.0062465,0.006249,734
2026-06-11T23:00:00+0000,0.006249,0.0062515,0.0062445,0.006245,584
2026-06-12T00:00:00+0000,0.006245,0.006245,0.006242,0.0062435,601
2026-06-12T01:00:00+0000,0.0062435,0.0062445,0.00624,0.00624,379
2026-06-12T02:00:00+0000,0.0062395,0.0062405,0.0062385,0.0062385,945
2026-06-12T03:00:00+0000,0.0062385,0.0062415,0.0062385,0.006241,191
2026-06-12T04:00:00+0000,0.00624,0.006242,0.00624,0.0062405,99
2026-06-12T05:00:00+0000,0.00624,0.0062405,0.006237,0.006237,277
2026-06-12T06:00:00+0000,0.0062365,0.0062405,0.0062365,0.006238,511
2026-06-12T07:00:00+0000,0.0062365,0.00624,0.006236,0.00624,241
2026-06-12T08:00:00+0000,0.0062395,0.0062515,0.0062395,0.0062465,866
2026-06-12T09:00:00+0000,0.006247,0.006252,0.0062465,0.006248,546
2026-06-12T10:00:00+0000,0.0062475,0.0062485,0.006243,0.0062465,404
2026-06-12T11:00:00+0000,0.006246,0.006246,0.006243,0.006244,248
2026-06-12T12:00:00+0000,0.0062435,0.0062435,0.0062385,0.0062405,1352
2026-06-12T13:00:00+0000,0.00624,0.006243,0.006237,0.00624,634
2026-06-12T14:00:00+0000,0.00624,0.006244,0.006239,0.0062415,425
2026-06-12T15:00:00+0000,0.0062415,0.006244,0.0062405,0.0062405,709
2026-06-12T16:00:00+0000,0.0062405,0.0062435,0.006239,0.0062415,2696
2026-06-12T17:00:00+0000,0.0062415,0.0062435,0.0062415,0.0062425,394
2026-06-12T18:00:00+0000,0.0062425,0.006243,0.006241,0.006242,628
2026-06-12T19:00:00+0000,0.006241,0.0062425,0.0062405,0.0062425,161
2026-06-12T20:00:00+0000,0.006243,0.006243,0.006241,0.0062425,289
2026-06-14T22:00:00+0000,0.006259,0.00626,0.0062525,0.0062535,180
2026-06-14T23:00:00+0000,0.006253,0.006253,0.006251,0.006252,130
2026-06-15T00:00:00+0000,0.006253,0.0062545,0.006245,0.006245,270
2026-06-15T01:00:00+0000,0.006246,0.006246,0.006242,0.006242,12
2026-06-15T02:00:00+0000,0.006242,0.006244,0.0062415,0.006244,25
2026-06-15T03:00:00+0000,0.0062455,0.006246,0.0062455,0.006246,7
2026-06-15T04:00:00+0000,0.0062465,0.006249,0.0062465,0.006249,3
2026-06-15T05:00:00+0000,0.006249,0.0062495,0.006249,0.0062495,7
2026-06-15T06:00:00+0000,0.0062475,0.0062475,0.0062455,0.0062455,11
2026-06-15T07:00:00+0000,0.0062465,0.006248,0.0062455,0.0062455,29
2026-06-15T08:00:00+0000,0.006245,0.0062465,0.006244,0.006244,30
2026-06-15T09:00:00+0000,0.0062445,0.006245,0.006244,0.006244,18
2026-06-15T10:00:00+0000,0.0062445,0.006246,0.0062445,0.006245,6
2026-06-15T11:00:00+0000,0.0062435,0.006244,0.0062435,0.006244,13
2026-06-15T12:00:00+0000,0.0062435,0.006245,0.006243,0.006244,70
2026-06-15T13:00:00+0000,0.006244,0.0062465,0.0062435,0.006246,181
2026-06-15T14:00:00+0000,0.0062465,0.0062485,0.0062465,0.0062485,5
